# WaveFront *.obj file (generated by CINEMA 4D)

g objects_dwg Face_2
usemtl stal_asne
v 21.425 186.708337 11.428577
v 21.460714 186.708337 12.196436
v 21.460714 3.315476 12.196436
v 21.425 186.708337 11.428577
v 21.460714 3.315476 12.196436
v 21.425 3.315476 11.428577
v 21.425 186.708337 11.428577
v 21.460714 3.315476 12.196436
v 21.425 186.708337 11.428577
v -5.866669 186.708337 11.434528
v -5.825 186.708337 12.208337
v 21.425 186.708337 11.428577
v -5.825 186.708337 12.208337
v 21.460714 186.708337 12.196436
v 21.425 186.708337 11.428577
v -5.825 186.708337 12.208337
v -60.098816 186.708337 -23.791663
v -57.836908 186.708337 -18.440472
v -57.146429 186.708337 -18.785712
v -60.098816 186.708337 -23.791663
v -57.146429 186.708337 -18.785712
v -59.366669 186.708337 -24.065472
v -60.098816 186.708337 -23.791663
v -57.146429 186.708337 -18.785712
v -57.836908 186.708337 -18.440472
v -55.015479 186.708337 -13.363092
v -54.366669 186.708337 -13.761902
v -57.836908 186.708337 -18.440472
v -54.366669 186.708337 -13.761902
v -57.146429 186.708337 -18.785712
v -57.836908 186.708337 -18.440472
v -54.366669 186.708337 -13.761902
v -55.015479 186.708337 -13.363092
v -51.676196 186.708337 -8.60119
v -51.075006 186.708337 -9.083331
v -55.015479 186.708337 -13.363092
v -51.075006 186.708337 -9.083331
v -54.366669 186.708337 -13.761902
v -55.015479 186.708337 -13.363092
v -51.075006 186.708337 -9.083331
v -51.676196 186.708337 -8.60119
v -47.854767 186.708337 -4.232141
v -47.295239 186.708337 -4.761902
v -51.676196 186.708337 -8.60119
v -47.295239 186.708337 -4.761902
v -51.075006 186.708337 -9.083331
v -51.676196 186.708337 -8.60119
v -47.295239 186.708337 -4.761902
v -47.854767 186.708337 -4.232141
v -43.586908 186.708337 -0.285712
v -43.086908 186.708337 -0.880951
v -47.854767 186.708337 -4.232141
v -43.086908 186.708337 -0.880951
v -47.295239 186.708337 -4.761902
v -47.854767 186.708337 -4.232141
v -43.086908 186.708337 -0.880951
v -43.586908 186.708337 -0.285712
v -38.914288 186.708337 3.178577
v -38.485718 186.708337 2.535718
v -43.586908 186.708337 -0.285712
v -38.485718 186.708337 2.535718
v -43.086908 186.708337 -0.880951
v -43.586908 186.708337 -0.285712
v -38.485718 186.708337 2.535718
v -38.914288 186.708337 3.178577
v -33.908337 186.708337 6.125006
v -33.557147 186.708337 5.446429
v -38.914288 186.708337 3.178577
v -33.557147 186.708337 5.446429
v -38.485718 186.708337 2.535718
v -38.914288 186.708337 3.178577
v -33.557147 186.708337 5.446429
v -33.908337 186.708337 6.125006
v -28.616669 186.708337 8.529767
v -28.336908 186.708337 7.815479
v -33.908337 186.708337 6.125006
v -28.336908 186.708337 7.815479
v -33.557147 186.708337 5.446429
v -33.908337 186.708337 6.125006
v -28.336908 186.708337 7.815479
v -28.616669 186.708337 8.529767
v -23.098813 186.708337 10.357147
v -22.896429 186.708337 9.619049
v -28.616669 186.708337 8.529767
v -22.896429 186.708337 9.619049
v -28.336908 186.708337 7.815479
v -28.616669 186.708337 8.529767
v -22.896429 186.708337 9.619049
v -23.098813 186.708337 10.357147
v -17.414288 186.708337 11.589288
v -17.295239 186.708337 10.827386
v -23.098813 186.708337 10.357147
v -17.295239 186.708337 10.827386
v -22.896429 186.708337 9.619049
v -23.098813 186.708337 10.357147
v -17.295239 186.708337 10.827386
v -17.414288 186.708337 11.589288
v -11.634525 186.708337 12.208337
v -11.59881 186.708337 11.434528
v -17.414288 186.708337 11.589288
v -11.59881 186.708337 11.434528
v -17.295239 186.708337 10.827386
v -17.414288 186.708337 11.589288
v -11.59881 186.708337 11.434528
v -11.634525 186.708337 12.208337
v -5.825 186.708337 12.208337
v -5.866669 186.708337 11.434528
v -11.634525 186.708337 12.208337
v -5.866669 186.708337 11.434528
v -11.59881 186.708337 11.434528
v -11.634525 186.708337 12.208337
v -5.866669 186.708337 11.434528
v -61.848816 185.869055 -71.333333
v -61.777386 185.869055 -40.904761
v -64.086908 185.869055 -40.845236
v -61.848816 185.869055 -71.333333
v -64.086908 185.869055 -40.845236
v -64.158337 185.869055 -71.261905
v -61.848816 185.869055 -71.333333
v -64.086908 185.869055 -40.845236
v -64.158337 185.869055 -71.261905
v -64.086908 185.869055 -40.845236
v -64.086908 186.255957 -40.845236
v -64.158337 185.869055 -71.261905
v -64.086908 186.255957 -40.845236
v -64.158337 186.255957 -71.261905
v -64.158337 185.869055 -71.261905
v -64.086908 186.255957 -40.845236
v -64.158337 186.255957 -71.261905
v -64.086908 186.255957 -40.845236
v -64.086908 189.875012 -40.845236
v -64.158337 186.255957 -71.261905
v -64.086908 189.875012 -40.845236
v -64.158337 189.875012 -71.261905
v -64.158337 186.255957 -71.261905
v -64.086908 189.875012 -40.845236
v -64.158337 189.875012 -71.261905
v -64.086908 189.875012 -40.845236
v -61.777386 189.875012 -40.904761
v -64.158337 189.875012 -71.261905
v -61.777386 189.875012 -40.904761
v -61.848816 189.875012 -71.333333
v -64.158337 189.875012 -71.261905
v -61.777386 189.875012 -40.904761
v -61.848816 189.875012 -71.333333
v -61.777386 189.875012 -40.904761
v -61.777386 186.297632 -40.904761
v -61.848816 189.875012 -71.333333
v -61.777386 186.297632 -40.904761
v -61.848816 188.095251 -71.333333
v -61.848816 189.875012 -71.333333
v -61.777386 186.297632 -40.904761
v -61.848816 188.095251 -71.333333
v -61.777386 186.297632 -40.904761
v -61.777386 185.869055 -40.904761
v -61.848816 188.095251 -71.333333
v -61.777386 185.869055 -40.904761
v -61.848816 185.869055 -71.333333
v -61.848816 188.095251 -71.333333
v -61.777386 185.869055 -40.904761
v 21.383333 188.095251 10.654767
v -5.908334 188.095251 10.666669
v -5.908334 189.875012 10.666669
v 21.383333 188.095251 10.654767
v -5.908334 189.875012 10.666669
v 21.383333 189.875012 10.654767
v 21.383333 188.095251 10.654767
v -5.908334 189.875012 10.666669
v 21.383333 189.875012 10.654767
v -5.908334 189.875012 10.666669
v -5.789288 189.875012 12.976196
v 21.383333 189.875012 10.654767
v -5.789288 189.875012 12.976196
v 21.502381 189.875012 12.964288
v 21.383333 189.875012 10.654767
v -5.789288 189.875012 12.976196
v 21.502381 189.875012 12.964288
v -5.789288 189.875012 12.976196
v -5.789288 186.255957 12.976196
v 21.502381 189.875012 12.964288
v -5.789288 186.255957 12.976196
v 21.502381 186.255957 12.964288
v 21.502381 189.875012 12.964288
v -5.789288 186.255957 12.976196
v 21.502381 186.255957 12.964288
v -5.789288 186.255957 12.976196
v -5.789288 185.869055 12.976196
v 21.502381 186.255957 12.964288
v -5.789288 185.869055 12.976196
v 21.502381 185.869055 12.964288
v 21.502381 186.255957 12.964288
v -5.789288 185.869055 12.976196
v 21.502381 185.869055 12.964288
v -5.789288 185.869055 12.976196
v -5.908334 185.869055 10.666669
v 21.502381 185.869055 12.964288
v -5.908334 185.869055 10.666669
v 21.383333 185.869055 10.654767
v 21.502381 185.869055 12.964288
v -5.908334 185.869055 10.666669
v 21.383333 185.869055 10.654767
v -5.908334 185.869055 10.666669
v -5.908334 188.095251 10.666669
v 21.383333 185.869055 10.654767
v -5.908334 188.095251 10.666669
v 21.383333 188.095251 10.654767
v 21.383333 185.869055 10.654767
v -5.908334 188.095251 10.666669
v -61.848816 188.095251 -71.333333
v -64.158337 189.875012 -71.261905
v -61.848816 189.875012 -71.333333
v -61.848816 188.095251 -71.333333
v -61.848816 188.095251 -71.333333
v -61.848816 185.869055 -71.333333
v -64.158337 189.875012 -71.261905
v -61.848816 188.095251 -71.333333
v -61.848816 185.869055 -71.333333
v -64.158337 186.255957 -71.261905
v -64.158337 189.875012 -71.261905
v -61.848816 185.869055 -71.333333
v -61.848816 185.869055 -71.333333
v -64.158337 185.869055 -71.261905
v -64.158337 186.255957 -71.261905
v -61.848816 185.869055 -71.333333
v 21.383333 185.869055 10.654767
v 21.502381 186.255957 12.964288
v 21.502381 185.869055 12.964288
v 21.383333 185.869055 10.654767
v 21.383333 185.869055 10.654767
v 21.383333 188.095251 10.654767
v 21.502381 186.255957 12.964288
v 21.383333 185.869055 10.654767
v 21.383333 188.095251 10.654767
v 21.383333 189.875012 10.654767
v 21.502381 186.255957 12.964288
v 21.383333 188.095251 10.654767
v 21.383333 189.875012 10.654767
v 21.502381 189.875012 12.964288
v 21.502381 186.255957 12.964288
v 21.383333 189.875012 10.654767
v -61.777386 185.869055 -40.904761
v -61.325006 185.869055 -35.273807
v -63.616669 185.869055 -34.970236
v -61.777386 185.869055 -40.904761
v -63.616669 185.869055 -34.970236
v -64.086908 185.869055 -40.845236
v -61.777386 185.869055 -40.904761
v -63.616669 185.869055 -34.970236
v -64.086908 185.869055 -40.845236
v -63.616669 185.869055 -34.970236
v -63.616669 186.255957 -34.970236
v -64.086908 185.869055 -40.845236
v -63.616669 186.255957 -34.970236
v -64.086908 186.255957 -40.845236
v -64.086908 185.869055 -40.845236
v -63.616669 186.255957 -34.970236
v -64.086908 186.255957 -40.845236
v -63.616669 186.255957 -34.970236
v -63.616669 189.875012 -34.970236
v -64.086908 186.255957 -40.845236
v -63.616669 189.875012 -34.970236
v -64.086908 189.875012 -40.845236
v -64.086908 186.255957 -40.845236
v -63.616669 189.875012 -34.970236
v -64.086908 189.875012 -40.845236
v -63.616669 189.875012 -34.970236
v -61.325006 189.875012 -35.273807
v -64.086908 189.875012 -40.845236
v -61.325006 189.875012 -35.273807
v -61.777386 189.875012 -40.904761
v -64.086908 189.875012 -40.845236
v -61.325006 189.875012 -35.273807
v -61.777386 189.875012 -40.904761
v -61.325006 189.875012 -35.273807
v -61.325006 186.297632 -35.273807
v -61.777386 189.875012 -40.904761
v -61.325006 186.297632 -35.273807
v -61.777386 186.297632 -40.904761
v -61.777386 189.875012 -40.904761
v -61.325006 186.297632 -35.273807
v -61.777386 186.297632 -40.904761
v -61.325006 186.297632 -35.273807
v -61.325006 185.869055 -35.273807
v -61.777386 186.297632 -40.904761
v -61.325006 185.869055 -35.273807
v -61.777386 185.869055 -40.904761
v -61.777386 186.297632 -40.904761
v -61.325006 185.869055 -35.273807
v -61.325006 185.869055 -35.273807
v -60.277386 185.869055 -29.720236
v -62.527386 185.869055 -29.184521
v -61.325006 185.869055 -35.273807
v -62.527386 185.869055 -29.184521
v -63.616669 185.869055 -34.970236
v -61.325006 185.869055 -35.273807
v -62.527386 185.869055 -29.184521
v -63.616669 185.869055 -34.970236
v -62.527386 185.869055 -29.184521
v -62.527386 186.255957 -29.184521
v -63.616669 185.869055 -34.970236
v -62.527386 186.255957 -29.184521
v -63.616669 186.255957 -34.970236
v -63.616669 185.869055 -34.970236
v -62.527386 186.255957 -29.184521
v -63.616669 186.255957 -34.970236
v -62.527386 186.255957 -29.184521
v -62.527386 189.875012 -29.184521
v -63.616669 186.255957 -34.970236
v -62.527386 189.875012 -29.184521
v -63.616669 189.875012 -34.970236
v -63.616669 186.255957 -34.970236
v -62.527386 189.875012 -29.184521
v -63.616669 189.875012 -34.970236
v -62.527386 189.875012 -29.184521
v -60.277386 189.875012 -29.720236
v -63.616669 189.875012 -34.970236
v -60.277386 189.875012 -29.720236
v -61.325006 189.875012 -35.273807
v -63.616669 189.875012 -34.970236
v -60.277386 189.875012 -29.720236
v -61.325006 189.875012 -35.273807
v -60.277386 189.875012 -29.720236
v -60.277386 186.297632 -29.720236
v -61.325006 189.875012 -35.273807
v -60.277386 186.297632 -29.720236
v -61.325006 186.297632 -35.273807
v -61.325006 189.875012 -35.273807
v -60.277386 186.297632 -29.720236
v -61.325006 186.297632 -35.273807
v -60.277386 186.297632 -29.720236
v -60.277386 185.869055 -29.720236
v -61.325006 186.297632 -35.273807
v -60.277386 185.869055 -29.720236
v -61.325006 185.869055 -35.273807
v -61.325006 186.297632 -35.273807
v -60.277386 185.869055 -29.720236
v -60.277386 185.869055 -29.720236
v -58.646429 185.869055 -24.321423
v -60.819049 185.869055 -23.535712
v -60.277386 185.869055 -29.720236
v -60.819049 185.869055 -23.535712
v -62.527386 185.869055 -29.184521
v -60.277386 185.869055 -29.720236
v -60.819049 185.869055 -23.535712
v -62.527386 185.869055 -29.184521
v -60.819049 185.869055 -23.535712
v -60.819049 186.255957 -23.535712
v -62.527386 185.869055 -29.184521
v -60.819049 186.255957 -23.535712
v -62.527386 186.255957 -29.184521
v -62.527386 185.869055 -29.184521
v -60.819049 186.255957 -23.535712
v -62.527386 186.255957 -29.184521
v -60.819049 186.255957 -23.535712
v -60.819049 189.875012 -23.535712
v -62.527386 186.255957 -29.184521
v -60.819049 189.875012 -23.535712
v -62.527386 189.875012 -29.184521
v -62.527386 186.255957 -29.184521
v -60.819049 189.875012 -23.535712
v -62.527386 189.875012 -29.184521
v -60.819049 189.875012 -23.535712
v -58.646429 189.875012 -24.321423
v -62.527386 189.875012 -29.184521
v -58.646429 189.875012 -24.321423
v -60.277386 189.875012 -29.720236
v -62.527386 189.875012 -29.184521
v -58.646429 189.875012 -24.321423
v -60.277386 189.875012 -29.720236
v -58.646429 189.875012 -24.321423
v -58.646429 186.297632 -24.321423
v -60.277386 189.875012 -29.720236
v -58.646429 186.297632 -24.321423
v -60.277386 186.297632 -29.720236
v -60.277386 189.875012 -29.720236
v -58.646429 186.297632 -24.321423
v -60.277386 186.297632 -29.720236
v -58.646429 186.297632 -24.321423
v -58.646429 185.869055 -24.321423
v -60.277386 186.297632 -29.720236
v -58.646429 185.869055 -24.321423
v -60.277386 185.869055 -29.720236
v -60.277386 186.297632 -29.720236
v -58.646429 185.869055 -24.321423
v -58.646429 185.869055 -24.321423
v -56.444049 185.869055 -19.113092
v -58.527386 185.869055 -18.10119
v -58.646429 185.869055 -24.321423
v -58.527386 185.869055 -18.10119
v -60.819049 185.869055 -23.535712
v -58.646429 185.869055 -24.321423
v -58.527386 185.869055 -18.10119
v -60.819049 185.869055 -23.535712
v -58.527386 185.869055 -18.10119
v -58.527386 186.255957 -18.10119
v -60.819049 185.869055 -23.535712
v -58.527386 186.255957 -18.10119
v -60.819049 186.255957 -23.535712
v -60.819049 185.869055 -23.535712
v -58.527386 186.255957 -18.10119
v -60.819049 186.255957 -23.535712
v -58.527386 186.255957 -18.10119
v -58.527386 189.875012 -18.10119
v -60.819049 186.255957 -23.535712
v -58.527386 189.875012 -18.10119
v -60.819049 189.875012 -23.535712
v -60.819049 186.255957 -23.535712
v -58.527386 189.875012 -18.10119
v -60.819049 189.875012 -23.535712
v -58.527386 189.875012 -18.10119
v -56.444049 189.875012 -19.113092
v -60.819049 189.875012 -23.535712
v -56.444049 189.875012 -19.113092
v -58.646429 189.875012 -24.321423
v -60.819049 189.875012 -23.535712
v -56.444049 189.875012 -19.113092
v -58.646429 189.875012 -24.321423
v -56.444049 189.875012 -19.113092
v -56.444049 186.297632 -19.113092
v -58.646429 189.875012 -24.321423
v -56.444049 186.297632 -19.113092
v -58.646429 186.297632 -24.321423
v -58.646429 189.875012 -24.321423
v -56.444049 186.297632 -19.113092
v -58.646429 186.297632 -24.321423
v -56.444049 186.297632 -19.113092
v -56.444049 185.869055 -19.113092
v -58.646429 186.297632 -24.321423
v -56.444049 185.869055 -19.113092
v -58.646429 185.869055 -24.321423
v -58.646429 186.297632 -24.321423
v -56.444049 185.869055 -19.113092
v -56.444049 185.869055 -19.113092
v -53.717859 185.869055 -14.172614
v -55.676196 185.869055 -12.95238
v -56.444049 185.869055 -19.113092
v -55.676196 185.869055 -12.95238
v -58.527386 185.869055 -18.10119
v -56.444049 185.869055 -19.113092
v -55.676196 185.869055 -12.95238
v -58.527386 185.869055 -18.10119
v -55.676196 185.869055 -12.95238
v -55.676196 186.255957 -12.95238
v -58.527386 185.869055 -18.10119
v -55.676196 186.255957 -12.95238
v -58.527386 186.255957 -18.10119
v -58.527386 185.869055 -18.10119
v -55.676196 186.255957 -12.95238
v -58.527386 186.255957 -18.10119
v -55.676196 186.255957 -12.95238
v -55.676196 189.875012 -12.95238
v -58.527386 186.255957 -18.10119
v -55.676196 189.875012 -12.95238
v -58.527386 189.875012 -18.10119
v -58.527386 186.255957 -18.10119
v -55.676196 189.875012 -12.95238
v -58.527386 189.875012 -18.10119
v -55.676196 189.875012 -12.95238
v -53.717859 189.875012 -14.172614
v -58.527386 189.875012 -18.10119
v -53.717859 189.875012 -14.172614
v -56.444049 189.875012 -19.113092
v -58.527386 189.875012 -18.10119
v -53.717859 189.875012 -14.172614
v -56.444049 189.875012 -19.113092
v -53.717859 189.875012 -14.172614
v -53.717859 186.297632 -14.172614
v -56.444049 189.875012 -19.113092
v -53.717859 186.297632 -14.172614
v -56.444049 186.297632 -19.113092
v -56.444049 189.875012 -19.113092
v -53.717859 186.297632 -14.172614
v -56.444049 186.297632 -19.113092
v -53.717859 186.297632 -14.172614
v -53.717859 185.869055 -14.172614
v -56.444049 186.297632 -19.113092
v -53.717859 185.869055 -14.172614
v -56.444049 185.869055 -19.113092
v -56.444049 186.297632 -19.113092
v -53.717859 185.869055 -14.172614
v -53.717859 185.869055 -14.172614
v -50.467859 185.869055 -9.553571
v -52.289288 185.869055 -8.124994
v -53.717859 185.869055 -14.172614
v -52.289288 185.869055 -8.124994
v -55.676196 185.869055 -12.95238
v -53.717859 185.869055 -14.172614
v -52.289288 185.869055 -8.124994
v -55.676196 185.869055 -12.95238
v -52.289288 185.869055 -8.124994
v -52.289288 186.255957 -8.124994
v -55.676196 185.869055 -12.95238
v -52.289288 186.255957 -8.124994
v -55.676196 186.255957 -12.95238
v -55.676196 185.869055 -12.95238
v -52.289288 186.255957 -8.124994
v -55.676196 186.255957 -12.95238
v -52.289288 186.255957 -8.124994
v -52.289288 189.875012 -8.124994
v -55.676196 186.255957 -12.95238
v -52.289288 189.875012 -8.124994
v -55.676196 189.875012 -12.95238
v -55.676196 186.255957 -12.95238
v -52.289288 189.875012 -8.124994
v -55.676196 189.875012 -12.95238
v -52.289288 189.875012 -8.124994
v -50.467859 189.875012 -9.553571
v -55.676196 189.875012 -12.95238
v -50.467859 189.875012 -9.553571
v -53.717859 189.875012 -14.172614
v -55.676196 189.875012 -12.95238
v -50.467859 189.875012 -9.553571
v -53.717859 189.875012 -14.172614
v -50.467859 189.875012 -9.553571
v -50.467859 186.297632 -9.553571
v -53.717859 189.875012 -14.172614
v -50.467859 186.297632 -9.553571
v -53.717859 186.297632 -14.172614
v -53.717859 189.875012 -14.172614
v -50.467859 186.297632 -9.553571
v -53.717859 186.297632 -14.172614
v -50.467859 186.297632 -9.553571
v -50.467859 185.869055 -9.553571
v -53.717859 186.297632 -14.172614
v -50.467859 185.869055 -9.553571
v -53.717859 185.869055 -14.172614
v -53.717859 186.297632 -14.172614
v -50.467859 185.869055 -9.553571
v -50.467859 185.869055 -9.553571
v -46.74762 185.869055 -5.303571
v -48.408337 185.869055 -3.690472
v -50.467859 185.869055 -9.553571
v -48.408337 185.869055 -3.690472
v -52.289288 185.869055 -8.124994
v -50.467859 185.869055 -9.553571
v -48.408337 185.869055 -3.690472
v -52.289288 185.869055 -8.124994
v -48.408337 185.869055 -3.690472
v -48.408337 186.255957 -3.690472
v -52.289288 185.869055 -8.124994
v -48.408337 186.255957 -3.690472
v -52.289288 186.255957 -8.124994
v -52.289288 185.869055 -8.124994
v -48.408337 186.255957 -3.690472
v -52.289288 186.255957 -8.124994
v -48.408337 186.255957 -3.690472
v -48.408337 189.875012 -3.690472
v -52.289288 186.255957 -8.124994
v -48.408337 189.875012 -3.690472
v -52.289288 189.875012 -8.124994
v -52.289288 186.255957 -8.124994
v -48.408337 189.875012 -3.690472
v -52.289288 189.875012 -8.124994
v -48.408337 189.875012 -3.690472
v -46.74762 189.875012 -5.303571
v -52.289288 189.875012 -8.124994
v -46.74762 189.875012 -5.303571
v -50.467859 189.875012 -9.553571
v -52.289288 189.875012 -8.124994
v -46.74762 189.875012 -5.303571
v -50.467859 189.875012 -9.553571
v -46.74762 189.875012 -5.303571
v -46.74762 186.297632 -5.303571
v -50.467859 189.875012 -9.553571
v -46.74762 186.297632 -5.303571
v -50.467859 186.297632 -9.553571
v -50.467859 189.875012 -9.553571
v -46.74762 186.297632 -5.303571
v -50.467859 186.297632 -9.553571
v -46.74762 186.297632 -5.303571
v -46.74762 185.869055 -5.303571
v -50.467859 186.297632 -9.553571
v -46.74762 185.869055 -5.303571
v -50.467859 185.869055 -9.553571
v -50.467859 186.297632 -9.553571
v -46.74762 185.869055 -5.303571
v -46.74762 185.869055 -5.303571
v -42.59881 185.869055 -1.470233
v -44.075006 185.869055 0.309528
v -46.74762 185.869055 -5.303571
v -44.075006 185.869055 0.309528
v -48.408337 185.869055 -3.690472
v -46.74762 185.869055 -5.303571
v -44.075006 185.869055 0.309528
v -48.408337 185.869055 -3.690472
v -44.075006 185.869055 0.309528
v -44.075006 186.255957 0.309528
v -48.408337 185.869055 -3.690472
v -44.075006 186.255957 0.309528
v -48.408337 186.255957 -3.690472
v -48.408337 185.869055 -3.690472
v -44.075006 186.255957 0.309528
v -48.408337 186.255957 -3.690472
v -44.075006 186.255957 0.309528
v -44.075006 189.875012 0.309528
v -48.408337 186.255957 -3.690472
v -44.075006 189.875012 0.309528
v -48.408337 189.875012 -3.690472
v -48.408337 186.255957 -3.690472
v -44.075006 189.875012 0.309528
v -48.408337 189.875012 -3.690472
v -44.075006 189.875012 0.309528
v -42.59881 189.875012 -1.470233
v -48.408337 189.875012 -3.690472
v -42.59881 189.875012 -1.470233
v -46.74762 189.875012 -5.303571
v -48.408337 189.875012 -3.690472
v -42.59881 189.875012 -1.470233
v -46.74762 189.875012 -5.303571
v -42.59881 189.875012 -1.470233
v -42.59881 186.297632 -1.470233
v -46.74762 189.875012 -5.303571
v -42.59881 186.297632 -1.470233
v -46.74762 186.297632 -5.303571
v -46.74762 189.875012 -5.303571
v -42.59881 186.297632 -1.470233
v -46.74762 186.297632 -5.303571
v -42.59881 186.297632 -1.470233
v -42.59881 185.869055 -1.470233
v -46.74762 186.297632 -5.303571
v -42.59881 185.869055 -1.470233
v -46.74762 185.869055 -5.303571
v -46.74762 186.297632 -5.303571
v -42.59881 185.869055 -1.470233
v -42.59881 185.869055 -1.470233
v -38.069049 185.869055 1.898816
v -39.34881 185.869055 3.815479
v -42.59881 185.869055 -1.470233
v -39.34881 185.869055 3.815479
v -44.075006 185.869055 0.309528
v -42.59881 185.869055 -1.470233
v -39.34881 185.869055 3.815479
v -44.075006 185.869055 0.309528
v -39.34881 185.869055 3.815479
v -39.34881 186.255957 3.815479
v -44.075006 185.869055 0.309528
v -39.34881 186.255957 3.815479
v -44.075006 186.255957 0.309528
v -44.075006 185.869055 0.309528
v -39.34881 186.255957 3.815479
v -44.075006 186.255957 0.309528
v -39.34881 186.255957 3.815479
v -39.34881 189.875012 3.815479
v -44.075006 186.255957 0.309528
v -39.34881 189.875012 3.815479
v -44.075006 189.875012 0.309528
v -44.075006 186.255957 0.309528
v -39.34881 189.875012 3.815479
v -44.075006 189.875012 0.309528
v -39.34881 189.875012 3.815479
v -38.069049 189.875012 1.898816
v -44.075006 189.875012 0.309528
v -38.069049 189.875012 1.898816
v -42.59881 189.875012 -1.470233
v -44.075006 189.875012 0.309528
v -38.069049 189.875012 1.898816
v -42.59881 189.875012 -1.470233
v -38.069049 189.875012 1.898816
v -38.069049 186.297632 1.898816
v -42.59881 189.875012 -1.470233
v -38.069049 186.297632 1.898816
v -42.59881 186.297632 -1.470233
v -42.59881 189.875012 -1.470233
v -38.069049 186.297632 1.898816
v -42.59881 186.297632 -1.470233
v -38.069049 186.297632 1.898816
v -38.069049 185.869055 1.898816
v -42.59881 186.297632 -1.470233
v -38.069049 185.869055 1.898816
v -42.59881 185.869055 -1.470233
v -42.59881 186.297632 -1.470233
v -38.069049 185.869055 1.898816
v -38.069049 185.869055 1.898816
v -33.194049 185.869055 4.755957
v -34.265479 185.869055 6.815479
v -38.069049 185.869055 1.898816
v -34.265479 185.869055 6.815479
v -39.34881 185.869055 3.815479
v -38.069049 185.869055 1.898816
v -34.265479 185.869055 6.815479
v -39.34881 185.869055 3.815479
v -34.265479 185.869055 6.815479
v -34.265479 186.255957 6.815479
v -39.34881 185.869055 3.815479
v -34.265479 186.255957 6.815479
v -39.34881 186.255957 3.815479
v -39.34881 185.869055 3.815479
v -34.265479 186.255957 6.815479
v -39.34881 186.255957 3.815479
v -34.265479 186.255957 6.815479
v -34.265479 189.875012 6.815479
v -39.34881 186.255957 3.815479
v -34.265479 189.875012 6.815479
v -39.34881 189.875012 3.815479
v -39.34881 186.255957 3.815479
v -34.265479 189.875012 6.815479
v -39.34881 189.875012 3.815479
v -34.265479 189.875012 6.815479
v -33.194049 189.875012 4.755957
v -39.34881 189.875012 3.815479
v -33.194049 189.875012 4.755957
v -38.069049 189.875012 1.898816
v -39.34881 189.875012 3.815479
v -33.194049 189.875012 4.755957
v -38.069049 189.875012 1.898816
v -33.194049 189.875012 4.755957
v -33.194049 186.297632 4.755957
v -38.069049 189.875012 1.898816
v -33.194049 186.297632 4.755957
v -38.069049 186.297632 1.898816
v -38.069049 189.875012 1.898816
v -33.194049 186.297632 4.755957
v -38.069049 186.297632 1.898816
v -33.194049 186.297632 4.755957
v -33.194049 185.869055 4.755957
v -38.069049 186.297632 1.898816
v -33.194049 185.869055 4.755957
v -38.069049 185.869055 1.898816
v -38.069049 186.297632 1.898816
v -33.194049 185.869055 4.755957
v -33.194049 185.869055 4.755957
v -28.057147 185.869055 7.095239
v -28.896429 185.869055 9.244049
v -33.194049 185.869055 4.755957
v -28.896429 185.869055 9.244049
v -34.265479 185.869055 6.815479
v -33.194049 185.869055 4.755957
v -28.896429 185.869055 9.244049
v -34.265479 185.869055 6.815479
v -28.896429 185.869055 9.244049
v -28.896429 186.255957 9.244049
v -34.265479 185.869055 6.815479
v -28.896429 186.255957 9.244049
v -34.265479 186.255957 6.815479
v -34.265479 185.869055 6.815479
v -28.896429 186.255957 9.244049
v -34.265479 186.255957 6.815479
v -28.896429 186.255957 9.244049
v -28.896429 189.875012 9.244049
v -34.265479 186.255957 6.815479
v -28.896429 189.875012 9.244049
v -34.265479 189.875012 6.815479
v -34.265479 186.255957 6.815479
v -28.896429 189.875012 9.244049
v -34.265479 189.875012 6.815479
v -28.896429 189.875012 9.244049
v -28.057147 189.875012 7.095239
v -34.265479 189.875012 6.815479
v -28.057147 189.875012 7.095239
v -33.194049 189.875012 4.755957
v -34.265479 189.875012 6.815479
v -28.057147 189.875012 7.095239
v -33.194049 189.875012 4.755957
v -28.057147 189.875012 7.095239
v -28.057147 186.297632 7.095239
v -33.194049 189.875012 4.755957
v -28.057147 186.297632 7.095239
v -33.194049 186.297632 4.755957
v -33.194049 189.875012 4.755957
v -28.057147 186.297632 7.095239
v -33.194049 186.297632 4.755957
v -28.057147 186.297632 7.095239
v -28.057147 185.869055 7.095239
v -33.194049 186.297632 4.755957
v -28.057147 185.869055 7.095239
v -33.194049 185.869055 4.755957
v -33.194049 186.297632 4.755957
v -28.057147 185.869055 7.095239
v -28.057147 185.869055 7.095239
v -22.694049 185.869055 8.869049
v -23.307144 185.869055 11.095239
v -28.057147 185.869055 7.095239
v -23.307144 185.869055 11.095239
v -28.896429 185.869055 9.244049
v -28.057147 185.869055 7.095239
v -23.307144 185.869055 11.095239
v -28.896429 185.869055 9.244049
v -23.307144 185.869055 11.095239
v -23.307144 186.255957 11.095239
v -28.896429 185.869055 9.244049
v -23.307144 186.255957 11.095239
v -28.896429 186.255957 9.244049
v -28.896429 185.869055 9.244049
v -23.307144 186.255957 11.095239
v -28.896429 186.255957 9.244049
v -23.307144 186.255957 11.095239
v -23.307144 189.875012 11.095239
v -28.896429 186.255957 9.244049
v -23.307144 189.875012 11.095239
v -28.896429 189.875012 9.244049
v -28.896429 186.255957 9.244049
v -23.307144 189.875012 11.095239
v -28.896429 189.875012 9.244049
v -23.307144 189.875012 11.095239
v -22.694049 189.875012 8.869049
v -28.896429 189.875012 9.244049
v -22.694049 189.875012 8.869049
v -28.057147 189.875012 7.095239
v -28.896429 189.875012 9.244049
v -22.694049 189.875012 8.869049
v -28.057147 189.875012 7.095239
v -22.694049 189.875012 8.869049
v -22.694049 186.297632 8.869049
v -28.057147 189.875012 7.095239
v -22.694049 186.297632 8.869049
v -28.057147 186.297632 7.095239
v -28.057147 189.875012 7.095239
v -22.694049 186.297632 8.869049
v -28.057147 186.297632 7.095239
v -22.694049 186.297632 8.869049
v -22.694049 185.869055 8.869049
v -28.057147 186.297632 7.095239
v -22.694049 185.869055 8.869049
v -28.057147 185.869055 7.095239
v -28.057147 186.297632 7.095239
v -22.694049 185.869055 8.869049
v -22.694049 185.869055 8.869049
v -17.176193 185.869055 10.065479
v -17.539288 185.869055 12.345239
v -22.694049 185.869055 8.869049
v -17.539288 185.869055 12.345239
v -23.307144 185.869055 11.095239
v -22.694049 185.869055 8.869049
v -17.539288 185.869055 12.345239
v -23.307144 185.869055 11.095239
v -17.539288 185.869055 12.345239
v -17.539288 186.255957 12.345239
v -23.307144 185.869055 11.095239
v -17.539288 186.255957 12.345239
v -23.307144 186.255957 11.095239
v -23.307144 185.869055 11.095239
v -17.539288 186.255957 12.345239
v -23.307144 186.255957 11.095239
v -17.539288 186.255957 12.345239
v -17.539288 189.875012 12.345239
v -23.307144 186.255957 11.095239
v -17.539288 189.875012 12.345239
v -23.307144 189.875012 11.095239
v -23.307144 186.255957 11.095239
v -17.539288 189.875012 12.345239
v -23.307144 189.875012 11.095239
v -17.539288 189.875012 12.345239
v -17.176193 189.875012 10.065479
v -23.307144 189.875012 11.095239
v -17.176193 189.875012 10.065479
v -22.694049 189.875012 8.869049
v -23.307144 189.875012 11.095239
v -17.176193 189.875012 10.065479
v -22.694049 189.875012 8.869049
v -17.176193 189.875012 10.065479
v -17.176193 186.297632 10.065479
v -22.694049 189.875012 8.869049
v -17.176193 186.297632 10.065479
v -22.694049 186.297632 8.869049
v -22.694049 189.875012 8.869049
v -17.176193 186.297632 10.065479
v -22.694049 186.297632 8.869049
v -17.176193 186.297632 10.065479
v -17.176193 185.869055 10.065479
v -22.694049 186.297632 8.869049
v -17.176193 185.869055 10.065479
v -22.694049 185.869055 8.869049
v -22.694049 186.297632 8.869049
v -17.176193 185.869055 10.065479
v -17.176193 185.869055 10.065479
v -11.557144 185.869055 10.666669
v -11.676193 185.869055 12.976196
v -17.176193 185.869055 10.065479
v -11.676193 185.869055 12.976196
v -17.539288 185.869055 12.345239
v -17.176193 185.869055 10.065479
v -11.676193 185.869055 12.976196
v -17.539288 185.869055 12.345239
v -11.676193 185.869055 12.976196
v -11.676193 186.255957 12.976196
v -17.539288 185.869055 12.345239
v -11.676193 186.255957 12.976196
v -17.539288 186.255957 12.345239
v -17.539288 185.869055 12.345239
v -11.676193 186.255957 12.976196
v -17.539288 186.255957 12.345239
v -11.676193 186.255957 12.976196
v -11.676193 189.875012 12.976196
v -17.539288 186.255957 12.345239
v -11.676193 189.875012 12.976196
v -17.539288 189.875012 12.345239
v -17.539288 186.255957 12.345239
v -11.676193 189.875012 12.976196
v -17.539288 189.875012 12.345239
v -11.676193 189.875012 12.976196
v -11.557144 189.875012 10.666669
v -17.539288 189.875012 12.345239
v -11.557144 189.875012 10.666669
v -17.176193 189.875012 10.065479
v -17.539288 189.875012 12.345239
v -11.557144 189.875012 10.666669
v -17.176193 189.875012 10.065479
v -11.557144 189.875012 10.666669
v -11.557144 186.297632 10.666669
v -17.176193 189.875012 10.065479
v -11.557144 186.297632 10.666669
v -17.176193 186.297632 10.065479
v -17.176193 189.875012 10.065479
v -11.557144 186.297632 10.666669
v -17.176193 186.297632 10.065479
v -11.557144 186.297632 10.666669
v -11.557144 185.869055 10.666669
v -17.176193 186.297632 10.065479
v -11.557144 185.869055 10.666669
v -17.176193 185.869055 10.065479
v -17.176193 186.297632 10.065479
v -11.557144 185.869055 10.666669
v -11.557144 185.869055 10.666669
v -5.908334 185.869055 10.666669
v -5.789288 185.869055 12.976196
v -11.557144 185.869055 10.666669
v -5.789288 185.869055 12.976196
v -11.676193 185.869055 12.976196
v -11.557144 185.869055 10.666669
v -5.789288 185.869055 12.976196
v -11.676193 185.869055 12.976196
v -5.789288 185.869055 12.976196
v -5.789288 186.255957 12.976196
v -11.676193 185.869055 12.976196
v -5.789288 186.255957 12.976196
v -11.676193 186.255957 12.976196
v -11.676193 185.869055 12.976196
v -5.789288 186.255957 12.976196
v -11.676193 189.875012 12.976196
v -11.676193 186.255957 12.976196
v -5.789288 186.255957 12.976196
v -11.676193 189.875012 12.976196
v -5.789288 186.255957 12.976196
v -5.789288 189.875012 12.976196
v -11.676193 189.875012 12.976196
v -5.789288 186.255957 12.976196
v -11.676193 189.875012 12.976196
v -5.789288 189.875012 12.976196
v -5.908334 189.875012 10.666669
v -11.676193 189.875012 12.976196
v -5.908334 189.875012 10.666669
v -11.557144 189.875012 10.666669
v -11.676193 189.875012 12.976196
v -5.908334 189.875012 10.666669
v -11.557144 186.297632 10.666669
v -11.557144 189.875012 10.666669
v -5.908334 189.875012 10.666669
v -11.557144 186.297632 10.666669
v -5.908334 189.875012 10.666669
v -5.908334 188.095251 10.666669
v -11.557144 186.297632 10.666669
v -5.908334 189.875012 10.666669
v -11.557144 186.297632 10.666669
v -5.908334 188.095251 10.666669
v -5.908334 185.869055 10.666669
v -11.557144 186.297632 10.666669
v -5.908334 185.869055 10.666669
v -11.557144 185.869055 10.666669
v -11.557144 186.297632 10.666669
v -5.908334 185.869055 10.666669
v -61.848816 4.005952 -71.333333
v -64.158337 4.005952 -71.261905
v -64.086908 4.005952 -40.845236
v -61.848816 4.005952 -71.333333
v -64.086908 4.005952 -40.845236
v -61.777386 4.005952 -40.904761
v -61.848816 4.005952 -71.333333
v -64.086908 4.005952 -40.845236
v -64.158337 4.005952 -71.261905
v -64.158337 3.619048 -71.261905
v -64.086908 3.619048 -40.845236
v -64.158337 4.005952 -71.261905
v -64.086908 3.619048 -40.845236
v -64.086908 4.005952 -40.845236
v -64.158337 4.005952 -71.261905
v -64.086908 3.619048 -40.845236
v -64.158337 3.619048 -71.261905
v -64.158337 0 -71.261905
v -64.086908 0 -40.845236
v -64.158337 3.619048 -71.261905
v -64.086908 0 -40.845236
v -64.086908 3.619048 -40.845236
v -64.158337 3.619048 -71.261905
v -64.086908 0 -40.845236
v -64.158337 0 -71.261905
v -61.848816 0 -71.333333
v -61.777386 0 -40.904761
v -64.158337 0 -71.261905
v -61.777386 0 -40.904761
v -64.086908 0 -40.845236
v -64.158337 0 -71.261905
v -61.777386 0 -40.904761
v -61.848816 0 -71.333333
v -61.848816 1.779762 -71.333333
v -61.777386 3.577381 -40.904761
v -61.848816 0 -71.333333
v -61.777386 3.577381 -40.904761
v -61.777386 0 -40.904761
v -61.848816 0 -71.333333
v -61.777386 3.577381 -40.904761
v -61.848816 1.779762 -71.333333
v -61.848816 4.005952 -71.333333
v -61.777386 4.005952 -40.904761
v -61.848816 1.779762 -71.333333
v -61.777386 4.005952 -40.904761
v -61.777386 3.577381 -40.904761
v -61.848816 1.779762 -71.333333
v -61.777386 4.005952 -40.904761
v 21.383333 1.779762 10.654767
v 21.383333 0 10.654767
v -5.908334 0 10.666669
v 21.383333 1.779762 10.654767
v -5.908334 0 10.666669
v -5.908334 1.779762 10.666669
v 21.383333 1.779762 10.654767
v -5.908334 0 10.666669
v 21.383333 0 10.654767
v 21.502381 0 12.964288
v -5.789288 0 12.976196
v 21.383333 0 10.654767
v -5.789288 0 12.976196
v -5.908334 0 10.666669
v 21.383333 0 10.654767
v -5.789288 0 12.976196
v 21.502381 0 12.964288
v 21.502381 3.619048 12.964288
v -5.789288 3.619048 12.976196
v 21.502381 0 12.964288
v -5.789288 3.619048 12.976196
v -5.789288 0 12.976196
v 21.502381 0 12.964288
v -5.789288 3.619048 12.976196
v 21.502381 3.619048 12.964288
v 21.502381 4.005952 12.964288
v -5.789288 4.005952 12.976196
v 21.502381 3.619048 12.964288
v -5.789288 4.005952 12.976196
v -5.789288 3.619048 12.976196
v 21.502381 3.619048 12.964288
v -5.789288 4.005952 12.976196
v 21.502381 4.005952 12.964288
v 21.383333 4.005952 10.654767
v -5.908334 4.005952 10.666669
v 21.502381 4.005952 12.964288
v -5.908334 4.005952 10.666669
v -5.789288 4.005952 12.976196
v 21.502381 4.005952 12.964288
v -5.908334 4.005952 10.666669
v 21.383333 4.005952 10.654767
v 21.383333 1.779762 10.654767
v -5.908334 1.779762 10.666669
v 21.383333 4.005952 10.654767
v -5.908334 1.779762 10.666669
v -5.908334 4.005952 10.666669
v 21.383333 4.005952 10.654767
v -5.908334 1.779762 10.666669
v -61.848816 1.779762 -71.333333
v -64.158337 0 -71.261905
v -61.848816 4.005952 -71.333333
v -61.848816 1.779762 -71.333333
v -64.158337 0 -71.261905
v -64.158337 3.619048 -71.261905
v -61.848816 4.005952 -71.333333
v -64.158337 0 -71.261905
v -64.158337 3.619048 -71.261905
v -64.158337 4.005952 -71.261905
v -61.848816 4.005952 -71.333333
v -64.158337 3.619048 -71.261905
v -61.848816 1.779762 -71.333333
v -61.848816 0 -71.333333
v -64.158337 0 -71.261905
v -61.848816 1.779762 -71.333333
v 21.383333 4.005952 10.654767
v 21.502381 3.619048 12.964288
v 21.383333 1.779762 10.654767
v 21.383333 4.005952 10.654767
v 21.502381 3.619048 12.964288
v 21.383333 0 10.654767
v 21.383333 1.779762 10.654767
v 21.502381 3.619048 12.964288
v 21.502381 3.619048 12.964288
v 21.502381 0 12.964288
v 21.383333 0 10.654767
v 21.502381 3.619048 12.964288
v 21.383333 4.005952 10.654767
v 21.502381 4.005952 12.964288
v 21.502381 3.619048 12.964288
v 21.383333 4.005952 10.654767
v -61.777386 4.005952 -40.904761
v -64.086908 4.005952 -40.845236
v -63.616669 4.005952 -34.970236
v -61.777386 4.005952 -40.904761
v -63.616669 4.005952 -34.970236
v -61.325006 4.005952 -35.273807
v -61.777386 4.005952 -40.904761
v -63.616669 4.005952 -34.970236
v -64.086908 4.005952 -40.845236
v -64.086908 3.619048 -40.845236
v -63.616669 3.619048 -34.970236
v -64.086908 4.005952 -40.845236
v -63.616669 3.619048 -34.970236
v -63.616669 4.005952 -34.970236
v -64.086908 4.005952 -40.845236
v -63.616669 3.619048 -34.970236
v -64.086908 3.619048 -40.845236
v -64.086908 0 -40.845236
v -63.616669 0 -34.970236
v -64.086908 3.619048 -40.845236
v -63.616669 0 -34.970236
v -63.616669 3.619048 -34.970236
v -64.086908 3.619048 -40.845236
v -63.616669 0 -34.970236
v -64.086908 0 -40.845236
v -61.777386 0 -40.904761
v -61.325006 0 -35.273807
v -64.086908 0 -40.845236
v -61.325006 0 -35.273807
v -63.616669 0 -34.970236
v -64.086908 0 -40.845236
v -61.325006 0 -35.273807
v -61.777386 0 -40.904761
v -61.777386 3.577381 -40.904761
v -61.325006 3.577381 -35.273807
v -61.777386 0 -40.904761
v -61.325006 3.577381 -35.273807
v -61.325006 0 -35.273807
v -61.777386 0 -40.904761
v -61.325006 3.577381 -35.273807
v -61.777386 3.577381 -40.904761
v -61.777386 4.005952 -40.904761
v -61.325006 4.005952 -35.273807
v -61.777386 3.577381 -40.904761
v -61.325006 4.005952 -35.273807
v -61.325006 3.577381 -35.273807
v -61.777386 3.577381 -40.904761
v -61.325006 4.005952 -35.273807
v -61.325006 4.005952 -35.273807
v -63.616669 4.005952 -34.970236
v -62.527386 4.005952 -29.184521
v -61.325006 4.005952 -35.273807
v -62.527386 4.005952 -29.184521
v -60.277386 4.005952 -29.720236
v -61.325006 4.005952 -35.273807
v -62.527386 4.005952 -29.184521
v -63.616669 4.005952 -34.970236
v -63.616669 3.619048 -34.970236
v -62.527386 3.619048 -29.184521
v -63.616669 4.005952 -34.970236
v -62.527386 3.619048 -29.184521
v -62.527386 4.005952 -29.184521
v -63.616669 4.005952 -34.970236
v -62.527386 3.619048 -29.184521
v -63.616669 3.619048 -34.970236
v -63.616669 0 -34.970236
v -62.527386 0 -29.184521
v -63.616669 3.619048 -34.970236
v -62.527386 0 -29.184521
v -62.527386 3.619048 -29.184521
v -63.616669 3.619048 -34.970236
v -62.527386 0 -29.184521
v -63.616669 0 -34.970236
v -61.325006 0 -35.273807
v -60.277386 0 -29.720236
v -63.616669 0 -34.970236
v -60.277386 0 -29.720236
v -62.527386 0 -29.184521
v -63.616669 0 -34.970236
v -60.277386 0 -29.720236
v -61.325006 0 -35.273807
v -61.325006 3.577381 -35.273807
v -60.277386 3.577381 -29.720236
v -61.325006 0 -35.273807
v -60.277386 3.577381 -29.720236
v -60.277386 0 -29.720236
v -61.325006 0 -35.273807
v -60.277386 3.577381 -29.720236
v -61.325006 3.577381 -35.273807
v -61.325006 4.005952 -35.273807
v -60.277386 4.005952 -29.720236
v -61.325006 3.577381 -35.273807
v -60.277386 4.005952 -29.720236
v -60.277386 3.577381 -29.720236
v -61.325006 3.577381 -35.273807
v -60.277386 4.005952 -29.720236
v -60.277386 4.005952 -29.720236
v -62.527386 4.005952 -29.184521
v -60.819049 4.005952 -23.535712
v -60.277386 4.005952 -29.720236
v -60.819049 4.005952 -23.535712
v -58.646429 4.005952 -24.321423
v -60.277386 4.005952 -29.720236
v -60.819049 4.005952 -23.535712
v -62.527386 4.005952 -29.184521
v -62.527386 3.619048 -29.184521
v -60.819049 3.619048 -23.535712
v -62.527386 4.005952 -29.184521
v -60.819049 3.619048 -23.535712
v -60.819049 4.005952 -23.535712
v -62.527386 4.005952 -29.184521
v -60.819049 3.619048 -23.535712
v -62.527386 3.619048 -29.184521
v -62.527386 0 -29.184521
v -60.819049 0 -23.535712
v -62.527386 3.619048 -29.184521
v -60.819049 0 -23.535712
v -60.819049 3.619048 -23.535712
v -62.527386 3.619048 -29.184521
v -60.819049 0 -23.535712
v -62.527386 0 -29.184521
v -60.277386 0 -29.720236
v -58.646429 0 -24.321423
v -62.527386 0 -29.184521
v -58.646429 0 -24.321423
v -60.819049 0 -23.535712
v -62.527386 0 -29.184521
v -58.646429 0 -24.321423
v -60.277386 0 -29.720236
v -60.277386 3.577381 -29.720236
v -58.646429 3.577381 -24.321423
v -60.277386 0 -29.720236
v -58.646429 3.577381 -24.321423
v -58.646429 0 -24.321423
v -60.277386 0 -29.720236
v -58.646429 3.577381 -24.321423
v -60.277386 3.577381 -29.720236
v -60.277386 4.005952 -29.720236
v -58.646429 4.005952 -24.321423
v -60.277386 3.577381 -29.720236
v -58.646429 4.005952 -24.321423
v -58.646429 3.577381 -24.321423
v -60.277386 3.577381 -29.720236
v -58.646429 4.005952 -24.321423
v -58.646429 4.005952 -24.321423
v -60.819049 4.005952 -23.535712
v -58.527386 4.005952 -18.10119
v -58.646429 4.005952 -24.321423
v -58.527386 4.005952 -18.10119
v -56.444049 4.005952 -19.113092
v -58.646429 4.005952 -24.321423
v -58.527386 4.005952 -18.10119
v -60.819049 4.005952 -23.535712
v -60.819049 3.619048 -23.535712
v -58.527386 3.619048 -18.10119
v -60.819049 4.005952 -23.535712
v -58.527386 3.619048 -18.10119
v -58.527386 4.005952 -18.10119
v -60.819049 4.005952 -23.535712
v -58.527386 3.619048 -18.10119
v -60.819049 3.619048 -23.535712
v -60.819049 0 -23.535712
v -58.527386 0 -18.10119
v -60.819049 3.619048 -23.535712
v -58.527386 0 -18.10119
v -58.527386 3.619048 -18.10119
v -60.819049 3.619048 -23.535712
v -58.527386 0 -18.10119
v -60.819049 0 -23.535712
v -58.646429 0 -24.321423
v -56.444049 0 -19.113092
v -60.819049 0 -23.535712
v -56.444049 0 -19.113092
v -58.527386 0 -18.10119
v -60.819049 0 -23.535712
v -56.444049 0 -19.113092
v -58.646429 0 -24.321423
v -58.646429 3.577381 -24.321423
v -56.444049 3.577381 -19.113092
v -58.646429 0 -24.321423
v -56.444049 3.577381 -19.113092
v -56.444049 0 -19.113092
v -58.646429 0 -24.321423
v -56.444049 3.577381 -19.113092
v -58.646429 3.577381 -24.321423
v -58.646429 4.005952 -24.321423
v -56.444049 4.005952 -19.113092
v -58.646429 3.577381 -24.321423
v -56.444049 4.005952 -19.113092
v -56.444049 3.577381 -19.113092
v -58.646429 3.577381 -24.321423
v -56.444049 4.005952 -19.113092
v -56.444049 4.005952 -19.113092
v -58.527386 4.005952 -18.10119
v -55.676196 4.005952 -12.95238
v -56.444049 4.005952 -19.113092
v -55.676196 4.005952 -12.95238
v -53.717859 4.005952 -14.172614
v -56.444049 4.005952 -19.113092
v -55.676196 4.005952 -12.95238
v -58.527386 4.005952 -18.10119
v -58.527386 3.619048 -18.10119
v -55.676196 3.619048 -12.95238
v -58.527386 4.005952 -18.10119
v -55.676196 3.619048 -12.95238
v -55.676196 4.005952 -12.95238
v -58.527386 4.005952 -18.10119
v -55.676196 3.619048 -12.95238
v -58.527386 3.619048 -18.10119
v -58.527386 0 -18.10119
v -55.676196 0 -12.95238
v -58.527386 3.619048 -18.10119
v -55.676196 0 -12.95238
v -55.676196 3.619048 -12.95238
v -58.527386 3.619048 -18.10119
v -55.676196 0 -12.95238
v -58.527386 0 -18.10119
v -56.444049 0 -19.113092
v -53.717859 0 -14.172614
v -58.527386 0 -18.10119
v -53.717859 0 -14.172614
v -55.676196 0 -12.95238
v -58.527386 0 -18.10119
v -53.717859 0 -14.172614
v -56.444049 0 -19.113092
v -56.444049 3.577381 -19.113092
v -53.717859 3.577381 -14.172614
v -56.444049 0 -19.113092
v -53.717859 3.577381 -14.172614
v -53.717859 0 -14.172614
v -56.444049 0 -19.113092
v -53.717859 3.577381 -14.172614
v -56.444049 3.577381 -19.113092
v -56.444049 4.005952 -19.113092
v -53.717859 4.005952 -14.172614
v -56.444049 3.577381 -19.113092
v -53.717859 4.005952 -14.172614
v -53.717859 3.577381 -14.172614
v -56.444049 3.577381 -19.113092
v -53.717859 4.005952 -14.172614
v -53.717859 4.005952 -14.172614
v -55.676196 4.005952 -12.95238
v -52.289288 4.005952 -8.124994
v -53.717859 4.005952 -14.172614
v -52.289288 4.005952 -8.124994
v -50.467859 4.005952 -9.553571
v -53.717859 4.005952 -14.172614
v -52.289288 4.005952 -8.124994
v -55.676196 4.005952 -12.95238
v -55.676196 3.619048 -12.95238
v -52.289288 3.619048 -8.124994
v -55.676196 4.005952 -12.95238
v -52.289288 3.619048 -8.124994
v -52.289288 4.005952 -8.124994
v -55.676196 4.005952 -12.95238
v -52.289288 3.619048 -8.124994
v -55.676196 3.619048 -12.95238
v -55.676196 0 -12.95238
v -52.289288 0 -8.124994
v -55.676196 3.619048 -12.95238
v -52.289288 0 -8.124994
v -52.289288 3.619048 -8.124994
v -55.676196 3.619048 -12.95238
v -52.289288 0 -8.124994
v -55.676196 0 -12.95238
v -53.717859 0 -14.172614
v -50.467859 0 -9.553571
v -55.676196 0 -12.95238
v -50.467859 0 -9.553571
v -52.289288 0 -8.124994
v -55.676196 0 -12.95238
v -50.467859 0 -9.553571
v -53.717859 0 -14.172614
v -53.717859 3.577381 -14.172614
v -50.467859 3.577381 -9.553571
v -53.717859 0 -14.172614
v -50.467859 3.577381 -9.553571
v -50.467859 0 -9.553571
v -53.717859 0 -14.172614
v -50.467859 3.577381 -9.553571
v -53.717859 3.577381 -14.172614
v -53.717859 4.005952 -14.172614
v -50.467859 4.005952 -9.553571
v -53.717859 3.577381 -14.172614
v -50.467859 4.005952 -9.553571
v -50.467859 3.577381 -9.553571
v -53.717859 3.577381 -14.172614
v -50.467859 4.005952 -9.553571
v -50.467859 4.005952 -9.553571
v -52.289288 4.005952 -8.124994
v -48.408337 4.005952 -3.690472
v -50.467859 4.005952 -9.553571
v -48.408337 4.005952 -3.690472
v -46.74762 4.005952 -5.303571
v -50.467859 4.005952 -9.553571
v -48.408337 4.005952 -3.690472
v -52.289288 4.005952 -8.124994
v -52.289288 3.619048 -8.124994
v -48.408337 3.619048 -3.690472
v -52.289288 4.005952 -8.124994
v -48.408337 3.619048 -3.690472
v -48.408337 4.005952 -3.690472
v -52.289288 4.005952 -8.124994
v -48.408337 3.619048 -3.690472
v -52.289288 3.619048 -8.124994
v -52.289288 0 -8.124994
v -48.408337 0 -3.690472
v -52.289288 3.619048 -8.124994
v -48.408337 0 -3.690472
v -48.408337 3.619048 -3.690472
v -52.289288 3.619048 -8.124994
v -48.408337 0 -3.690472
v -52.289288 0 -8.124994
v -50.467859 0 -9.553571
v -46.74762 0 -5.303571
v -52.289288 0 -8.124994
v -46.74762 0 -5.303571
v -48.408337 0 -3.690472
v -52.289288 0 -8.124994
v -46.74762 0 -5.303571
v -50.467859 0 -9.553571
v -50.467859 3.577381 -9.553571
v -46.74762 3.577381 -5.303571
v -50.467859 0 -9.553571
v -46.74762 3.577381 -5.303571
v -46.74762 0 -5.303571
v -50.467859 0 -9.553571
v -46.74762 3.577381 -5.303571
v -50.467859 3.577381 -9.553571
v -50.467859 4.005952 -9.553571
v -46.74762 4.005952 -5.303571
v -50.467859 3.577381 -9.553571
v -46.74762 4.005952 -5.303571
v -46.74762 3.577381 -5.303571
v -50.467859 3.577381 -9.553571
v -46.74762 4.005952 -5.303571
v -46.74762 4.005952 -5.303571
v -48.408337 4.005952 -3.690472
v -44.075006 4.005952 0.309528
v -46.74762 4.005952 -5.303571
v -44.075006 4.005952 0.309528
v -42.59881 4.005952 -1.470233
v -46.74762 4.005952 -5.303571
v -44.075006 4.005952 0.309528
v -48.408337 4.005952 -3.690472
v -48.408337 3.619048 -3.690472
v -44.075006 3.619048 0.309528
v -48.408337 4.005952 -3.690472
v -44.075006 3.619048 0.309528
v -44.075006 4.005952 0.309528
v -48.408337 4.005952 -3.690472
v -44.075006 3.619048 0.309528
v -48.408337 3.619048 -3.690472
v -48.408337 0 -3.690472
v -44.075006 0 0.309528
v -48.408337 3.619048 -3.690472
v -44.075006 0 0.309528
v -44.075006 3.619048 0.309528
v -48.408337 3.619048 -3.690472
v -44.075006 0 0.309528
v -48.408337 0 -3.690472
v -46.74762 0 -5.303571
v -42.59881 0 -1.470233
v -48.408337 0 -3.690472
v -42.59881 0 -1.470233
v -44.075006 0 0.309528
v -48.408337 0 -3.690472
v -42.59881 0 -1.470233
v -46.74762 0 -5.303571
v -46.74762 3.577381 -5.303571
v -42.59881 3.577381 -1.470233
v -46.74762 0 -5.303571
v -42.59881 3.577381 -1.470233
v -42.59881 0 -1.470233
v -46.74762 0 -5.303571
v -42.59881 3.577381 -1.470233
v -46.74762 3.577381 -5.303571
v -46.74762 4.005952 -5.303571
v -42.59881 4.005952 -1.470233
v -46.74762 3.577381 -5.303571
v -42.59881 4.005952 -1.470233
v -42.59881 3.577381 -1.470233
v -46.74762 3.577381 -5.303571
v -42.59881 4.005952 -1.470233
v -42.59881 4.005952 -1.470233
v -44.075006 4.005952 0.309528
v -39.34881 4.005952 3.815479
v -42.59881 4.005952 -1.470233
v -39.34881 4.005952 3.815479
v -38.069049 4.005952 1.898816
v -42.59881 4.005952 -1.470233
v -39.34881 4.005952 3.815479
v -44.075006 4.005952 0.309528
v -44.075006 3.619048 0.309528
v -39.34881 3.619048 3.815479
v -44.075006 4.005952 0.309528
v -39.34881 3.619048 3.815479
v -39.34881 4.005952 3.815479
v -44.075006 4.005952 0.309528
v -39.34881 3.619048 3.815479
v -44.075006 3.619048 0.309528
v -44.075006 0 0.309528
v -39.34881 0 3.815479
v -44.075006 3.619048 0.309528
v -39.34881 0 3.815479
v -39.34881 3.619048 3.815479
v -44.075006 3.619048 0.309528
v -39.34881 0 3.815479
v -44.075006 0 0.309528
v -42.59881 0 -1.470233
v -38.069049 0 1.898816
v -44.075006 0 0.309528
v -38.069049 0 1.898816
v -39.34881 0 3.815479
v -44.075006 0 0.309528
v -38.069049 0 1.898816
v -42.59881 0 -1.470233
v -42.59881 3.577381 -1.470233
v -38.069049 3.577381 1.898816
v -42.59881 0 -1.470233
v -38.069049 3.577381 1.898816
v -38.069049 0 1.898816
v -42.59881 0 -1.470233
v -38.069049 3.577381 1.898816
v -42.59881 3.577381 -1.470233
v -42.59881 4.005952 -1.470233
v -38.069049 4.005952 1.898816
v -42.59881 3.577381 -1.470233
v -38.069049 4.005952 1.898816
v -38.069049 3.577381 1.898816
v -42.59881 3.577381 -1.470233
v -38.069049 4.005952 1.898816
v -38.069049 4.005952 1.898816
v -39.34881 4.005952 3.815479
v -34.265479 4.005952 6.815479
v -38.069049 4.005952 1.898816
v -34.265479 4.005952 6.815479
v -33.194049 4.005952 4.755957
v -38.069049 4.005952 1.898816
v -34.265479 4.005952 6.815479
v -39.34881 4.005952 3.815479
v -39.34881 3.619048 3.815479
v -34.265479 3.619048 6.815479
v -39.34881 4.005952 3.815479
v -34.265479 3.619048 6.815479
v -34.265479 4.005952 6.815479
v -39.34881 4.005952 3.815479
v -34.265479 3.619048 6.815479
v -39.34881 3.619048 3.815479
v -39.34881 0 3.815479
v -34.265479 0 6.815479
v -39.34881 3.619048 3.815479
v -34.265479 0 6.815479
v -34.265479 3.619048 6.815479
v -39.34881 3.619048 3.815479
v -34.265479 0 6.815479
v -39.34881 0 3.815479
v -38.069049 0 1.898816
v -33.194049 0 4.755957
v -39.34881 0 3.815479
v -33.194049 0 4.755957
v -34.265479 0 6.815479
v -39.34881 0 3.815479
v -33.194049 0 4.755957
v -38.069049 0 1.898816
v -38.069049 3.577381 1.898816
v -33.194049 3.577381 4.755957
v -38.069049 0 1.898816
v -33.194049 3.577381 4.755957
v -33.194049 0 4.755957
v -38.069049 0 1.898816
v -33.194049 3.577381 4.755957
v -38.069049 3.577381 1.898816
v -38.069049 4.005952 1.898816
v -33.194049 4.005952 4.755957
v -38.069049 3.577381 1.898816
v -33.194049 4.005952 4.755957
v -33.194049 3.577381 4.755957
v -38.069049 3.577381 1.898816
v -33.194049 4.005952 4.755957
v -33.194049 4.005952 4.755957
v -34.265479 4.005952 6.815479
v -28.896429 4.005952 9.244049
v -33.194049 4.005952 4.755957
v -28.896429 4.005952 9.244049
v -28.057147 4.005952 7.095239
v -33.194049 4.005952 4.755957
v -28.896429 4.005952 9.244049
v -34.265479 4.005952 6.815479
v -34.265479 3.619048 6.815479
v -28.896429 3.619048 9.244049
v -34.265479 4.005952 6.815479
v -28.896429 3.619048 9.244049
v -28.896429 4.005952 9.244049
v -34.265479 4.005952 6.815479
v -28.896429 3.619048 9.244049
v -34.265479 3.619048 6.815479
v -34.265479 0 6.815479
v -28.896429 0 9.244049
v -34.265479 3.619048 6.815479
v -28.896429 0 9.244049
v -28.896429 3.619048 9.244049
v -34.265479 3.619048 6.815479
v -28.896429 0 9.244049
v -34.265479 0 6.815479
v -33.194049 0 4.755957
v -28.057147 0 7.095239
v -34.265479 0 6.815479
v -28.057147 0 7.095239
v -28.896429 0 9.244049
v -34.265479 0 6.815479
v -28.057147 0 7.095239
v -33.194049 0 4.755957
v -33.194049 3.577381 4.755957
v -28.057147 3.577381 7.095239
v -33.194049 0 4.755957
v -28.057147 3.577381 7.095239
v -28.057147 0 7.095239
v -33.194049 0 4.755957
v -28.057147 3.577381 7.095239
v -33.194049 3.577381 4.755957
v -33.194049 4.005952 4.755957
v -28.057147 4.005952 7.095239
v -33.194049 3.577381 4.755957
v -28.057147 4.005952 7.095239
v -28.057147 3.577381 7.095239
v -33.194049 3.577381 4.755957
v -28.057147 4.005952 7.095239
v -28.057147 4.005952 7.095239
v -28.896429 4.005952 9.244049
v -23.307144 4.005952 11.095239
v -28.057147 4.005952 7.095239
v -23.307144 4.005952 11.095239
v -22.694049 4.005952 8.869049
v -28.057147 4.005952 7.095239
v -23.307144 4.005952 11.095239
v -28.896429 4.005952 9.244049
v -28.896429 3.619048 9.244049
v -23.307144 3.619048 11.095239
v -28.896429 4.005952 9.244049
v -23.307144 3.619048 11.095239
v -23.307144 4.005952 11.095239
v -28.896429 4.005952 9.244049
v -23.307144 3.619048 11.095239
v -28.896429 3.619048 9.244049
v -28.896429 0 9.244049
v -23.307144 0 11.095239
v -28.896429 3.619048 9.244049
v -23.307144 0 11.095239
v -23.307144 3.619048 11.095239
v -28.896429 3.619048 9.244049
v -23.307144 0 11.095239
v -28.896429 0 9.244049
v -28.057147 0 7.095239
v -22.694049 0 8.869049
v -28.896429 0 9.244049
v -22.694049 0 8.869049
v -23.307144 0 11.095239
v -28.896429 0 9.244049
v -22.694049 0 8.869049
v -28.057147 0 7.095239
v -28.057147 3.577381 7.095239
v -22.694049 3.577381 8.869049
v -28.057147 0 7.095239
v -22.694049 3.577381 8.869049
v -22.694049 0 8.869049
v -28.057147 0 7.095239
v -22.694049 3.577381 8.869049
v -28.057147 3.577381 7.095239
v -28.057147 4.005952 7.095239
v -22.694049 4.005952 8.869049
v -28.057147 3.577381 7.095239
v -22.694049 4.005952 8.869049
v -22.694049 3.577381 8.869049
v -28.057147 3.577381 7.095239
v -22.694049 4.005952 8.869049
v -22.694049 4.005952 8.869049
v -23.307144 4.005952 11.095239
v -17.539288 4.005952 12.345239
v -22.694049 4.005952 8.869049
v -17.539288 4.005952 12.345239
v -17.176193 4.005952 10.065479
v -22.694049 4.005952 8.869049
v -17.539288 4.005952 12.345239
v -23.307144 4.005952 11.095239
v -23.307144 3.619048 11.095239
v -17.539288 3.619048 12.345239
v -23.307144 4.005952 11.095239
v -17.539288 3.619048 12.345239
v -17.539288 4.005952 12.345239
v -23.307144 4.005952 11.095239
v -17.539288 3.619048 12.345239
v -23.307144 3.619048 11.095239
v -23.307144 0 11.095239
v -17.539288 0 12.345239
v -23.307144 3.619048 11.095239
v -17.539288 0 12.345239
v -17.539288 3.619048 12.345239
v -23.307144 3.619048 11.095239
v -17.539288 0 12.345239
v -23.307144 0 11.095239
v -22.694049 0 8.869049
v -17.176193 0 10.065479
v -23.307144 0 11.095239
v -17.176193 0 10.065479
v -17.539288 0 12.345239
v -23.307144 0 11.095239
v -17.176193 0 10.065479
v -22.694049 0 8.869049
v -22.694049 3.577381 8.869049
v -17.176193 3.577381 10.065479
v -22.694049 0 8.869049
v -17.176193 3.577381 10.065479
v -17.176193 0 10.065479
v -22.694049 0 8.869049
v -17.176193 3.577381 10.065479
v -22.694049 3.577381 8.869049
v -22.694049 4.005952 8.869049
v -17.176193 4.005952 10.065479
v -22.694049 3.577381 8.869049
v -17.176193 4.005952 10.065479
v -17.176193 3.577381 10.065479
v -22.694049 3.577381 8.869049
v -17.176193 4.005952 10.065479
v -17.176193 4.005952 10.065479
v -17.539288 4.005952 12.345239
v -11.676193 4.005952 12.976196
v -17.176193 4.005952 10.065479
v -11.676193 4.005952 12.976196
v -11.557144 4.005952 10.666669
v -17.176193 4.005952 10.065479
v -11.676193 4.005952 12.976196
v -17.539288 4.005952 12.345239
v -17.539288 3.619048 12.345239
v -11.676193 3.619048 12.976196
v -17.539288 4.005952 12.345239
v -11.676193 3.619048 12.976196
v -11.676193 4.005952 12.976196
v -17.539288 4.005952 12.345239
v -11.676193 3.619048 12.976196
v -17.539288 3.619048 12.345239
v -17.539288 0 12.345239
v -11.676193 0 12.976196
v -17.539288 3.619048 12.345239
v -11.676193 0 12.976196
v -11.676193 3.619048 12.976196
v -17.539288 3.619048 12.345239
v -11.676193 0 12.976196
v -17.539288 0 12.345239
v -17.176193 0 10.065479
v -11.557144 0 10.666669
v -17.539288 0 12.345239
v -11.557144 0 10.666669
v -11.676193 0 12.976196
v -17.539288 0 12.345239
v -11.557144 0 10.666669
v -17.176193 0 10.065479
v -17.176193 3.577381 10.065479
v -11.557144 3.577381 10.666669
v -17.176193 0 10.065479
v -11.557144 3.577381 10.666669
v -11.557144 0 10.666669
v -17.176193 0 10.065479
v -11.557144 3.577381 10.666669
v -17.176193 3.577381 10.065479
v -17.176193 4.005952 10.065479
v -11.557144 4.005952 10.666669
v -17.176193 3.577381 10.065479
v -11.557144 4.005952 10.666669
v -11.557144 3.577381 10.666669
v -17.176193 3.577381 10.065479
v -11.557144 4.005952 10.666669
v -11.557144 4.005952 10.666669
v -11.676193 4.005952 12.976196
v -5.789288 4.005952 12.976196
v -11.557144 4.005952 10.666669
v -5.789288 4.005952 12.976196
v -5.908334 4.005952 10.666669
v -11.557144 4.005952 10.666669
v -5.789288 4.005952 12.976196
v -11.676193 4.005952 12.976196
v -11.676193 3.619048 12.976196
v -5.789288 3.619048 12.976196
v -11.676193 4.005952 12.976196
v -5.789288 3.619048 12.976196
v -5.789288 4.005952 12.976196
v -11.676193 4.005952 12.976196
v -5.789288 3.619048 12.976196
v -11.676193 0 12.976196
v -5.789288 0 12.976196
v -5.789288 3.619048 12.976196
v -11.676193 0 12.976196
v -5.789288 3.619048 12.976196
v -11.676193 3.619048 12.976196
v -11.676193 0 12.976196
v -5.789288 3.619048 12.976196
v -11.676193 0 12.976196
v -11.557144 0 10.666669
v -5.908334 0 10.666669
v -11.676193 0 12.976196
v -5.908334 0 10.666669
v -5.789288 0 12.976196
v -11.676193 0 12.976196
v -5.908334 0 10.666669
v -11.557144 3.577381 10.666669
v -5.908334 1.779762 10.666669
v -5.908334 0 10.666669
v -11.557144 3.577381 10.666669
v -5.908334 0 10.666669
v -11.557144 0 10.666669
v -11.557144 3.577381 10.666669
v -5.908334 0 10.666669
v -11.557144 3.577381 10.666669
v -11.557144 4.005952 10.666669
v -5.908334 4.005952 10.666669
v -11.557144 3.577381 10.666669
v -5.908334 4.005952 10.666669
v -5.908334 1.779762 10.666669
v -11.557144 3.577381 10.666669
v -5.908334 4.005952 10.666669
v -58.378577 187.779773 -27.130951
v -58.259528 187.779773 -27.202377
v -58.515479 187.779773 -27.113092
v -58.378577 187.779773 -27.130951
v -58.259528 187.779773 -27.202377
v -58.104767 187.779773 -27.434521
v -58.515479 187.779773 -27.113092
v -58.259528 187.779773 -27.202377
v -58.104767 187.779773 -27.434521
v -58.777386 187.779773 -27.220236
v -58.515479 187.779773 -27.113092
v -58.104767 187.779773 -27.434521
v -58.777386 187.779773 -27.220236
v -58.658337 187.779773 -27.142856
v -58.515479 187.779773 -27.113092
v -58.777386 187.779773 -27.220236
v -58.104767 187.779773 -27.434521
v -58.354767 187.779773 -27.904761
v -58.777386 187.779773 -27.220236
v -58.104767 187.779773 -27.434521
v -58.354767 187.779773 -27.904761
v -58.848816 187.779773 -27.732141
v -58.777386 187.779773 -27.220236
v -58.354767 187.779773 -27.904761
v -58.848816 187.779773 -27.732141
v -58.908337 187.779773 -27.464282
v -58.777386 187.779773 -27.220236
v -58.848816 187.779773 -27.732141
v -58.908337 187.779773 -27.464282
v -58.866669 187.779773 -27.333331
v -58.777386 187.779773 -27.220236
v -58.908337 187.779773 -27.464282
v -58.848816 187.779773 -27.732141
v -58.908337 187.779773 -27.601187
v -58.908337 187.779773 -27.464282
v -58.848816 187.779773 -27.732141
v -58.354767 187.779773 -27.904761
v -58.628577 187.779773 -27.904761
v -58.848816 187.779773 -27.732141
v -58.354767 187.779773 -27.904761
v -58.628577 187.779773 -27.904761
v -58.759528 187.779773 -27.845236
v -58.848816 187.779773 -27.732141
v -58.628577 187.779773 -27.904761
v -58.354767 187.779773 -27.904761
v -58.485718 187.779773 -27.922617
v -58.628577 187.779773 -27.904761
v -58.354767 187.779773 -27.904761
v -58.104767 187.779773 -27.434521
v -58.146429 187.779773 -27.714282
v -58.354767 187.779773 -27.904761
v -58.104767 187.779773 -27.434521
v -58.146429 187.779773 -27.714282
v -58.235718 187.779773 -27.821426
v -58.354767 187.779773 -27.904761
v -58.146429 187.779773 -27.714282
v -58.104767 187.779773 -27.434521
v -58.104767 187.779773 -27.571426
v -58.146429 187.779773 -27.714282
v -58.104767 187.779773 -27.434521
v -58.259528 187.779773 -27.202377
v -58.158337 187.779773 -27.303571
v -58.104767 187.779773 -27.434521
v -58.259528 187.779773 -27.202377
v -58.515479 185.886914 -27.113092
v -58.658337 185.886914 -27.142856
v -58.378577 185.886914 -27.130951
v -58.515479 185.886914 -27.113092
v -58.658337 185.886914 -27.142856
v -58.866669 185.886914 -27.333331
v -58.378577 185.886914 -27.130951
v -58.658337 185.886914 -27.142856
v -58.866669 185.886914 -27.333331
v -58.158337 185.886914 -27.303571
v -58.378577 185.886914 -27.130951
v -58.866669 185.886914 -27.333331
v -58.158337 185.886914 -27.303571
v -58.259528 185.886914 -27.202377
v -58.378577 185.886914 -27.130951
v -58.158337 185.886914 -27.303571
v -58.866669 185.886914 -27.333331
v -58.759528 185.886914 -27.845236
v -58.158337 185.886914 -27.303571
v -58.866669 185.886914 -27.333331
v -58.759528 185.886914 -27.845236
v -58.235718 185.886914 -27.821426
v -58.158337 185.886914 -27.303571
v -58.759528 185.886914 -27.845236
v -58.235718 185.886914 -27.821426
v -58.104767 185.886914 -27.571426
v -58.158337 185.886914 -27.303571
v -58.235718 185.886914 -27.821426
v -58.104767 185.886914 -27.571426
v -58.104767 185.886914 -27.434521
v -58.158337 185.886914 -27.303571
v -58.104767 185.886914 -27.571426
v -58.235718 185.886914 -27.821426
v -58.146429 185.886914 -27.714282
v -58.104767 185.886914 -27.571426
v -58.235718 185.886914 -27.821426
v -58.759528 185.886914 -27.845236
v -58.485718 185.886914 -27.922617
v -58.235718 185.886914 -27.821426
v -58.759528 185.886914 -27.845236
v -58.485718 185.886914 -27.922617
v -58.354767 185.886914 -27.904761
v -58.235718 185.886914 -27.821426
v -58.485718 185.886914 -27.922617
v -58.759528 185.886914 -27.845236
v -58.628577 185.886914 -27.904761
v -58.485718 185.886914 -27.922617
v -58.759528 185.886914 -27.845236
v -58.866669 185.886914 -27.333331
v -58.908337 185.886914 -27.601187
v -58.759528 185.886914 -27.845236
v -58.866669 185.886914 -27.333331
v -58.908337 185.886914 -27.601187
v -58.848816 185.886914 -27.732141
v -58.759528 185.886914 -27.845236
v -58.908337 185.886914 -27.601187
v -58.866669 185.886914 -27.333331
v -58.908337 185.886914 -27.464282
v -58.908337 185.886914 -27.601187
v -58.866669 185.886914 -27.333331
v -58.658337 185.886914 -27.142856
v -58.777386 185.886914 -27.220236
v -58.866669 185.886914 -27.333331
v -58.658337 185.886914 -27.142856
v -58.378577 187.779773 -27.130951
v -58.515479 187.779773 -27.113092
v -58.515479 185.886914 -27.113092
v -58.378577 187.779773 -27.130951
v -58.515479 185.886914 -27.113092
v -58.378577 185.886914 -27.130951
v -58.378577 187.779773 -27.130951
v -58.515479 185.886914 -27.113092
v -58.515479 187.779773 -27.113092
v -58.658337 187.779773 -27.142856
v -58.658337 185.886914 -27.142856
v -58.515479 187.779773 -27.113092
v -58.658337 185.886914 -27.142856
v -58.515479 185.886914 -27.113092
v -58.515479 187.779773 -27.113092
v -58.658337 185.886914 -27.142856
v -58.658337 187.779773 -27.142856
v -58.777386 187.779773 -27.220236
v -58.777386 185.886914 -27.220236
v -58.658337 187.779773 -27.142856
v -58.777386 185.886914 -27.220236
v -58.658337 185.886914 -27.142856
v -58.658337 187.779773 -27.142856
v -58.777386 185.886914 -27.220236
v -58.777386 187.779773 -27.220236
v -58.866669 187.779773 -27.333331
v -58.866669 185.886914 -27.333331
v -58.777386 187.779773 -27.220236
v -58.866669 185.886914 -27.333331
v -58.777386 185.886914 -27.220236
v -58.777386 187.779773 -27.220236
v -58.866669 185.886914 -27.333331
v -58.866669 187.779773 -27.333331
v -58.908337 187.779773 -27.464282
v -58.908337 185.886914 -27.464282
v -58.866669 187.779773 -27.333331
v -58.908337 185.886914 -27.464282
v -58.866669 185.886914 -27.333331
v -58.866669 187.779773 -27.333331
v -58.908337 185.886914 -27.464282
v -58.908337 187.779773 -27.464282
v -58.908337 187.779773 -27.601187
v -58.908337 185.886914 -27.601187
v -58.908337 187.779773 -27.464282
v -58.908337 185.886914 -27.601187
v -58.908337 185.886914 -27.464282
v -58.908337 187.779773 -27.464282
v -58.908337 185.886914 -27.601187
v -58.908337 187.779773 -27.601187
v -58.848816 187.779773 -27.732141
v -58.848816 185.886914 -27.732141
v -58.908337 187.779773 -27.601187
v -58.848816 185.886914 -27.732141
v -58.908337 185.886914 -27.601187
v -58.908337 187.779773 -27.601187
v -58.848816 185.886914 -27.732141
v -58.848816 187.779773 -27.732141
v -58.759528 187.779773 -27.845236
v -58.759528 185.886914 -27.845236
v -58.848816 187.779773 -27.732141
v -58.759528 185.886914 -27.845236
v -58.848816 185.886914 -27.732141
v -58.848816 187.779773 -27.732141
v -58.759528 185.886914 -27.845236
v -58.759528 187.779773 -27.845236
v -58.628577 187.779773 -27.904761
v -58.628577 185.886914 -27.904761
v -58.759528 187.779773 -27.845236
v -58.628577 185.886914 -27.904761
v -58.759528 185.886914 -27.845236
v -58.759528 187.779773 -27.845236
v -58.628577 185.886914 -27.904761
v -58.628577 187.779773 -27.904761
v -58.485718 187.779773 -27.922617
v -58.485718 185.886914 -27.922617
v -58.628577 187.779773 -27.904761
v -58.485718 185.886914 -27.922617
v -58.628577 185.886914 -27.904761
v -58.628577 187.779773 -27.904761
v -58.485718 185.886914 -27.922617
v -58.485718 187.779773 -27.922617
v -58.354767 187.779773 -27.904761
v -58.354767 185.886914 -27.904761
v -58.485718 187.779773 -27.922617
v -58.354767 185.886914 -27.904761
v -58.485718 185.886914 -27.922617
v -58.485718 187.779773 -27.922617
v -58.354767 185.886914 -27.904761
v -58.354767 187.779773 -27.904761
v -58.235718 187.779773 -27.821426
v -58.235718 185.886914 -27.821426
v -58.354767 187.779773 -27.904761
v -58.235718 185.886914 -27.821426
v -58.354767 185.886914 -27.904761
v -58.354767 187.779773 -27.904761
v -58.235718 185.886914 -27.821426
v -58.235718 187.779773 -27.821426
v -58.146429 187.779773 -27.714282
v -58.146429 185.886914 -27.714282
v -58.235718 187.779773 -27.821426
v -58.146429 185.886914 -27.714282
v -58.235718 185.886914 -27.821426
v -58.235718 187.779773 -27.821426
v -58.146429 185.886914 -27.714282
v -58.146429 187.779773 -27.714282
v -58.104767 187.779773 -27.571426
v -58.104767 185.886914 -27.571426
v -58.146429 187.779773 -27.714282
v -58.104767 185.886914 -27.571426
v -58.146429 185.886914 -27.714282
v -58.146429 187.779773 -27.714282
v -58.104767 185.886914 -27.571426
v -58.104767 187.779773 -27.571426
v -58.104767 187.779773 -27.434521
v -58.104767 185.886914 -27.434521
v -58.104767 187.779773 -27.571426
v -58.104767 185.886914 -27.434521
v -58.104767 185.886914 -27.571426
v -58.104767 187.779773 -27.571426
v -58.104767 185.886914 -27.434521
v -58.104767 187.779773 -27.434521
v -58.158337 187.779773 -27.303571
v -58.158337 185.886914 -27.303571
v -58.104767 187.779773 -27.434521
v -58.158337 185.886914 -27.303571
v -58.104767 185.886914 -27.434521
v -58.104767 187.779773 -27.434521
v -58.158337 185.886914 -27.303571
v -58.158337 187.779773 -27.303571
v -58.259528 187.779773 -27.202377
v -58.259528 185.886914 -27.202377
v -58.158337 187.779773 -27.303571
v -58.259528 185.886914 -27.202377
v -58.158337 185.886914 -27.303571
v -58.158337 187.779773 -27.303571
v -58.259528 185.886914 -27.202377
v -58.259528 187.779773 -27.202377
v -58.378577 187.779773 -27.130951
v -58.378577 185.886914 -27.130951
v -58.259528 187.779773 -27.202377
v -58.378577 185.886914 -27.130951
v -58.259528 185.886914 -27.202377
v -58.259528 187.779773 -27.202377
v -58.378577 185.886914 -27.130951
v -24.694049 187.779773 7.125006
v -24.676193 187.779773 6.988098
v -24.765479 187.779773 7.244049
v -24.694049 187.779773 7.125006
v -24.676193 187.779773 6.988098
v -24.789288 187.779773 6.726196
v -24.765479 187.779773 7.244049
v -24.676193 187.779773 6.988098
v -24.789288 187.779773 6.726196
v -25.009528 187.779773 7.398816
v -24.765479 187.779773 7.244049
v -24.789288 187.779773 6.726196
v -25.009528 187.779773 7.398816
v -24.878574 187.779773 7.339288
v -24.765479 187.779773 7.244049
v -25.009528 187.779773 7.398816
v -24.789288 187.779773 6.726196
v -25.295239 187.779773 6.648816
v -25.009528 187.779773 7.398816
v -24.789288 187.779773 6.726196
v -25.295239 187.779773 6.648816
v -25.467859 187.779773 7.148816
v -25.009528 187.779773 7.398816
v -25.295239 187.779773 6.648816
v -25.467859 187.779773 7.148816
v -25.277383 187.779773 7.357147
v -25.009528 187.779773 7.398816
v -25.467859 187.779773 7.148816
v -25.277383 187.779773 7.357147
v -25.146429 187.779773 7.398816
v -25.009528 187.779773 7.398816
v -25.277383 187.779773 7.357147
v -25.467859 187.779773 7.148816
v -25.384528 187.779773 7.267859
v -25.277383 187.779773 7.357147
v -25.467859 187.779773 7.148816
v -25.295239 187.779773 6.648816
v -25.479764 187.779773 6.869049
v -25.467859 187.779773 7.148816
v -25.295239 187.779773 6.648816
v -25.479764 187.779773 6.869049
v -25.497623 187.779773 7.005957
v -25.467859 187.779773 7.148816
v -25.479764 187.779773 6.869049
v -25.295239 187.779773 6.648816
v -25.408334 187.779773 6.744049
v -25.479764 187.779773 6.869049
v -25.295239 187.779773 6.648816
v -24.789288 187.779773 6.726196
v -25.027383 187.779773 6.595239
v -25.295239 187.779773 6.648816
v -24.789288 187.779773 6.726196
v -25.027383 187.779773 6.595239
v -25.164288 187.779773 6.595239
v -25.295239 187.779773 6.648816
v -25.027383 187.779773 6.595239
v -24.789288 187.779773 6.726196
v -24.896429 187.779773 6.636908
v -25.027383 187.779773 6.595239
v -24.789288 187.779773 6.726196
v -24.676193 187.779773 6.988098
v -24.705954 187.779773 6.845239
v -24.789288 187.779773 6.726196
v -24.676193 187.779773 6.988098
v -24.765479 185.886914 7.244049
v -24.878574 185.886914 7.339288
v -24.694049 185.886914 7.125006
v -24.765479 185.886914 7.244049
v -24.878574 185.886914 7.339288
v -25.146429 185.886914 7.398816
v -24.694049 185.886914 7.125006
v -24.878574 185.886914 7.339288
v -25.146429 185.886914 7.398816
v -24.705954 185.886914 6.845239
v -24.694049 185.886914 7.125006
v -25.146429 185.886914 7.398816
v -24.705954 185.886914 6.845239
v -24.676193 185.886914 6.988098
v -24.694049 185.886914 7.125006
v -24.705954 185.886914 6.845239
v -25.146429 185.886914 7.398816
v -25.497623 185.886914 7.005957
v -24.705954 185.886914 6.845239
v -25.146429 185.886914 7.398816
v -25.497623 185.886914 7.005957
v -25.164288 185.886914 6.595239
v -24.705954 185.886914 6.845239
v -25.497623 185.886914 7.005957
v -25.164288 185.886914 6.595239
v -24.896429 185.886914 6.636908
v -24.705954 185.886914 6.845239
v -25.164288 185.886914 6.595239
v -24.896429 185.886914 6.636908
v -24.789288 185.886914 6.726196
v -24.705954 185.886914 6.845239
v -24.896429 185.886914 6.636908
v -25.164288 185.886914 6.595239
v -25.027383 185.886914 6.595239
v -24.896429 185.886914 6.636908
v -25.164288 185.886914 6.595239
v -25.497623 185.886914 7.005957
v -25.408334 185.886914 6.744049
v -25.164288 185.886914 6.595239
v -25.497623 185.886914 7.005957
v -25.408334 185.886914 6.744049
v -25.295239 185.886914 6.648816
v -25.164288 185.886914 6.595239
v -25.408334 185.886914 6.744049
v -25.497623 185.886914 7.005957
v -25.479764 185.886914 6.869049
v -25.408334 185.886914 6.744049
v -25.497623 185.886914 7.005957
v -25.146429 185.886914 7.398816
v -25.384528 185.886914 7.267859
v -25.497623 185.886914 7.005957
v -25.146429 185.886914 7.398816
v -25.384528 185.886914 7.267859
v -25.467859 185.886914 7.148816
v -25.497623 185.886914 7.005957
v -25.384528 185.886914 7.267859
v -25.146429 185.886914 7.398816
v -25.277383 185.886914 7.357147
v -25.384528 185.886914 7.267859
v -25.146429 185.886914 7.398816
v -24.878574 185.886914 7.339288
v -25.009528 185.886914 7.398816
v -25.146429 185.886914 7.398816
v -24.878574 185.886914 7.339288
v -24.694049 187.779773 7.125006
v -24.765479 187.779773 7.244049
v -24.765479 185.886914 7.244049
v -24.694049 187.779773 7.125006
v -24.765479 185.886914 7.244049
v -24.694049 185.886914 7.125006
v -24.694049 187.779773 7.125006
v -24.765479 185.886914 7.244049
v -24.765479 187.779773 7.244049
v -24.878574 187.779773 7.339288
v -24.878574 185.886914 7.339288
v -24.765479 187.779773 7.244049
v -24.878574 185.886914 7.339288
v -24.765479 185.886914 7.244049
v -24.765479 187.779773 7.244049
v -24.878574 185.886914 7.339288
v -24.878574 187.779773 7.339288
v -25.009528 187.779773 7.398816
v -25.009528 185.886914 7.398816
v -24.878574 187.779773 7.339288
v -25.009528 185.886914 7.398816
v -24.878574 185.886914 7.339288
v -24.878574 187.779773 7.339288
v -25.009528 185.886914 7.398816
v -25.009528 187.779773 7.398816
v -25.146429 187.779773 7.398816
v -25.146429 185.886914 7.398816
v -25.009528 187.779773 7.398816
v -25.146429 185.886914 7.398816
v -25.009528 185.886914 7.398816
v -25.009528 187.779773 7.398816
v -25.146429 185.886914 7.398816
v -25.146429 187.779773 7.398816
v -25.277383 187.779773 7.357147
v -25.277383 185.886914 7.357147
v -25.146429 187.779773 7.398816
v -25.277383 185.886914 7.357147
v -25.146429 185.886914 7.398816
v -25.146429 187.779773 7.398816
v -25.277383 185.886914 7.357147
v -25.277383 187.779773 7.357147
v -25.384528 187.779773 7.267859
v -25.384528 185.886914 7.267859
v -25.277383 187.779773 7.357147
v -25.384528 185.886914 7.267859
v -25.277383 185.886914 7.357147
v -25.277383 187.779773 7.357147
v -25.384528 185.886914 7.267859
v -25.384528 187.779773 7.267859
v -25.467859 187.779773 7.148816
v -25.467859 185.886914 7.148816
v -25.384528 187.779773 7.267859
v -25.467859 185.886914 7.148816
v -25.384528 185.886914 7.267859
v -25.384528 187.779773 7.267859
v -25.467859 185.886914 7.148816
v -25.467859 187.779773 7.148816
v -25.497623 187.779773 7.005957
v -25.497623 185.886914 7.005957
v -25.467859 187.779773 7.148816
v -25.497623 185.886914 7.005957
v -25.467859 185.886914 7.148816
v -25.467859 187.779773 7.148816
v -25.497623 185.886914 7.005957
v -25.497623 187.779773 7.005957
v -25.479764 187.779773 6.869049
v -25.479764 185.886914 6.869049
v -25.497623 187.779773 7.005957
v -25.479764 185.886914 6.869049
v -25.497623 185.886914 7.005957
v -25.497623 187.779773 7.005957
v -25.479764 185.886914 6.869049
v -25.479764 187.779773 6.869049
v -25.408334 187.779773 6.744049
v -25.408334 185.886914 6.744049
v -25.479764 187.779773 6.869049
v -25.408334 185.886914 6.744049
v -25.479764 185.886914 6.869049
v -25.479764 187.779773 6.869049
v -25.408334 185.886914 6.744049
v -25.408334 187.779773 6.744049
v -25.295239 187.779773 6.648816
v -25.295239 185.886914 6.648816
v -25.408334 187.779773 6.744049
v -25.295239 185.886914 6.648816
v -25.408334 185.886914 6.744049
v -25.408334 187.779773 6.744049
v -25.295239 185.886914 6.648816
v -25.295239 187.779773 6.648816
v -25.164288 187.779773 6.595239
v -25.164288 185.886914 6.595239
v -25.295239 187.779773 6.648816
v -25.164288 185.886914 6.595239
v -25.295239 185.886914 6.648816
v -25.295239 187.779773 6.648816
v -25.164288 185.886914 6.595239
v -25.164288 187.779773 6.595239
v -25.027383 187.779773 6.595239
v -25.027383 185.886914 6.595239
v -25.164288 187.779773 6.595239
v -25.027383 185.886914 6.595239
v -25.164288 185.886914 6.595239
v -25.164288 187.779773 6.595239
v -25.027383 185.886914 6.595239
v -25.027383 187.779773 6.595239
v -24.896429 187.779773 6.636908
v -24.896429 185.886914 6.636908
v -25.027383 187.779773 6.595239
v -24.896429 185.886914 6.636908
v -25.027383 185.886914 6.595239
v -25.027383 187.779773 6.595239
v -24.896429 185.886914 6.636908
v -24.896429 187.779773 6.636908
v -24.789288 187.779773 6.726196
v -24.789288 185.886914 6.726196
v -24.896429 187.779773 6.636908
v -24.789288 185.886914 6.726196
v -24.896429 185.886914 6.636908
v -24.896429 187.779773 6.636908
v -24.789288 185.886914 6.726196
v -24.789288 187.779773 6.726196
v -24.705954 187.779773 6.845239
v -24.705954 185.886914 6.845239
v -24.789288 187.779773 6.726196
v -24.705954 185.886914 6.845239
v -24.789288 185.886914 6.726196
v -24.789288 187.779773 6.726196
v -24.705954 185.886914 6.845239
v -24.705954 187.779773 6.845239
v -24.676193 187.779773 6.988098
v -24.676193 185.886914 6.988098
v -24.705954 187.779773 6.845239
v -24.676193 185.886914 6.988098
v -24.705954 185.886914 6.845239
v -24.705954 187.779773 6.845239
v -24.676193 185.886914 6.988098
v -24.676193 187.779773 6.988098
v -24.694049 187.779773 7.125006
v -24.694049 185.886914 7.125006
v -24.676193 187.779773 6.988098
v -24.694049 185.886914 7.125006
v -24.676193 185.886914 6.988098
v -24.676193 187.779773 6.988098
v -24.694049 185.886914 7.125006
v -52.455957 187.779773 -14.482141
v -52.354767 187.779773 -14.583331
v -52.586908 187.779773 -14.434521
v -52.455957 187.779773 -14.482141
v -52.354767 187.779773 -14.583331
v -52.277386 187.779773 -14.85119
v -52.586908 187.779773 -14.434521
v -52.354767 187.779773 -14.583331
v -52.277386 187.779773 -14.85119
v -52.866669 187.779773 -14.464282
v -52.586908 187.779773 -14.434521
v -52.277386 187.779773 -14.85119
v -52.866669 187.779773 -14.464282
v -52.729767 187.779773 -14.422614
v -52.586908 187.779773 -14.434521
v -52.866669 187.779773 -14.464282
v -52.277386 187.779773 -14.85119
v -52.634528 187.779773 -15.232141
v -52.866669 187.779773 -14.464282
v -52.277386 187.779773 -14.85119
v -52.634528 187.779773 -15.232141
v -53.075006 187.779773 -14.940472
v -52.866669 187.779773 -14.464282
v -52.634528 187.779773 -15.232141
v -53.075006 187.779773 -14.940472
v -53.057147 187.779773 -14.660712
v -52.866669 187.779773 -14.464282
v -53.075006 187.779773 -14.940472
v -53.057147 187.779773 -14.660712
v -52.979767 187.779773 -14.541663
v -52.866669 187.779773 -14.464282
v -53.057147 187.779773 -14.660712
v -53.075006 187.779773 -14.940472
v -53.086908 187.779773 -14.803571
v -53.057147 187.779773 -14.660712
v -53.075006 187.779773 -14.940472
v -52.634528 187.779773 -15.232141
v -52.908337 187.779773 -15.160712
v -53.075006 187.779773 -14.940472
v -52.634528 187.779773 -15.232141
v -52.908337 187.779773 -15.160712
v -53.009528 187.779773 -15.071423
v -53.075006 187.779773 -14.940472
v -52.908337 187.779773 -15.160712
v -52.634528 187.779773 -15.232141
v -52.777386 187.779773 -15.220233
v -52.908337 187.779773 -15.160712
v -52.634528 187.779773 -15.232141
v -52.277386 187.779773 -14.85119
v -52.384528 187.779773 -15.10119
v -52.634528 187.779773 -15.232141
v -52.277386 187.779773 -14.85119
v -52.384528 187.779773 -15.10119
v -52.49762 187.779773 -15.190472
v -52.634528 187.779773 -15.232141
v -52.384528 187.779773 -15.10119
v -52.277386 187.779773 -14.85119
v -52.307147 187.779773 -14.982141
v -52.384528 187.779773 -15.10119
v -52.277386 187.779773 -14.85119
v -52.354767 187.779773 -14.583331
v -52.295239 187.779773 -14.714282
v -52.277386 187.779773 -14.85119
v -52.354767 187.779773 -14.583331
v -52.586908 185.886914 -14.434521
v -52.729767 185.886914 -14.422614
v -52.455957 185.886914 -14.482141
v -52.586908 185.886914 -14.434521
v -52.729767 185.886914 -14.422614
v -52.979767 185.886914 -14.541663
v -52.455957 185.886914 -14.482141
v -52.729767 185.886914 -14.422614
v -52.979767 185.886914 -14.541663
v -52.295239 185.886914 -14.714282
v -52.455957 185.886914 -14.482141
v -52.979767 185.886914 -14.541663
v -52.295239 185.886914 -14.714282
v -52.354767 185.886914 -14.583331
v -52.455957 185.886914 -14.482141
v -52.295239 185.886914 -14.714282
v -52.979767 185.886914 -14.541663
v -53.009528 185.886914 -15.071423
v -52.295239 185.886914 -14.714282
v -52.979767 185.886914 -14.541663
v -53.009528 185.886914 -15.071423
v -52.49762 185.886914 -15.190472
v -52.295239 185.886914 -14.714282
v -53.009528 185.886914 -15.071423
v -52.49762 185.886914 -15.190472
v -52.307147 185.886914 -14.982141
v -52.295239 185.886914 -14.714282
v -52.49762 185.886914 -15.190472
v -52.307147 185.886914 -14.982141
v -52.277386 185.886914 -14.85119
v -52.295239 185.886914 -14.714282
v -52.307147 185.886914 -14.982141
v -52.49762 185.886914 -15.190472
v -52.384528 185.886914 -15.10119
v -52.307147 185.886914 -14.982141
v -52.49762 185.886914 -15.190472
v -53.009528 185.886914 -15.071423
v -52.777386 185.886914 -15.220233
v -52.49762 185.886914 -15.190472
v -53.009528 185.886914 -15.071423
v -52.777386 185.886914 -15.220233
v -52.634528 185.886914 -15.232141
v -52.49762 185.886914 -15.190472
v -52.777386 185.886914 -15.220233
v -53.009528 185.886914 -15.071423
v -52.908337 185.886914 -15.160712
v -52.777386 185.886914 -15.220233
v -53.009528 185.886914 -15.071423
v -52.979767 185.886914 -14.541663
v -53.086908 185.886914 -14.803571
v -53.009528 185.886914 -15.071423
v -52.979767 185.886914 -14.541663
v -53.086908 185.886914 -14.803571
v -53.075006 185.886914 -14.940472
v -53.009528 185.886914 -15.071423
v -53.086908 185.886914 -14.803571
v -52.979767 185.886914 -14.541663
v -53.057147 185.886914 -14.660712
v -53.086908 185.886914 -14.803571
v -52.979767 185.886914 -14.541663
v -52.729767 185.886914 -14.422614
v -52.866669 185.886914 -14.464282
v -52.979767 185.886914 -14.541663
v -52.729767 185.886914 -14.422614
v -52.455957 187.779773 -14.482141
v -52.586908 187.779773 -14.434521
v -52.586908 185.886914 -14.434521
v -52.455957 187.779773 -14.482141
v -52.586908 185.886914 -14.434521
v -52.455957 185.886914 -14.482141
v -52.455957 187.779773 -14.482141
v -52.586908 185.886914 -14.434521
v -52.586908 187.779773 -14.434521
v -52.729767 187.779773 -14.422614
v -52.729767 185.886914 -14.422614
v -52.586908 187.779773 -14.434521
v -52.729767 185.886914 -14.422614
v -52.586908 185.886914 -14.434521
v -52.586908 187.779773 -14.434521
v -52.729767 185.886914 -14.422614
v -52.729767 187.779773 -14.422614
v -52.866669 187.779773 -14.464282
v -52.866669 185.886914 -14.464282
v -52.729767 187.779773 -14.422614
v -52.866669 185.886914 -14.464282
v -52.729767 185.886914 -14.422614
v -52.729767 187.779773 -14.422614
v -52.866669 185.886914 -14.464282
v -52.866669 187.779773 -14.464282
v -52.979767 187.779773 -14.541663
v -52.979767 185.886914 -14.541663
v -52.866669 187.779773 -14.464282
v -52.979767 185.886914 -14.541663
v -52.866669 185.886914 -14.464282
v -52.866669 187.779773 -14.464282
v -52.979767 185.886914 -14.541663
v -52.979767 187.779773 -14.541663
v -53.057147 187.779773 -14.660712
v -53.057147 185.886914 -14.660712
v -52.979767 187.779773 -14.541663
v -53.057147 185.886914 -14.660712
v -52.979767 185.886914 -14.541663
v -52.979767 187.779773 -14.541663
v -53.057147 185.886914 -14.660712
v -53.057147 187.779773 -14.660712
v -53.086908 187.779773 -14.803571
v -53.086908 185.886914 -14.803571
v -53.057147 187.779773 -14.660712
v -53.086908 185.886914 -14.803571
v -53.057147 185.886914 -14.660712
v -53.057147 187.779773 -14.660712
v -53.086908 185.886914 -14.803571
v -53.086908 187.779773 -14.803571
v -53.075006 187.779773 -14.940472
v -53.075006 185.886914 -14.940472
v -53.086908 187.779773 -14.803571
v -53.075006 185.886914 -14.940472
v -53.086908 185.886914 -14.803571
v -53.086908 187.779773 -14.803571
v -53.075006 185.886914 -14.940472
v -53.075006 187.779773 -14.940472
v -53.009528 187.779773 -15.071423
v -53.009528 185.886914 -15.071423
v -53.075006 187.779773 -14.940472
v -53.009528 185.886914 -15.071423
v -53.075006 185.886914 -14.940472
v -53.075006 187.779773 -14.940472
v -53.009528 185.886914 -15.071423
v -53.009528 187.779773 -15.071423
v -52.908337 187.779773 -15.160712
v -52.908337 185.886914 -15.160712
v -53.009528 187.779773 -15.071423
v -52.908337 185.886914 -15.160712
v -53.009528 185.886914 -15.071423
v -53.009528 187.779773 -15.071423
v -52.908337 185.886914 -15.160712
v -52.908337 187.779773 -15.160712
v -52.777386 187.779773 -15.220233
v -52.777386 185.886914 -15.220233
v -52.908337 187.779773 -15.160712
v -52.777386 185.886914 -15.220233
v -52.908337 185.886914 -15.160712
v -52.908337 187.779773 -15.160712
v -52.777386 185.886914 -15.220233
v -52.777386 187.779773 -15.220233
v -52.634528 187.779773 -15.232141
v -52.634528 185.886914 -15.232141
v -52.777386 187.779773 -15.220233
v -52.634528 185.886914 -15.232141
v -52.777386 185.886914 -15.220233
v -52.777386 187.779773 -15.220233
v -52.634528 185.886914 -15.232141
v -52.634528 187.779773 -15.232141
v -52.49762 187.779773 -15.190472
v -52.49762 185.886914 -15.190472
v -52.634528 187.779773 -15.232141
v -52.49762 185.886914 -15.190472
v -52.634528 185.886914 -15.232141
v -52.634528 187.779773 -15.232141
v -52.49762 185.886914 -15.190472
v -52.49762 187.779773 -15.190472
v -52.384528 187.779773 -15.10119
v -52.384528 185.886914 -15.10119
v -52.49762 187.779773 -15.190472
v -52.384528 185.886914 -15.10119
v -52.49762 185.886914 -15.190472
v -52.49762 187.779773 -15.190472
v -52.384528 185.886914 -15.10119
v -52.384528 187.779773 -15.10119
v -52.307147 187.779773 -14.982141
v -52.307147 185.886914 -14.982141
v -52.384528 187.779773 -15.10119
v -52.307147 185.886914 -14.982141
v -52.384528 185.886914 -15.10119
v -52.384528 187.779773 -15.10119
v -52.307147 185.886914 -14.982141
v -52.307147 187.779773 -14.982141
v -52.277386 187.779773 -14.85119
v -52.277386 185.886914 -14.85119
v -52.307147 187.779773 -14.982141
v -52.277386 185.886914 -14.85119
v -52.307147 185.886914 -14.982141
v -52.307147 187.779773 -14.982141
v -52.277386 185.886914 -14.85119
v -52.277386 187.779773 -14.85119
v -52.295239 187.779773 -14.714282
v -52.295239 185.886914 -14.714282
v -52.277386 187.779773 -14.85119
v -52.295239 185.886914 -14.714282
v -52.277386 185.886914 -14.85119
v -52.277386 187.779773 -14.85119
v -52.295239 185.886914 -14.714282
v -52.295239 187.779773 -14.714282
v -52.354767 187.779773 -14.583331
v -52.354767 185.886914 -14.583331
v -52.295239 187.779773 -14.714282
v -52.354767 185.886914 -14.583331
v -52.295239 185.886914 -14.714282
v -52.295239 187.779773 -14.714282
v -52.354767 185.886914 -14.583331
v -52.354767 187.779773 -14.583331
v -52.455957 187.779773 -14.482141
v -52.455957 185.886914 -14.482141
v -52.354767 187.779773 -14.583331
v -52.455957 185.886914 -14.482141
v -52.354767 185.886914 -14.583331
v -52.354767 187.779773 -14.583331
v -52.455957 185.886914 -14.482141
v -37.24762 187.779773 1.065479
v -37.188098 187.779773 0.928577
v -37.336908 187.779773 1.166669
v -37.24762 187.779773 1.065479
v -37.188098 187.779773 0.928577
v -37.229767 187.779773 0.654767
v -37.336908 187.779773 1.166669
v -37.188098 187.779773 0.928577
v -37.229767 187.779773 0.654767
v -37.604767 187.779773 1.255957
v -37.336908 187.779773 1.166669
v -37.229767 187.779773 0.654767
v -37.604767 187.779773 1.255957
v -37.467859 187.779773 1.238098
v -37.336908 187.779773 1.166669
v -37.604767 187.779773 1.255957
v -37.229767 187.779773 0.654767
v -37.717859 187.779773 0.458337
v -37.604767 187.779773 1.255957
v -37.229767 187.779773 0.654767
v -37.717859 187.779773 0.458337
v -37.985718 187.779773 0.904767
v -37.604767 187.779773 1.255957
v -37.717859 187.779773 0.458337
v -37.985718 187.779773 0.904767
v -37.854767 187.779773 1.148816
v -37.604767 187.779773 1.255957
v -37.985718 187.779773 0.904767
v -37.854767 187.779773 1.148816
v -37.735718 187.779773 1.226196
v -37.604767 187.779773 1.255957
v -37.854767 187.779773 1.148816
v -37.985718 187.779773 0.904767
v -37.944049 187.779773 1.035718
v -37.854767 187.779773 1.148816
v -37.985718 187.779773 0.904767
v -37.717859 187.779773 0.458337
v -37.938098 187.779773 0.636908
v -37.985718 187.779773 0.904767
v -37.717859 187.779773 0.458337
v -37.938098 187.779773 0.636908
v -37.985718 187.779773 0.767859
v -37.985718 187.779773 0.904767
v -37.938098 187.779773 0.636908
v -37.717859 187.779773 0.458337
v -37.836908 187.779773 0.529767
v -37.938098 187.779773 0.636908
v -37.717859 187.779773 0.458337
v -37.229767 187.779773 0.654767
v -37.438098 187.779773 0.464288
v -37.717859 187.779773 0.458337
v -37.229767 187.779773 0.654767
v -37.438098 187.779773 0.464288
v -37.575 187.779773 0.434528
v -37.717859 187.779773 0.458337
v -37.438098 187.779773 0.464288
v -37.229767 187.779773 0.654767
v -37.319049 187.779773 0.54762
v -37.438098 187.779773 0.464288
v -37.229767 187.779773 0.654767
v -37.188098 187.779773 0.928577
v -37.188098 187.779773 0.785718
v -37.229767 187.779773 0.654767
v -37.188098 187.779773 0.928577
v -37.336908 185.886914 1.166669
v -37.467859 185.886914 1.238098
v -37.24762 185.886914 1.065479
v -37.336908 185.886914 1.166669
v -37.467859 185.886914 1.238098
v -37.735718 185.886914 1.226196
v -37.24762 185.886914 1.065479
v -37.467859 185.886914 1.238098
v -37.735718 185.886914 1.226196
v -37.188098 185.886914 0.785718
v -37.24762 185.886914 1.065479
v -37.735718 185.886914 1.226196
v -37.188098 185.886914 0.785718
v -37.188098 185.886914 0.928577
v -37.24762 185.886914 1.065479
v -37.188098 185.886914 0.785718
v -37.735718 185.886914 1.226196
v -37.985718 185.886914 0.767859
v -37.188098 185.886914 0.785718
v -37.735718 185.886914 1.226196
v -37.985718 185.886914 0.767859
v -37.575 185.886914 0.434528
v -37.188098 185.886914 0.785718
v -37.985718 185.886914 0.767859
v -37.575 185.886914 0.434528
v -37.319049 185.886914 0.54762
v -37.188098 185.886914 0.785718
v -37.575 185.886914 0.434528
v -37.319049 185.886914 0.54762
v -37.229767 185.886914 0.654767
v -37.188098 185.886914 0.785718
v -37.319049 185.886914 0.54762
v -37.575 185.886914 0.434528
v -37.438098 185.886914 0.464288
v -37.319049 185.886914 0.54762
v -37.575 185.886914 0.434528
v -37.985718 185.886914 0.767859
v -37.836908 185.886914 0.529767
v -37.575 185.886914 0.434528
v -37.985718 185.886914 0.767859
v -37.836908 185.886914 0.529767
v -37.717859 185.886914 0.458337
v -37.575 185.886914 0.434528
v -37.836908 185.886914 0.529767
v -37.985718 185.886914 0.767859
v -37.938098 185.886914 0.636908
v -37.836908 185.886914 0.529767
v -37.985718 185.886914 0.767859
v -37.735718 185.886914 1.226196
v -37.944049 185.886914 1.035718
v -37.985718 185.886914 0.767859
v -37.735718 185.886914 1.226196
v -37.944049 185.886914 1.035718
v -37.985718 185.886914 0.904767
v -37.985718 185.886914 0.767859
v -37.944049 185.886914 1.035718
v -37.735718 185.886914 1.226196
v -37.854767 185.886914 1.148816
v -37.944049 185.886914 1.035718
v -37.735718 185.886914 1.226196
v -37.467859 185.886914 1.238098
v -37.604767 185.886914 1.255957
v -37.735718 185.886914 1.226196
v -37.467859 185.886914 1.238098
v -37.24762 187.779773 1.065479
v -37.336908 187.779773 1.166669
v -37.336908 185.886914 1.166669
v -37.24762 187.779773 1.065479
v -37.336908 185.886914 1.166669
v -37.24762 185.886914 1.065479
v -37.24762 187.779773 1.065479
v -37.336908 185.886914 1.166669
v -37.336908 187.779773 1.166669
v -37.467859 187.779773 1.238098
v -37.467859 185.886914 1.238098
v -37.336908 187.779773 1.166669
v -37.467859 185.886914 1.238098
v -37.336908 185.886914 1.166669
v -37.336908 187.779773 1.166669
v -37.467859 185.886914 1.238098
v -37.467859 187.779773 1.238098
v -37.604767 187.779773 1.255957
v -37.604767 185.886914 1.255957
v -37.467859 187.779773 1.238098
v -37.604767 185.886914 1.255957
v -37.467859 185.886914 1.238098
v -37.467859 187.779773 1.238098
v -37.604767 185.886914 1.255957
v -37.604767 187.779773 1.255957
v -37.735718 187.779773 1.226196
v -37.735718 185.886914 1.226196
v -37.604767 187.779773 1.255957
v -37.735718 185.886914 1.226196
v -37.604767 185.886914 1.255957
v -37.604767 187.779773 1.255957
v -37.735718 185.886914 1.226196
v -37.735718 187.779773 1.226196
v -37.854767 187.779773 1.148816
v -37.854767 185.886914 1.148816
v -37.735718 187.779773 1.226196
v -37.854767 185.886914 1.148816
v -37.735718 185.886914 1.226196
v -37.735718 187.779773 1.226196
v -37.854767 185.886914 1.148816
v -37.854767 187.779773 1.148816
v -37.944049 187.779773 1.035718
v -37.944049 185.886914 1.035718
v -37.854767 187.779773 1.148816
v -37.944049 185.886914 1.035718
v -37.854767 185.886914 1.148816
v -37.854767 187.779773 1.148816
v -37.944049 185.886914 1.035718
v -37.944049 187.779773 1.035718
v -37.985718 187.779773 0.904767
v -37.985718 185.886914 0.904767
v -37.944049 187.779773 1.035718
v -37.985718 185.886914 0.904767
v -37.944049 185.886914 1.035718
v -37.944049 187.779773 1.035718
v -37.985718 185.886914 0.904767
v -37.985718 187.779773 0.904767
v -37.985718 187.779773 0.767859
v -37.985718 185.886914 0.767859
v -37.985718 187.779773 0.904767
v -37.985718 185.886914 0.767859
v -37.985718 185.886914 0.904767
v -37.985718 187.779773 0.904767
v -37.985718 185.886914 0.767859
v -37.985718 187.779773 0.767859
v -37.938098 187.779773 0.636908
v -37.938098 185.886914 0.636908
v -37.985718 187.779773 0.767859
v -37.938098 185.886914 0.636908
v -37.985718 185.886914 0.767859
v -37.985718 187.779773 0.767859
v -37.938098 185.886914 0.636908
v -37.938098 187.779773 0.636908
v -37.836908 187.779773 0.529767
v -37.836908 185.886914 0.529767
v -37.938098 187.779773 0.636908
v -37.836908 185.886914 0.529767
v -37.938098 185.886914 0.636908
v -37.938098 187.779773 0.636908
v -37.836908 185.886914 0.529767
v -37.836908 187.779773 0.529767
v -37.717859 187.779773 0.458337
v -37.717859 185.886914 0.458337
v -37.836908 187.779773 0.529767
v -37.717859 185.886914 0.458337
v -37.836908 185.886914 0.529767
v -37.836908 187.779773 0.529767
v -37.717859 185.886914 0.458337
v -37.717859 187.779773 0.458337
v -37.575 187.779773 0.434528
v -37.575 185.886914 0.434528
v -37.717859 187.779773 0.458337
v -37.575 185.886914 0.434528
v -37.717859 185.886914 0.458337
v -37.717859 187.779773 0.458337
v -37.575 185.886914 0.434528
v -37.575 187.779773 0.434528
v -37.438098 187.779773 0.464288
v -37.438098 185.886914 0.464288
v -37.575 187.779773 0.434528
v -37.438098 185.886914 0.464288
v -37.575 185.886914 0.434528
v -37.575 187.779773 0.434528
v -37.438098 185.886914 0.464288
v -37.438098 187.779773 0.464288
v -37.319049 187.779773 0.54762
v -37.319049 185.886914 0.54762
v -37.438098 187.779773 0.464288
v -37.319049 185.886914 0.54762
v -37.438098 185.886914 0.464288
v -37.438098 187.779773 0.464288
v -37.319049 185.886914 0.54762
v -37.319049 187.779773 0.54762
v -37.229767 187.779773 0.654767
v -37.229767 185.886914 0.654767
v -37.319049 187.779773 0.54762
v -37.229767 185.886914 0.654767
v -37.319049 185.886914 0.54762
v -37.319049 187.779773 0.54762
v -37.229767 185.886914 0.654767
v -37.229767 187.779773 0.654767
v -37.188098 187.779773 0.785718
v -37.188098 185.886914 0.785718
v -37.229767 187.779773 0.654767
v -37.188098 185.886914 0.785718
v -37.229767 185.886914 0.654767
v -37.229767 187.779773 0.654767
v -37.188098 185.886914 0.785718
v -37.188098 187.779773 0.785718
v -37.188098 187.779773 0.928577
v -37.188098 185.886914 0.928577
v -37.188098 187.779773 0.785718
v -37.188098 185.886914 0.928577
v -37.188098 185.886914 0.785718
v -37.188098 187.779773 0.785718
v -37.188098 185.886914 0.928577
v -37.188098 187.779773 0.928577
v -37.24762 187.779773 1.065479
v -37.24762 185.886914 1.065479
v -37.188098 187.779773 0.928577
v -37.24762 185.886914 1.065479
v -37.188098 185.886914 0.928577
v -37.188098 187.779773 0.928577
v -37.24762 185.886914 1.065479
v -59.688098 186.029773 -26.083331
v -60.295239 186.029773 -28.041666
v -59.479767 185.869055 -28.303571
v -59.688098 186.029773 -26.083331
v -59.479767 185.869055 -28.303571
v -58.878577 185.869055 -26.333331
v -59.688098 186.029773 -26.083331
v -59.479767 185.869055 -28.303571
v -60.295239 186.029773 -28.041666
v -60.295239 186.125012 -28.041666
v -59.479767 186.285718 -28.303571
v -60.295239 186.029773 -28.041666
v -59.479767 186.285718 -28.303571
v -59.479767 185.869055 -28.303571
v -60.295239 186.029773 -28.041666
v -59.479767 186.285718 -28.303571
v -60.295239 186.125012 -28.041666
v -59.688098 186.125012 -26.083331
v -58.878577 186.285718 -26.333331
v -60.295239 186.125012 -28.041666
v -58.878577 186.285718 -26.333331
v -59.479767 186.285718 -28.303571
v -60.295239 186.125012 -28.041666
v -58.878577 186.285718 -26.333331
v -59.688098 186.125012 -26.083331
v -59.688098 186.029773 -26.083331
v -58.878577 185.869055 -26.333331
v -59.688098 186.125012 -26.083331
v -58.878577 185.869055 -26.333331
v -58.878577 186.285718 -26.333331
v -59.688098 186.125012 -26.083331
v -58.878577 185.869055 -26.333331
v -58.878577 185.869055 -26.333331
v -59.479767 185.869055 -28.303571
v -59.735718 185.654773 -29.142856
v -58.878577 185.869055 -26.333331
v -59.735718 185.654773 -29.142856
v -58.616669 185.654773 -25.482141
v -58.878577 185.869055 -26.333331
v -59.735718 185.654773 -29.142856
v -59.479767 185.869055 -28.303571
v -59.479767 186.285718 -28.303571
v -59.735718 186.494055 -29.142856
v -59.479767 185.869055 -28.303571
v -59.735718 186.494055 -29.142856
v -59.735718 185.654773 -29.142856
v -59.479767 185.869055 -28.303571
v -59.735718 186.494055 -29.142856
v -59.479767 186.285718 -28.303571
v -58.878577 186.285718 -26.333331
v -58.616669 186.494055 -25.482141
v -59.479767 186.285718 -28.303571
v -58.616669 186.494055 -25.482141
v -59.735718 186.494055 -29.142856
v -59.479767 186.285718 -28.303571
v -58.616669 186.494055 -25.482141
v -58.878577 186.285718 -26.333331
v -58.878577 185.869055 -26.333331
v -58.616669 185.654773 -25.482141
v -58.878577 186.285718 -26.333331
v -58.616669 185.654773 -25.482141
v -58.616669 186.494055 -25.482141
v -58.878577 186.285718 -26.333331
v -58.616669 185.654773 -25.482141
v -57.598816 185.684534 -25.934521
v -57.545239 185.696436 -25.994046
v -57.545239 186.458337 -25.994046
v -57.598816 185.684534 -25.934521
v -57.545239 186.458337 -25.994046
v -57.598816 186.464294 -25.934521
v -57.598816 185.684534 -25.934521
v -57.545239 186.458337 -25.994046
v -57.598816 186.464294 -25.934521
v -57.545239 186.458337 -25.994046
v -58.569049 186.458337 -29.321426
v -57.598816 186.464294 -25.934521
v -58.569049 186.458337 -29.321426
v -58.646429 186.464294 -29.345236
v -57.598816 186.464294 -25.934521
v -58.569049 186.458337 -29.321426
v -58.646429 186.464294 -29.345236
v -58.569049 186.458337 -29.321426
v -58.569049 185.696436 -29.321426
v -58.646429 186.464294 -29.345236
v -58.569049 185.696436 -29.321426
v -58.646429 185.684534 -29.345236
v -58.646429 186.464294 -29.345236
v -58.569049 185.696436 -29.321426
v -58.646429 185.684534 -29.345236
v -58.569049 185.696436 -29.321426
v -57.545239 185.696436 -25.994046
v -58.646429 185.684534 -29.345236
v -57.545239 185.696436 -25.994046
v -57.598816 185.684534 -25.934521
v -58.646429 185.684534 -29.345236
v -57.545239 185.696436 -25.994046
v -57.515479 185.708337 -26.053571
v -57.515479 185.726196 -26.124997
v -57.515479 186.428577 -26.124997
v -57.515479 185.708337 -26.053571
v -57.515479 186.428577 -26.124997
v -57.515479 186.446436 -26.053571
v -57.515479 185.708337 -26.053571
v -57.515479 186.428577 -26.124997
v -57.515479 186.446436 -26.053571
v -57.515479 186.428577 -26.124997
v -58.479767 186.428577 -29.244046
v -57.515479 186.446436 -26.053571
v -58.479767 186.428577 -29.244046
v -58.515479 186.446436 -29.291666
v -57.515479 186.446436 -26.053571
v -58.479767 186.428577 -29.244046
v -58.515479 186.446436 -29.291666
v -58.479767 186.428577 -29.244046
v -58.479767 185.726196 -29.244046
v -58.515479 186.446436 -29.291666
v -58.479767 185.726196 -29.244046
v -58.515479 185.708337 -29.291666
v -58.515479 186.446436 -29.291666
v -58.479767 185.726196 -29.244046
v -58.515479 185.708337 -29.291666
v -58.479767 185.726196 -29.244046
v -57.515479 185.726196 -26.124997
v -58.515479 185.708337 -29.291666
v -57.515479 185.726196 -26.124997
v -57.515479 185.708337 -26.053571
v -58.515479 185.708337 -29.291666
v -57.515479 185.726196 -26.124997
v -57.545239 185.696436 -25.994046
v -57.515479 185.708337 -26.053571
v -57.515479 186.446436 -26.053571
v -57.545239 185.696436 -25.994046
v -57.515479 186.446436 -26.053571
v -57.545239 186.458337 -25.994046
v -57.545239 185.696436 -25.994046
v -57.515479 186.446436 -26.053571
v -57.545239 186.458337 -25.994046
v -57.515479 186.446436 -26.053571
v -58.515479 186.446436 -29.291666
v -57.545239 186.458337 -25.994046
v -58.515479 186.446436 -29.291666
v -58.569049 186.458337 -29.321426
v -57.545239 186.458337 -25.994046
v -58.515479 186.446436 -29.291666
v -58.569049 186.458337 -29.321426
v -58.515479 186.446436 -29.291666
v -58.515479 185.708337 -29.291666
v -58.569049 186.458337 -29.321426
v -58.515479 185.708337 -29.291666
v -58.569049 185.696436 -29.321426
v -58.569049 186.458337 -29.321426
v -58.515479 185.708337 -29.291666
v -58.569049 185.696436 -29.321426
v -58.515479 185.708337 -29.291666
v -57.515479 185.708337 -26.053571
v -58.569049 185.696436 -29.321426
v -57.515479 185.708337 -26.053571
v -57.545239 185.696436 -25.994046
v -58.569049 185.696436 -29.321426
v -57.515479 185.708337 -26.053571
v -57.598816 185.684534 -25.934521
v -57.598816 186.464294 -25.934521
v -58.616669 186.494055 -25.482141
v -57.598816 185.684534 -25.934521
v -58.616669 186.494055 -25.482141
v -58.616669 185.654773 -25.482141
v -57.598816 185.684534 -25.934521
v -58.616669 186.494055 -25.482141
v -57.598816 186.464294 -25.934521
v -58.646429 186.464294 -29.345236
v -59.735718 186.494055 -29.142856
v -57.598816 186.464294 -25.934521
v -59.735718 186.494055 -29.142856
v -58.616669 186.494055 -25.482141
v -57.598816 186.464294 -25.934521
v -59.735718 186.494055 -29.142856
v -58.646429 186.464294 -29.345236
v -58.646429 185.684534 -29.345236
v -59.735718 185.654773 -29.142856
v -58.646429 186.464294 -29.345236
v -59.735718 185.654773 -29.142856
v -59.735718 186.494055 -29.142856
v -58.646429 186.464294 -29.345236
v -59.735718 185.654773 -29.142856
v -58.646429 185.684534 -29.345236
v -57.598816 185.684534 -25.934521
v -58.616669 185.654773 -25.482141
v -58.646429 185.684534 -29.345236
v -58.616669 185.654773 -25.482141
v -59.735718 185.654773 -29.142856
v -58.646429 185.684534 -29.345236
v -58.616669 185.654773 -25.482141
v -58.479767 186.428577 -29.244046
v -57.515479 186.428577 -26.124997
v -57.515479 185.726196 -26.124997
v -58.479767 186.428577 -29.244046
v -57.515479 185.726196 -26.124997
v -58.479767 185.726196 -29.244046
v -58.479767 186.428577 -29.244046
v -57.515479 185.726196 -26.124997
v -60.295239 186.125012 -28.041666
v -60.295239 186.029773 -28.041666
v -59.688098 186.029773 -26.083331
v -60.295239 186.125012 -28.041666
v -59.688098 186.029773 -26.083331
v -59.688098 186.125012 -26.083331
v -60.295239 186.125012 -28.041666
v -59.688098 186.029773 -26.083331
v -59.545239 187.869055 -26.613092
v -59.235718 187.869055 -25.654761
v -58.414288 187.869055 -25.922617
v -59.545239 187.869055 -26.613092
v -58.414288 187.869055 -25.922617
v -58.729767 187.869055 -26.880951
v -59.545239 187.869055 -26.613092
v -58.414288 187.869055 -25.922617
v -59.235718 187.869055 -25.654761
v -59.235718 187.464294 -25.654761
v -58.414288 187.464294 -25.922617
v -59.235718 187.869055 -25.654761
v -58.414288 187.464294 -25.922617
v -58.414288 187.869055 -25.922617
v -59.235718 187.869055 -25.654761
v -58.414288 187.464294 -25.922617
v -59.235718 187.464294 -25.654761
v -59.545239 187.464294 -26.613092
v -58.729767 187.464294 -26.880951
v -59.235718 187.464294 -25.654761
v -58.729767 187.464294 -26.880951
v -58.414288 187.464294 -25.922617
v -59.235718 187.464294 -25.654761
v -58.729767 187.464294 -26.880951
v -59.545239 187.464294 -26.613092
v -59.545239 187.869055 -26.613092
v -58.729767 187.869055 -26.880951
v -59.545239 187.464294 -26.613092
v -58.729767 187.869055 -26.880951
v -58.729767 187.464294 -26.880951
v -59.545239 187.464294 -26.613092
v -58.729767 187.869055 -26.880951
v -59.854767 187.464294 -27.583331
v -60.176196 187.464294 -28.541666
v -59.348816 187.464294 -28.803571
v -59.854767 187.464294 -27.583331
v -59.348816 187.464294 -28.803571
v -59.039288 187.464294 -27.845236
v -59.854767 187.464294 -27.583331
v -59.348816 187.464294 -28.803571
v -60.176196 187.464294 -28.541666
v -60.176196 187.869055 -28.541666
v -59.348816 187.869055 -28.803571
v -60.176196 187.464294 -28.541666
v -59.348816 187.869055 -28.803571
v -59.348816 187.464294 -28.803571
v -60.176196 187.464294 -28.541666
v -59.348816 187.869055 -28.803571
v -60.176196 187.869055 -28.541666
v -59.854767 187.869055 -27.583331
v -59.039288 187.869055 -27.845236
v -60.176196 187.869055 -28.541666
v -59.039288 187.869055 -27.845236
v -59.348816 187.869055 -28.803571
v -60.176196 187.869055 -28.541666
v -59.039288 187.869055 -27.845236
v -59.854767 187.869055 -27.583331
v -59.854767 187.464294 -27.583331
v -59.039288 187.464294 -27.845236
v -59.854767 187.869055 -27.583331
v -59.039288 187.464294 -27.845236
v -59.039288 187.869055 -27.845236
v -59.854767 187.869055 -27.583331
v -59.039288 187.464294 -27.845236
v -58.414288 187.464294 -25.922617
v -58.729767 187.464294 -26.880951
v -58.729767 187.166675 -26.880951
v -58.414288 187.464294 -25.922617
v -58.729767 187.166675 -26.880951
v -58.414288 187.166675 -25.922617
v -58.414288 187.464294 -25.922617
v -58.729767 187.166675 -26.880951
v -58.729767 187.869055 -26.880951
v -58.414288 187.869055 -25.922617
v -58.414288 188.166675 -25.922617
v -58.729767 187.869055 -26.880951
v -58.414288 188.166675 -25.922617
v -58.729767 188.166675 -26.880951
v -58.729767 187.869055 -26.880951
v -58.414288 188.166675 -25.922617
v -58.729767 187.464294 -26.880951
v -59.039288 187.464294 -27.845236
v -59.039288 187.166675 -27.845236
v -58.729767 187.464294 -26.880951
v -59.039288 187.166675 -27.845236
v -58.729767 187.166675 -26.880951
v -58.729767 187.464294 -26.880951
v -59.039288 187.166675 -27.845236
v -59.039288 187.869055 -27.845236
v -58.729767 187.869055 -26.880951
v -58.729767 188.166675 -26.880951
v -59.039288 187.869055 -27.845236
v -58.729767 188.166675 -26.880951
v -59.039288 188.166675 -27.845236
v -59.039288 187.869055 -27.845236
v -58.729767 188.166675 -26.880951
v -59.039288 187.464294 -27.845236
v -59.348816 187.464294 -28.803571
v -59.348816 187.166675 -28.803571
v -59.039288 187.464294 -27.845236
v -59.348816 187.166675 -28.803571
v -59.039288 187.166675 -27.845236
v -59.039288 187.464294 -27.845236
v -59.348816 187.166675 -28.803571
v -59.348816 187.869055 -28.803571
v -59.039288 187.869055 -27.845236
v -59.039288 188.166675 -27.845236
v -59.348816 187.869055 -28.803571
v -59.039288 188.166675 -27.845236
v -59.348816 188.166675 -28.803571
v -59.348816 187.869055 -28.803571
v -59.039288 188.166675 -27.845236
v -58.717859 187.166675 -29.011902
v -59.348816 188.166675 -28.803571
v -58.717859 188.166675 -29.011902
v -58.717859 187.166675 -29.011902
v -58.717859 187.166675 -29.011902
v -59.348816 187.869055 -28.803571
v -59.348816 188.166675 -28.803571
v -58.717859 187.166675 -29.011902
v -58.717859 187.166675 -29.011902
v -59.348816 187.464294 -28.803571
v -59.348816 187.869055 -28.803571
v -58.717859 187.166675 -29.011902
v -58.717859 187.166675 -29.011902
v -59.348816 187.166675 -28.803571
v -59.348816 187.464294 -28.803571
v -58.717859 187.166675 -29.011902
v -58.717859 188.166675 -29.011902
v -58.128577 188.166675 -28.142856
v -58.128577 187.166675 -28.142856
v -58.717859 188.166675 -29.011902
v -58.128577 187.166675 -28.142856
v -58.717859 187.166675 -29.011902
v -58.717859 188.166675 -29.011902
v -58.128577 187.166675 -28.142856
v -58.128577 188.166675 -28.142856
v -57.819049 188.166675 -27.184521
v -57.819049 187.166675 -27.184521
v -58.128577 188.166675 -28.142856
v -57.819049 187.166675 -27.184521
v -58.128577 187.166675 -28.142856
v -58.128577 188.166675 -28.142856
v -57.819049 187.166675 -27.184521
v -57.819049 188.166675 -27.184521
v -57.777386 188.166675 -26.130951
v -57.777386 187.166675 -26.130951
v -57.819049 188.166675 -27.184521
v -57.777386 187.166675 -26.130951
v -57.819049 187.166675 -27.184521
v -57.819049 188.166675 -27.184521
v -57.777386 187.166675 -26.130951
v -58.414288 187.166675 -25.922617
v -57.777386 188.166675 -26.130951
v -58.414288 187.464294 -25.922617
v -58.414288 187.166675 -25.922617
v -57.777386 188.166675 -26.130951
v -58.414288 187.869055 -25.922617
v -58.414288 187.464294 -25.922617
v -57.777386 188.166675 -26.130951
v -57.777386 188.166675 -26.130951
v -58.414288 188.166675 -25.922617
v -58.414288 187.869055 -25.922617
v -57.777386 188.166675 -26.130951
v -58.414288 187.166675 -25.922617
v -57.777386 187.166675 -26.130951
v -57.777386 188.166675 -26.130951
v -58.414288 187.166675 -25.922617
v -59.545239 187.464294 -26.613092
v -59.235718 187.464294 -25.654761
v -59.235718 187.869055 -25.654761
v -59.545239 187.464294 -26.613092
v -59.235718 187.869055 -25.654761
v -59.545239 187.869055 -26.613092
v -59.545239 187.464294 -26.613092
v -59.235718 187.869055 -25.654761
v -59.039288 187.464294 -27.845236
v -58.729767 187.464294 -26.880951
v -58.729767 187.869055 -26.880951
v -59.039288 187.464294 -27.845236
v -58.729767 187.869055 -26.880951
v -59.039288 187.869055 -27.845236
v -59.039288 187.464294 -27.845236
v -58.729767 187.869055 -26.880951
v -60.176196 187.464294 -28.541666
v -59.854767 187.464294 -27.583331
v -59.854767 187.869055 -27.583331
v -60.176196 187.464294 -28.541666
v -59.854767 187.869055 -27.583331
v -60.176196 187.869055 -28.541666
v -60.176196 187.464294 -28.541666
v -59.854767 187.869055 -27.583331
v -57.777386 188.166675 -26.130951
v -57.819049 188.166675 -27.184521
v -58.729767 188.166675 -26.880951
v -57.777386 188.166675 -26.130951
v -58.729767 188.166675 -26.880951
v -58.414288 188.166675 -25.922617
v -57.777386 188.166675 -26.130951
v -58.729767 188.166675 -26.880951
v -57.819049 188.166675 -27.184521
v -58.128577 188.166675 -28.142856
v -59.039288 188.166675 -27.845236
v -57.819049 188.166675 -27.184521
v -59.039288 188.166675 -27.845236
v -58.729767 188.166675 -26.880951
v -57.819049 188.166675 -27.184521
v -59.039288 188.166675 -27.845236
v -58.128577 188.166675 -28.142856
v -58.717859 188.166675 -29.011902
v -59.348816 188.166675 -28.803571
v -58.128577 188.166675 -28.142856
v -59.348816 188.166675 -28.803571
v -59.039288 188.166675 -27.845236
v -58.128577 188.166675 -28.142856
v -59.348816 188.166675 -28.803571
v -57.777386 187.166675 -26.130951
v -58.414288 187.166675 -25.922617
v -58.729767 187.166675 -26.880951
v -57.777386 187.166675 -26.130951
v -58.729767 187.166675 -26.880951
v -57.819049 187.166675 -27.184521
v -57.777386 187.166675 -26.130951
v -58.729767 187.166675 -26.880951
v -57.819049 187.166675 -27.184521
v -58.729767 187.166675 -26.880951
v -59.039288 187.166675 -27.845236
v -57.819049 187.166675 -27.184521
v -59.039288 187.166675 -27.845236
v -58.128577 187.166675 -28.142856
v -57.819049 187.166675 -27.184521
v -59.039288 187.166675 -27.845236
v -58.128577 187.166675 -28.142856
v -59.039288 187.166675 -27.845236
v -59.348816 187.166675 -28.803571
v -58.128577 187.166675 -28.142856
v -59.348816 187.166675 -28.803571
v -58.717859 187.166675 -29.011902
v -58.128577 187.166675 -28.142856
v -59.348816 187.166675 -28.803571
v -24.628574 186.029773 8.797626
v -26.569049 186.029773 8.125006
v -26.289288 185.869055 7.315479
v -24.628574 186.029773 8.797626
v -26.289288 185.869055 7.315479
v -24.348813 185.869055 7.994049
v -24.628574 186.029773 8.797626
v -26.289288 185.869055 7.315479
v -26.569049 186.029773 8.125006
v -26.569049 186.125012 8.125006
v -26.289288 186.285718 7.315479
v -26.569049 186.029773 8.125006
v -26.289288 186.285718 7.315479
v -26.289288 185.869055 7.315479
v -26.569049 186.029773 8.125006
v -26.289288 186.285718 7.315479
v -26.569049 186.125012 8.125006
v -24.628574 186.125012 8.797626
v -24.348813 186.285718 7.994049
v -26.569049 186.125012 8.125006
v -24.348813 186.285718 7.994049
v -26.289288 186.285718 7.315479
v -26.569049 186.125012 8.125006
v -24.348813 186.285718 7.994049
v -24.628574 186.125012 8.797626
v -24.628574 186.029773 8.797626
v -24.348813 185.869055 7.994049
v -24.628574 186.125012 8.797626
v -24.348813 185.869055 7.994049
v -24.348813 186.285718 7.994049
v -24.628574 186.125012 8.797626
v -24.348813 185.869055 7.994049
v -24.348813 185.869055 7.994049
v -26.289288 185.869055 7.315479
v -27.128577 185.654773 7.029767
v -24.348813 185.869055 7.994049
v -27.128577 185.654773 7.029767
v -23.515479 185.654773 8.285718
v -24.348813 185.869055 7.994049
v -27.128577 185.654773 7.029767
v -26.289288 185.869055 7.315479
v -26.289288 186.285718 7.315479
v -27.128577 186.494055 7.029767
v -26.289288 185.869055 7.315479
v -27.128577 186.494055 7.029767
v -27.128577 185.654773 7.029767
v -26.289288 185.869055 7.315479
v -27.128577 186.494055 7.029767
v -26.289288 186.285718 7.315479
v -24.348813 186.285718 7.994049
v -23.515479 186.494055 8.285718
v -26.289288 186.285718 7.315479
v -23.515479 186.494055 8.285718
v -27.128577 186.494055 7.029767
v -26.289288 186.285718 7.315479
v -23.515479 186.494055 8.285718
v -24.348813 186.285718 7.994049
v -24.348813 185.869055 7.994049
v -23.515479 185.654773 8.285718
v -24.348813 186.285718 7.994049
v -23.515479 185.654773 8.285718
v -23.515479 186.494055 8.285718
v -24.348813 186.285718 7.994049
v -23.515479 185.654773 8.285718
v -23.277383 185.684534 7.208337
v -23.289288 185.696436 7.125006
v -23.289288 186.458337 7.125006
v -23.277383 185.684534 7.208337
v -23.289288 186.458337 7.125006
v -23.277383 186.464294 7.208337
v -23.277383 185.684534 7.208337
v -23.289288 186.458337 7.125006
v -23.277383 186.464294 7.208337
v -23.289288 186.458337 7.125006
v -26.575 186.458337 5.976196
v -23.277383 186.464294 7.208337
v -26.575 186.458337 5.976196
v -26.634528 186.464294 6.029767
v -23.277383 186.464294 7.208337
v -26.575 186.458337 5.976196
v -26.634528 186.464294 6.029767
v -26.575 186.458337 5.976196
v -26.575 185.696436 5.976196
v -26.634528 186.464294 6.029767
v -26.575 185.696436 5.976196
v -26.634528 185.684534 6.029767
v -26.634528 186.464294 6.029767
v -26.575 185.696436 5.976196
v -26.634528 185.684534 6.029767
v -26.575 185.696436 5.976196
v -23.289288 185.696436 7.125006
v -26.634528 185.684534 6.029767
v -23.289288 185.696436 7.125006
v -23.277383 185.684534 7.208337
v -26.634528 185.684534 6.029767
v -23.289288 185.696436 7.125006
v -23.325003 185.708337 7.065479
v -23.378574 185.726196 7.029767
v -23.378574 186.428577 7.029767
v -23.325003 185.708337 7.065479
v -23.378574 186.428577 7.029767
v -23.325003 186.446436 7.065479
v -23.325003 185.708337 7.065479
v -23.378574 186.428577 7.029767
v -23.325003 186.446436 7.065479
v -23.378574 186.428577 7.029767
v -26.455957 186.428577 5.958337
v -23.325003 186.446436 7.065479
v -26.455957 186.428577 5.958337
v -26.515479 186.446436 5.958337
v -23.325003 186.446436 7.065479
v -26.455957 186.428577 5.958337
v -26.515479 186.446436 5.958337
v -26.455957 186.428577 5.958337
v -26.455957 185.726196 5.958337
v -26.515479 186.446436 5.958337
v -26.455957 185.726196 5.958337
v -26.515479 185.708337 5.958337
v -26.515479 186.446436 5.958337
v -26.455957 185.726196 5.958337
v -26.515479 185.708337 5.958337
v -26.455957 185.726196 5.958337
v -23.378574 185.726196 7.029767
v -26.515479 185.708337 5.958337
v -23.378574 185.726196 7.029767
v -23.325003 185.708337 7.065479
v -26.515479 185.708337 5.958337
v -23.378574 185.726196 7.029767
v -23.289288 185.696436 7.125006
v -23.325003 185.708337 7.065479
v -23.325003 186.446436 7.065479
v -23.289288 185.696436 7.125006
v -23.325003 186.446436 7.065479
v -23.289288 186.458337 7.125006
v -23.289288 185.696436 7.125006
v -23.325003 186.446436 7.065479
v -23.289288 186.458337 7.125006
v -23.325003 186.446436 7.065479
v -26.515479 186.446436 5.958337
v -23.289288 186.458337 7.125006
v -26.515479 186.446436 5.958337
v -26.575 186.458337 5.976196
v -23.289288 186.458337 7.125006
v -26.515479 186.446436 5.958337
v -26.575 186.458337 5.976196
v -26.515479 186.446436 5.958337
v -26.515479 185.708337 5.958337
v -26.575 186.458337 5.976196
v -26.515479 185.708337 5.958337
v -26.575 185.696436 5.976196
v -26.575 186.458337 5.976196
v -26.515479 185.708337 5.958337
v -26.575 185.696436 5.976196
v -26.515479 185.708337 5.958337
v -23.325003 185.708337 7.065479
v -26.575 185.696436 5.976196
v -23.325003 185.708337 7.065479
v -23.289288 185.696436 7.125006
v -26.575 185.696436 5.976196
v -23.325003 185.708337 7.065479
v -23.277383 185.684534 7.208337
v -23.277383 186.464294 7.208337
v -23.515479 186.494055 8.285718
v -23.277383 185.684534 7.208337
v -23.515479 186.494055 8.285718
v -23.515479 185.654773 8.285718
v -23.277383 185.684534 7.208337
v -23.515479 186.494055 8.285718
v -23.277383 186.464294 7.208337
v -26.634528 186.464294 6.029767
v -27.128577 186.494055 7.029767
v -23.277383 186.464294 7.208337
v -27.128577 186.494055 7.029767
v -23.515479 186.494055 8.285718
v -23.277383 186.464294 7.208337
v -27.128577 186.494055 7.029767
v -26.634528 186.464294 6.029767
v -26.634528 185.684534 6.029767
v -27.128577 185.654773 7.029767
v -26.634528 186.464294 6.029767
v -27.128577 185.654773 7.029767
v -27.128577 186.494055 7.029767
v -26.634528 186.464294 6.029767
v -27.128577 185.654773 7.029767
v -26.634528 185.684534 6.029767
v -23.277383 185.684534 7.208337
v -23.515479 185.654773 8.285718
v -26.634528 185.684534 6.029767
v -23.515479 185.654773 8.285718
v -27.128577 185.654773 7.029767
v -26.634528 185.684534 6.029767
v -23.515479 185.654773 8.285718
v -26.455957 186.428577 5.958337
v -23.378574 186.428577 7.029767
v -23.378574 185.726196 7.029767
v -26.455957 186.428577 5.958337
v -23.378574 185.726196 7.029767
v -26.455957 185.726196 5.958337
v -26.455957 186.428577 5.958337
v -23.378574 185.726196 7.029767
v -26.569049 186.125012 8.125006
v -26.569049 186.029773 8.125006
v -24.628574 186.029773 8.797626
v -26.569049 186.125012 8.125006
v -24.628574 186.029773 8.797626
v -24.628574 186.125012 8.797626
v -26.569049 186.125012 8.125006
v -24.628574 186.029773 8.797626
v -24.979764 187.869055 8.369049
v -24.015479 187.869055 8.684528
v -23.747623 187.869055 7.869049
v -24.979764 187.869055 8.369049
v -23.747623 187.869055 7.869049
v -24.705954 187.869055 7.547626
v -24.979764 187.869055 8.369049
v -23.747623 187.869055 7.869049
v -24.015479 187.869055 8.684528
v -24.015479 187.464294 8.684528
v -23.747623 187.464294 7.869049
v -24.015479 187.869055 8.684528
v -23.747623 187.464294 7.869049
v -23.747623 187.869055 7.869049
v -24.015479 187.869055 8.684528
v -23.747623 187.464294 7.869049
v -24.015479 187.464294 8.684528
v -24.979764 187.464294 8.369049
v -24.705954 187.464294 7.547626
v -24.015479 187.464294 8.684528
v -24.705954 187.464294 7.547626
v -23.747623 187.464294 7.869049
v -24.015479 187.464294 8.684528
v -24.705954 187.464294 7.547626
v -24.979764 187.464294 8.369049
v -24.979764 187.869055 8.369049
v -24.705954 187.869055 7.547626
v -24.979764 187.464294 8.369049
v -24.705954 187.869055 7.547626
v -24.705954 187.464294 7.547626
v -24.979764 187.464294 8.369049
v -24.705954 187.869055 7.547626
v -25.938098 187.464294 8.059528
v -26.896429 187.464294 7.738098
v -26.628577 187.464294 6.916669
v -25.938098 187.464294 8.059528
v -26.628577 187.464294 6.916669
v -25.664288 187.464294 7.238098
v -25.938098 187.464294 8.059528
v -26.628577 187.464294 6.916669
v -26.896429 187.464294 7.738098
v -26.896429 187.869055 7.738098
v -26.628577 187.869055 6.916669
v -26.896429 187.464294 7.738098
v -26.628577 187.869055 6.916669
v -26.628577 187.464294 6.916669
v -26.896429 187.464294 7.738098
v -26.628577 187.869055 6.916669
v -26.896429 187.869055 7.738098
v -25.938098 187.869055 8.059528
v -25.664288 187.869055 7.238098
v -26.896429 187.869055 7.738098
v -25.664288 187.869055 7.238098
v -26.628577 187.869055 6.916669
v -26.896429 187.869055 7.738098
v -25.664288 187.869055 7.238098
v -25.938098 187.869055 8.059528
v -25.938098 187.464294 8.059528
v -25.664288 187.464294 7.238098
v -25.938098 187.869055 8.059528
v -25.664288 187.464294 7.238098
v -25.664288 187.869055 7.238098
v -25.938098 187.869055 8.059528
v -25.664288 187.464294 7.238098
v -23.747623 187.464294 7.869049
v -24.705954 187.464294 7.547626
v -24.705954 187.166675 7.547626
v -23.747623 187.464294 7.869049
v -24.705954 187.166675 7.547626
v -23.747623 187.166675 7.869049
v -23.747623 187.464294 7.869049
v -24.705954 187.166675 7.547626
v -24.705954 187.869055 7.547626
v -23.747623 187.869055 7.869049
v -23.747623 188.166675 7.869049
v -24.705954 187.869055 7.547626
v -23.747623 188.166675 7.869049
v -24.705954 188.166675 7.547626
v -24.705954 187.869055 7.547626
v -23.747623 188.166675 7.869049
v -24.705954 187.464294 7.547626
v -25.664288 187.464294 7.238098
v -25.664288 187.166675 7.238098
v -24.705954 187.464294 7.547626
v -25.664288 187.166675 7.238098
v -24.705954 187.166675 7.547626
v -24.705954 187.464294 7.547626
v -25.664288 187.166675 7.238098
v -25.664288 187.869055 7.238098
v -24.705954 187.869055 7.547626
v -24.705954 188.166675 7.547626
v -25.664288 187.869055 7.238098
v -24.705954 188.166675 7.547626
v -25.664288 188.166675 7.238098
v -25.664288 187.869055 7.238098
v -24.705954 188.166675 7.547626
v -25.664288 187.464294 7.238098
v -26.628577 187.464294 6.916669
v -26.628577 187.166675 6.916669
v -25.664288 187.464294 7.238098
v -26.628577 187.166675 6.916669
v -25.664288 187.166675 7.238098
v -25.664288 187.464294 7.238098
v -26.628577 187.166675 6.916669
v -26.628577 187.869055 6.916669
v -25.664288 187.869055 7.238098
v -25.664288 188.166675 7.238098
v -26.628577 187.869055 6.916669
v -25.664288 188.166675 7.238098
v -26.628577 188.166675 6.916669
v -26.628577 187.869055 6.916669
v -25.664288 188.166675 7.238098
v -26.414288 187.166675 6.285718
v -26.628577 188.166675 6.916669
v -26.414288 188.166675 6.285718
v -26.414288 187.166675 6.285718
v -26.414288 187.166675 6.285718
v -26.628577 187.869055 6.916669
v -26.628577 188.166675 6.916669
v -26.414288 187.166675 6.285718
v -26.414288 187.166675 6.285718
v -26.628577 187.464294 6.916669
v -26.628577 187.869055 6.916669
v -26.414288 187.166675 6.285718
v -26.414288 187.166675 6.285718
v -26.628577 187.166675 6.916669
v -26.628577 187.464294 6.916669
v -26.414288 187.166675 6.285718
v -26.414288 188.166675 6.285718
v -25.366669 188.166675 6.315479
v -25.366669 187.166675 6.315479
v -26.414288 188.166675 6.285718
v -25.366669 187.166675 6.315479
v -26.414288 187.166675 6.285718
v -26.414288 188.166675 6.285718
v -25.366669 187.166675 6.315479
v -25.366669 188.166675 6.315479
v -24.408334 188.166675 6.636908
v -24.408334 187.166675 6.636908
v -25.366669 188.166675 6.315479
v -24.408334 187.166675 6.636908
v -25.366669 187.166675 6.315479
v -25.366669 188.166675 6.315479
v -24.408334 187.166675 6.636908
v -24.408334 188.166675 6.636908
v -23.539288 188.166675 7.238098
v -23.539288 187.166675 7.238098
v -24.408334 188.166675 6.636908
v -23.539288 187.166675 7.238098
v -24.408334 187.166675 6.636908
v -24.408334 188.166675 6.636908
v -23.539288 187.166675 7.238098
v -23.747623 187.166675 7.869049
v -23.539288 188.166675 7.238098
v -23.747623 187.464294 7.869049
v -23.747623 187.166675 7.869049
v -23.539288 188.166675 7.238098
v -23.747623 187.869055 7.869049
v -23.747623 187.464294 7.869049
v -23.539288 188.166675 7.238098
v -23.539288 188.166675 7.238098
v -23.747623 188.166675 7.869049
v -23.747623 187.869055 7.869049
v -23.539288 188.166675 7.238098
v -23.747623 187.166675 7.869049
v -23.539288 187.166675 7.238098
v -23.539288 188.166675 7.238098
v -23.747623 187.166675 7.869049
v -24.979764 187.464294 8.369049
v -24.015479 187.464294 8.684528
v -24.015479 187.869055 8.684528
v -24.979764 187.464294 8.369049
v -24.015479 187.869055 8.684528
v -24.979764 187.869055 8.369049
v -24.979764 187.464294 8.369049
v -24.015479 187.869055 8.684528
v -25.664288 187.464294 7.238098
v -24.705954 187.464294 7.547626
v -24.705954 187.869055 7.547626
v -25.664288 187.464294 7.238098
v -24.705954 187.869055 7.547626
v -25.664288 187.869055 7.238098
v -25.664288 187.464294 7.238098
v -24.705954 187.869055 7.547626
v -26.896429 187.464294 7.738098
v -25.938098 187.464294 8.059528
v -25.938098 187.869055 8.059528
v -26.896429 187.464294 7.738098
v -25.938098 187.869055 8.059528
v -26.896429 187.869055 7.738098
v -26.896429 187.464294 7.738098
v -25.938098 187.869055 8.059528
v -23.539288 188.166675 7.238098
v -24.408334 188.166675 6.636908
v -24.705954 188.166675 7.547626
v -23.539288 188.166675 7.238098
v -24.705954 188.166675 7.547626
v -23.747623 188.166675 7.869049
v -23.539288 188.166675 7.238098
v -24.705954 188.166675 7.547626
v -24.408334 188.166675 6.636908
v -25.366669 188.166675 6.315479
v -25.664288 188.166675 7.238098
v -24.408334 188.166675 6.636908
v -25.664288 188.166675 7.238098
v -24.705954 188.166675 7.547626
v -24.408334 188.166675 6.636908
v -25.664288 188.166675 7.238098
v -25.366669 188.166675 6.315479
v -26.414288 188.166675 6.285718
v -26.628577 188.166675 6.916669
v -25.366669 188.166675 6.315479
v -26.628577 188.166675 6.916669
v -25.664288 188.166675 7.238098
v -25.366669 188.166675 6.315479
v -26.628577 188.166675 6.916669
v -23.539288 187.166675 7.238098
v -23.747623 187.166675 7.869049
v -24.705954 187.166675 7.547626
v -23.539288 187.166675 7.238098
v -24.705954 187.166675 7.547626
v -24.408334 187.166675 6.636908
v -23.539288 187.166675 7.238098
v -24.705954 187.166675 7.547626
v -24.408334 187.166675 6.636908
v -24.705954 187.166675 7.547626
v -25.664288 187.166675 7.238098
v -24.408334 187.166675 6.636908
v -25.664288 187.166675 7.238098
v -25.366669 187.166675 6.315479
v -24.408334 187.166675 6.636908
v -25.664288 187.166675 7.238098
v -25.366669 187.166675 6.315479
v -25.664288 187.166675 7.238098
v -26.628577 187.166675 6.916669
v -25.366669 187.166675 6.315479
v -26.628577 187.166675 6.916669
v -26.414288 187.166675 6.285718
v -25.366669 187.166675 6.315479
v -26.628577 187.166675 6.916669
v -53.444049 186.029773 -13.125
v -54.545239 186.029773 -14.863092
v -53.825006 185.869055 -15.321423
v -53.444049 186.029773 -13.125
v -53.825006 185.869055 -15.321423
v -52.729767 185.869055 -13.583331
v -53.444049 186.029773 -13.125
v -53.825006 185.869055 -15.321423
v -54.545239 186.029773 -14.863092
v -54.545239 186.125012 -14.863092
v -53.825006 186.285718 -15.321423
v -54.545239 186.029773 -14.863092
v -53.825006 186.285718 -15.321423
v -53.825006 185.869055 -15.321423
v -54.545239 186.029773 -14.863092
v -53.825006 186.285718 -15.321423
v -54.545239 186.125012 -14.863092
v -53.444049 186.125012 -13.125
v -52.729767 186.285718 -13.583331
v -54.545239 186.125012 -14.863092
v -52.729767 186.285718 -13.583331
v -53.825006 186.285718 -15.321423
v -54.545239 186.125012 -14.863092
v -52.729767 186.285718 -13.583331
v -53.444049 186.125012 -13.125
v -53.444049 186.029773 -13.125
v -52.729767 185.869055 -13.583331
v -53.444049 186.125012 -13.125
v -52.729767 185.869055 -13.583331
v -52.729767 186.285718 -13.583331
v -53.444049 186.125012 -13.125
v -52.729767 185.869055 -13.583331
v -52.729767 185.869055 -13.583331
v -53.825006 185.869055 -15.321423
v -54.295239 185.654773 -16.071423
v -52.729767 185.869055 -13.583331
v -54.295239 185.654773 -16.071423
v -52.24762 185.654773 -12.833331
v -52.729767 185.869055 -13.583331
v -54.295239 185.654773 -16.071423
v -53.825006 185.869055 -15.321423
v -53.825006 186.285718 -15.321423
v -54.295239 186.494055 -16.071423
v -53.825006 185.869055 -15.321423
v -54.295239 186.494055 -16.071423
v -54.295239 185.654773 -16.071423
v -53.825006 185.869055 -15.321423
v -54.295239 186.494055 -16.071423
v -53.825006 186.285718 -15.321423
v -52.729767 186.285718 -13.583331
v -52.24762 186.494055 -12.833331
v -53.825006 186.285718 -15.321423
v -52.24762 186.494055 -12.833331
v -54.295239 186.494055 -16.071423
v -53.825006 186.285718 -15.321423
v -52.24762 186.494055 -12.833331
v -52.729767 186.285718 -13.583331
v -52.729767 185.869055 -13.583331
v -52.24762 185.654773 -12.833331
v -52.729767 186.285718 -13.583331
v -52.24762 185.654773 -12.833331
v -52.24762 186.494055 -12.833331
v -52.729767 186.285718 -13.583331
v -52.24762 185.654773 -12.833331
v -51.384528 185.684534 -13.535712
v -51.354767 185.696436 -13.60119
v -51.354767 186.458337 -13.60119
v -51.384528 185.684534 -13.535712
v -51.354767 186.458337 -13.60119
v -51.384528 186.464294 -13.535712
v -51.384528 185.684534 -13.535712
v -51.354767 186.458337 -13.60119
v -51.384528 186.464294 -13.535712
v -51.354767 186.458337 -13.60119
v -53.229767 186.458337 -16.553571
v -51.384528 186.464294 -13.535712
v -53.229767 186.458337 -16.553571
v -53.295239 186.464294 -16.541663
v -51.384528 186.464294 -13.535712
v -53.229767 186.458337 -16.553571
v -53.295239 186.464294 -16.541663
v -53.229767 186.458337 -16.553571
v -53.229767 185.696436 -16.553571
v -53.295239 186.464294 -16.541663
v -53.229767 185.696436 -16.553571
v -53.295239 185.684534 -16.541663
v -53.295239 186.464294 -16.541663
v -53.229767 185.696436 -16.553571
v -53.295239 185.684534 -16.541663
v -53.229767 185.696436 -16.553571
v -51.354767 185.696436 -13.60119
v -53.295239 185.684534 -16.541663
v -51.354767 185.696436 -13.60119
v -51.384528 185.684534 -13.535712
v -53.295239 185.684534 -16.541663
v -51.354767 185.696436 -13.60119
v -51.348816 185.708337 -13.672614
v -51.354767 185.726196 -13.732141
v -51.354767 186.428577 -13.732141
v -51.348816 185.708337 -13.672614
v -51.354767 186.428577 -13.732141
v -51.348816 186.446436 -13.672614
v -51.348816 185.708337 -13.672614
v -51.354767 186.428577 -13.732141
v -51.348816 186.446436 -13.672614
v -51.354767 186.428577 -13.732141
v -53.104767 186.428577 -16.494043
v -51.348816 186.446436 -13.672614
v -53.104767 186.428577 -16.494043
v -53.158337 186.446436 -16.535712
v -51.348816 186.446436 -13.672614
v -53.104767 186.428577 -16.494043
v -53.158337 186.446436 -16.535712
v -53.104767 186.428577 -16.494043
v -53.104767 185.726196 -16.494043
v -53.158337 186.446436 -16.535712
v -53.104767 185.726196 -16.494043
v -53.158337 185.708337 -16.535712
v -53.158337 186.446436 -16.535712
v -53.104767 185.726196 -16.494043
v -53.158337 185.708337 -16.535712
v -53.104767 185.726196 -16.494043
v -51.354767 185.726196 -13.732141
v -53.158337 185.708337 -16.535712
v -51.354767 185.726196 -13.732141
v -51.348816 185.708337 -13.672614
v -53.158337 185.708337 -16.535712
v -51.354767 185.726196 -13.732141
v -51.354767 185.696436 -13.60119
v -51.348816 185.708337 -13.672614
v -51.348816 186.446436 -13.672614
v -51.354767 185.696436 -13.60119
v -51.348816 186.446436 -13.672614
v -51.354767 186.458337 -13.60119
v -51.354767 185.696436 -13.60119
v -51.348816 186.446436 -13.672614
v -51.354767 186.458337 -13.60119
v -51.348816 186.446436 -13.672614
v -53.158337 186.446436 -16.535712
v -51.354767 186.458337 -13.60119
v -53.158337 186.446436 -16.535712
v -53.229767 186.458337 -16.553571
v -51.354767 186.458337 -13.60119
v -53.158337 186.446436 -16.535712
v -53.229767 186.458337 -16.553571
v -53.158337 186.446436 -16.535712
v -53.158337 185.708337 -16.535712
v -53.229767 186.458337 -16.553571
v -53.158337 185.708337 -16.535712
v -53.229767 185.696436 -16.553571
v -53.229767 186.458337 -16.553571
v -53.158337 185.708337 -16.535712
v -53.229767 185.696436 -16.553571
v -53.158337 185.708337 -16.535712
v -51.348816 185.708337 -13.672614
v -53.229767 185.696436 -16.553571
v -51.348816 185.708337 -13.672614
v -51.354767 185.696436 -13.60119
v -53.229767 185.696436 -16.553571
v -51.348816 185.708337 -13.672614
v -51.384528 185.684534 -13.535712
v -51.384528 186.464294 -13.535712
v -52.24762 186.494055 -12.833331
v -51.384528 185.684534 -13.535712
v -52.24762 186.494055 -12.833331
v -52.24762 185.654773 -12.833331
v -51.384528 185.684534 -13.535712
v -52.24762 186.494055 -12.833331
v -51.384528 186.464294 -13.535712
v -53.295239 186.464294 -16.541663
v -54.295239 186.494055 -16.071423
v -51.384528 186.464294 -13.535712
v -54.295239 186.494055 -16.071423
v -52.24762 186.494055 -12.833331
v -51.384528 186.464294 -13.535712
v -54.295239 186.494055 -16.071423
v -53.295239 186.464294 -16.541663
v -53.295239 185.684534 -16.541663
v -54.295239 185.654773 -16.071423
v -53.295239 186.464294 -16.541663
v -54.295239 185.654773 -16.071423
v -54.295239 186.494055 -16.071423
v -53.295239 186.464294 -16.541663
v -54.295239 185.654773 -16.071423
v -53.295239 185.684534 -16.541663
v -51.384528 185.684534 -13.535712
v -52.24762 185.654773 -12.833331
v -53.295239 185.684534 -16.541663
v -52.24762 185.654773 -12.833331
v -54.295239 185.654773 -16.071423
v -53.295239 185.684534 -16.541663
v -52.24762 185.654773 -12.833331
v -53.104767 186.428577 -16.494043
v -51.354767 186.428577 -13.732141
v -51.354767 185.726196 -13.732141
v -53.104767 186.428577 -16.494043
v -51.354767 185.726196 -13.732141
v -53.104767 185.726196 -16.494043
v -53.104767 186.428577 -16.494043
v -51.354767 185.726196 -13.732141
v -54.545239 186.125012 -14.863092
v -54.545239 186.029773 -14.863092
v -53.444049 186.029773 -13.125
v -54.545239 186.125012 -14.863092
v -53.444049 186.029773 -13.125
v -53.444049 186.125012 -13.125
v -54.545239 186.125012 -14.863092
v -53.444049 186.029773 -13.125
v -53.444049 187.869055 -13.684521
v -52.896429 187.869055 -12.833331
v -52.176196 187.869055 -13.315472
v -53.444049 187.869055 -13.684521
v -52.176196 187.869055 -13.315472
v -52.729767 187.869055 -14.154761
v -53.444049 187.869055 -13.684521
v -52.176196 187.869055 -13.315472
v -52.896429 187.869055 -12.833331
v -52.896429 187.464294 -12.833331
v -52.176196 187.464294 -13.315472
v -52.896429 187.869055 -12.833331
v -52.176196 187.464294 -13.315472
v -52.176196 187.869055 -13.315472
v -52.896429 187.869055 -12.833331
v -52.176196 187.464294 -13.315472
v -52.896429 187.464294 -12.833331
v -53.444049 187.464294 -13.684521
v -52.729767 187.464294 -14.154761
v -52.896429 187.464294 -12.833331
v -52.729767 187.464294 -14.154761
v -52.176196 187.464294 -13.315472
v -52.896429 187.464294 -12.833331
v -52.729767 187.464294 -14.154761
v -53.444049 187.464294 -13.684521
v -53.444049 187.869055 -13.684521
v -52.729767 187.869055 -14.154761
v -53.444049 187.464294 -13.684521
v -52.729767 187.869055 -14.154761
v -52.729767 187.464294 -14.154761
v -53.444049 187.464294 -13.684521
v -52.729767 187.869055 -14.154761
v -54.009528 187.464294 -14.523804
v -54.557147 187.464294 -15.363092
v -53.836908 187.464294 -15.845233
v -54.009528 187.464294 -14.523804
v -53.836908 187.464294 -15.845233
v -53.289288 187.464294 -15.005951
v -54.009528 187.464294 -14.523804
v -53.836908 187.464294 -15.845233
v -54.557147 187.464294 -15.363092
v -54.557147 187.869055 -15.363092
v -53.836908 187.869055 -15.845233
v -54.557147 187.464294 -15.363092
v -53.836908 187.869055 -15.845233
v -53.836908 187.464294 -15.845233
v -54.557147 187.464294 -15.363092
v -53.836908 187.869055 -15.845233
v -54.557147 187.869055 -15.363092
v -54.009528 187.869055 -14.523804
v -53.289288 187.869055 -15.005951
v -54.557147 187.869055 -15.363092
v -53.289288 187.869055 -15.005951
v -53.836908 187.869055 -15.845233
v -54.557147 187.869055 -15.363092
v -53.289288 187.869055 -15.005951
v -54.009528 187.869055 -14.523804
v -54.009528 187.464294 -14.523804
v -53.289288 187.464294 -15.005951
v -54.009528 187.869055 -14.523804
v -53.289288 187.464294 -15.005951
v -53.289288 187.869055 -15.005951
v -54.009528 187.869055 -14.523804
v -53.289288 187.464294 -15.005951
v -52.176196 187.464294 -13.315472
v -52.729767 187.464294 -14.154761
v -52.729767 187.166675 -14.154761
v -52.176196 187.464294 -13.315472
v -52.729767 187.166675 -14.154761
v -52.176196 187.166675 -13.315472
v -52.176196 187.464294 -13.315472
v -52.729767 187.166675 -14.154761
v -52.729767 187.869055 -14.154761
v -52.176196 187.869055 -13.315472
v -52.176196 188.166675 -13.315472
v -52.729767 187.869055 -14.154761
v -52.176196 188.166675 -13.315472
v -52.729767 188.166675 -14.154761
v -52.729767 187.869055 -14.154761
v -52.176196 188.166675 -13.315472
v -52.729767 187.464294 -14.154761
v -53.289288 187.464294 -15.005951
v -53.289288 187.166675 -15.005951
v -52.729767 187.464294 -14.154761
v -53.289288 187.166675 -15.005951
v -52.729767 187.166675 -14.154761
v -52.729767 187.464294 -14.154761
v -53.289288 187.166675 -15.005951
v -53.289288 187.869055 -15.005951
v -52.729767 187.869055 -14.154761
v -52.729767 188.166675 -14.154761
v -53.289288 187.869055 -15.005951
v -52.729767 188.166675 -14.154761
v -53.289288 188.166675 -15.005951
v -53.289288 187.869055 -15.005951
v -52.729767 188.166675 -14.154761
v -53.289288 187.464294 -15.005951
v -53.836908 187.464294 -15.845233
v -53.836908 187.166675 -15.845233
v -53.289288 187.464294 -15.005951
v -53.836908 187.166675 -15.845233
v -53.289288 187.166675 -15.005951
v -53.289288 187.464294 -15.005951
v -53.836908 187.166675 -15.845233
v -53.836908 187.869055 -15.845233
v -53.289288 187.869055 -15.005951
v -53.289288 188.166675 -15.005951
v -53.836908 187.869055 -15.845233
v -53.289288 188.166675 -15.005951
v -53.836908 188.166675 -15.845233
v -53.836908 187.869055 -15.845233
v -53.289288 188.166675 -15.005951
v -53.289288 187.166675 -16.20238
v -53.836908 188.166675 -15.845233
v -53.289288 188.166675 -16.20238
v -53.289288 187.166675 -16.20238
v -53.289288 187.166675 -16.20238
v -53.836908 187.869055 -15.845233
v -53.836908 188.166675 -15.845233
v -53.289288 187.166675 -16.20238
v -53.289288 187.166675 -16.20238
v -53.836908 187.464294 -15.845233
v -53.836908 187.869055 -15.845233
v -53.289288 187.166675 -16.20238
v -53.289288 187.166675 -16.20238
v -53.836908 187.166675 -15.845233
v -53.836908 187.464294 -15.845233
v -53.289288 187.166675 -16.20238
v -53.289288 188.166675 -16.20238
v -52.479767 188.166675 -15.52381
v -52.479767 187.166675 -15.52381
v -53.289288 188.166675 -16.20238
v -52.479767 187.166675 -15.52381
v -53.289288 187.166675 -16.20238
v -53.289288 188.166675 -16.20238
v -52.479767 187.166675 -15.52381
v -52.479767 188.166675 -15.52381
v -51.926196 188.166675 -14.684521
v -51.926196 187.166675 -14.684521
v -52.479767 188.166675 -15.52381
v -51.926196 187.166675 -14.684521
v -52.479767 187.166675 -15.52381
v -52.479767 188.166675 -15.52381
v -51.926196 187.166675 -14.684521
v -51.926196 188.166675 -14.684521
v -51.616669 188.166675 -13.672614
v -51.616669 187.166675 -13.672614
v -51.926196 188.166675 -14.684521
v -51.616669 187.166675 -13.672614
v -51.926196 187.166675 -14.684521
v -51.926196 188.166675 -14.684521
v -51.616669 187.166675 -13.672614
v -52.176196 187.166675 -13.315472
v -51.616669 188.166675 -13.672614
v -52.176196 187.464294 -13.315472
v -52.176196 187.166675 -13.315472
v -51.616669 188.166675 -13.672614
v -52.176196 187.869055 -13.315472
v -52.176196 187.464294 -13.315472
v -51.616669 188.166675 -13.672614
v -51.616669 188.166675 -13.672614
v -52.176196 188.166675 -13.315472
v -52.176196 187.869055 -13.315472
v -51.616669 188.166675 -13.672614
v -52.176196 187.166675 -13.315472
v -51.616669 187.166675 -13.672614
v -51.616669 188.166675 -13.672614
v -52.176196 187.166675 -13.315472
v -53.444049 187.464294 -13.684521
v -52.896429 187.464294 -12.833331
v -52.896429 187.869055 -12.833331
v -53.444049 187.464294 -13.684521
v -52.896429 187.869055 -12.833331
v -53.444049 187.869055 -13.684521
v -53.444049 187.464294 -13.684521
v -52.896429 187.869055 -12.833331
v -53.289288 187.464294 -15.005951
v -52.729767 187.464294 -14.154761
v -52.729767 187.869055 -14.154761
v -53.289288 187.464294 -15.005951
v -52.729767 187.869055 -14.154761
v -53.289288 187.869055 -15.005951
v -53.289288 187.464294 -15.005951
v -52.729767 187.869055 -14.154761
v -54.557147 187.464294 -15.363092
v -54.009528 187.464294 -14.523804
v -54.009528 187.869055 -14.523804
v -54.557147 187.464294 -15.363092
v -54.009528 187.869055 -14.523804
v -54.557147 187.869055 -15.363092
v -54.557147 187.464294 -15.363092
v -54.009528 187.869055 -14.523804
v -51.616669 188.166675 -13.672614
v -51.926196 188.166675 -14.684521
v -52.729767 188.166675 -14.154761
v -51.616669 188.166675 -13.672614
v -52.729767 188.166675 -14.154761
v -52.176196 188.166675 -13.315472
v -51.616669 188.166675 -13.672614
v -52.729767 188.166675 -14.154761
v -51.926196 188.166675 -14.684521
v -52.479767 188.166675 -15.52381
v -53.289288 188.166675 -15.005951
v -51.926196 188.166675 -14.684521
v -53.289288 188.166675 -15.005951
v -52.729767 188.166675 -14.154761
v -51.926196 188.166675 -14.684521
v -53.289288 188.166675 -15.005951
v -52.479767 188.166675 -15.52381
v -53.289288 188.166675 -16.20238
v -53.836908 188.166675 -15.845233
v -52.479767 188.166675 -15.52381
v -53.836908 188.166675 -15.845233
v -53.289288 188.166675 -15.005951
v -52.479767 188.166675 -15.52381
v -53.836908 188.166675 -15.845233
v -51.616669 187.166675 -13.672614
v -52.176196 187.166675 -13.315472
v -52.729767 187.166675 -14.154761
v -51.616669 187.166675 -13.672614
v -52.729767 187.166675 -14.154761
v -51.926196 187.166675 -14.684521
v -51.616669 187.166675 -13.672614
v -52.729767 187.166675 -14.154761
v -51.926196 187.166675 -14.684521
v -52.729767 187.166675 -14.154761
v -53.289288 187.166675 -15.005951
v -51.926196 187.166675 -14.684521
v -53.289288 187.166675 -15.005951
v -52.479767 187.166675 -15.52381
v -51.926196 187.166675 -14.684521
v -53.289288 187.166675 -15.005951
v -52.479767 187.166675 -15.52381
v -53.289288 187.166675 -15.005951
v -53.836908 187.166675 -15.845233
v -52.479767 187.166675 -15.52381
v -53.836908 187.166675 -15.845233
v -53.289288 187.166675 -16.20238
v -52.479767 187.166675 -15.52381
v -53.836908 187.166675 -15.845233
v -37.807147 187.869055 2.208337
v -36.944049 187.869055 2.744049
v -36.485718 187.869055 2.005957
v -37.807147 187.869055 2.208337
v -36.485718 187.869055 2.005957
v -37.34881 187.869055 1.476196
v -37.807147 187.869055 2.208337
v -36.485718 187.869055 2.005957
v -36.944049 187.869055 2.744049
v -36.944049 187.464294 2.744049
v -36.485718 187.464294 2.005957
v -36.944049 187.869055 2.744049
v -36.485718 187.464294 2.005957
v -36.485718 187.869055 2.005957
v -36.944049 187.869055 2.744049
v -36.485718 187.464294 2.005957
v -36.944049 187.464294 2.744049
v -37.807147 187.464294 2.208337
v -37.34881 187.464294 1.476196
v -36.944049 187.464294 2.744049
v -37.34881 187.464294 1.476196
v -36.485718 187.464294 2.005957
v -36.944049 187.464294 2.744049
v -37.34881 187.464294 1.476196
v -37.807147 187.464294 2.208337
v -37.807147 187.869055 2.208337
v -37.34881 187.869055 1.476196
v -37.807147 187.464294 2.208337
v -37.34881 187.869055 1.476196
v -37.34881 187.464294 1.476196
v -37.807147 187.464294 2.208337
v -37.34881 187.869055 1.476196
v -38.664288 187.464294 1.678577
v -39.515479 187.464294 1.136908
v -39.069049 187.464294 0.404767
v -38.664288 187.464294 1.678577
v -39.069049 187.464294 0.404767
v -38.205957 187.464294 0.946429
v -38.664288 187.464294 1.678577
v -39.069049 187.464294 0.404767
v -39.515479 187.464294 1.136908
v -39.515479 187.869055 1.136908
v -39.069049 187.869055 0.404767
v -39.515479 187.464294 1.136908
v -39.069049 187.869055 0.404767
v -39.069049 187.464294 0.404767
v -39.515479 187.464294 1.136908
v -39.069049 187.869055 0.404767
v -39.515479 187.869055 1.136908
v -38.664288 187.869055 1.678577
v -38.205957 187.869055 0.946429
v -39.515479 187.869055 1.136908
v -38.205957 187.869055 0.946429
v -39.069049 187.869055 0.404767
v -39.515479 187.869055 1.136908
v -38.205957 187.869055 0.946429
v -38.664288 187.869055 1.678577
v -38.664288 187.464294 1.678577
v -38.205957 187.464294 0.946429
v -38.664288 187.869055 1.678577
v -38.205957 187.464294 0.946429
v -38.205957 187.869055 0.946429
v -38.664288 187.869055 1.678577
v -38.205957 187.464294 0.946429
v -36.485718 187.464294 2.005957
v -37.34881 187.464294 1.476196
v -37.34881 187.166675 1.476196
v -36.485718 187.464294 2.005957
v -37.34881 187.166675 1.476196
v -36.485718 187.166675 2.005957
v -36.485718 187.464294 2.005957
v -37.34881 187.166675 1.476196
v -37.34881 187.869055 1.476196
v -36.485718 187.869055 2.005957
v -36.485718 188.166675 2.005957
v -37.34881 187.869055 1.476196
v -36.485718 188.166675 2.005957
v -37.34881 188.166675 1.476196
v -37.34881 187.869055 1.476196
v -36.485718 188.166675 2.005957
v -37.34881 187.464294 1.476196
v -38.205957 187.464294 0.946429
v -38.205957 187.166675 0.946429
v -37.34881 187.464294 1.476196
v -38.205957 187.166675 0.946429
v -37.34881 187.166675 1.476196
v -37.34881 187.464294 1.476196
v -38.205957 187.166675 0.946429
v -38.205957 187.869055 0.946429
v -37.34881 187.869055 1.476196
v -37.34881 188.166675 1.476196
v -38.205957 187.869055 0.946429
v -37.34881 188.166675 1.476196
v -38.205957 188.166675 0.946429
v -38.205957 187.869055 0.946429
v -37.34881 188.166675 1.476196
v -38.205957 187.464294 0.946429
v -39.069049 187.464294 0.404767
v -39.069049 187.166675 0.404767
v -38.205957 187.464294 0.946429
v -39.069049 187.166675 0.404767
v -38.205957 187.166675 0.946429
v -38.205957 187.464294 0.946429
v -39.069049 187.166675 0.404767
v -39.069049 187.869055 0.404767
v -38.205957 187.869055 0.946429
v -38.205957 188.166675 0.946429
v -39.069049 187.869055 0.404767
v -38.205957 188.166675 0.946429
v -39.069049 188.166675 0.404767
v -39.069049 187.869055 0.404767
v -38.205957 188.166675 0.946429
v -38.705957 187.166675 -0.154761
v -39.069049 188.166675 0.404767
v -38.705957 188.166675 -0.154761
v -38.705957 187.166675 -0.154761
v -38.705957 187.166675 -0.154761
v -39.069049 187.869055 0.404767
v -39.069049 188.166675 0.404767
v -38.705957 187.166675 -0.154761
v -38.705957 187.166675 -0.154761
v -39.069049 187.464294 0.404767
v -39.069049 187.869055 0.404767
v -38.705957 187.166675 -0.154761
v -38.705957 187.166675 -0.154761
v -39.069049 187.166675 0.404767
v -39.069049 187.464294 0.404767
v -38.705957 187.166675 -0.154761
v -38.705957 188.166675 -0.154761
v -37.694049 188.166675 0.125006
v -37.694049 187.166675 0.125006
v -38.705957 188.166675 -0.154761
v -37.694049 187.166675 0.125006
v -38.705957 187.166675 -0.154761
v -38.705957 188.166675 -0.154761
v -37.694049 187.166675 0.125006
v -37.694049 188.166675 0.125006
v -36.836908 188.166675 0.654767
v -36.836908 187.166675 0.654767
v -37.694049 188.166675 0.125006
v -36.836908 187.166675 0.654767
v -37.694049 187.166675 0.125006
v -37.694049 188.166675 0.125006
v -36.836908 187.166675 0.654767
v -36.836908 188.166675 0.654767
v -36.134528 188.166675 1.446429
v -36.134528 187.166675 1.446429
v -36.836908 188.166675 0.654767
v -36.134528 187.166675 1.446429
v -36.836908 187.166675 0.654767
v -36.836908 188.166675 0.654767
v -36.134528 187.166675 1.446429
v -36.485718 187.166675 2.005957
v -36.134528 188.166675 1.446429
v -36.485718 187.464294 2.005957
v -36.485718 187.166675 2.005957
v -36.134528 188.166675 1.446429
v -36.485718 187.869055 2.005957
v -36.485718 187.464294 2.005957
v -36.134528 188.166675 1.446429
v -36.134528 188.166675 1.446429
v -36.485718 188.166675 2.005957
v -36.485718 187.869055 2.005957
v -36.134528 188.166675 1.446429
v -36.485718 187.166675 2.005957
v -36.134528 187.166675 1.446429
v -36.134528 188.166675 1.446429
v -36.485718 187.166675 2.005957
v -37.807147 187.464294 2.208337
v -36.944049 187.464294 2.744049
v -36.944049 187.869055 2.744049
v -37.807147 187.464294 2.208337
v -36.944049 187.869055 2.744049
v -37.807147 187.869055 2.208337
v -37.807147 187.464294 2.208337
v -36.944049 187.869055 2.744049
v -38.205957 187.464294 0.946429
v -37.34881 187.464294 1.476196
v -37.34881 187.869055 1.476196
v -38.205957 187.464294 0.946429
v -37.34881 187.869055 1.476196
v -38.205957 187.869055 0.946429
v -38.205957 187.464294 0.946429
v -37.34881 187.869055 1.476196
v -39.515479 187.464294 1.136908
v -38.664288 187.464294 1.678577
v -38.664288 187.869055 1.678577
v -39.515479 187.464294 1.136908
v -38.664288 187.869055 1.678577
v -39.515479 187.869055 1.136908
v -39.515479 187.464294 1.136908
v -38.664288 187.869055 1.678577
v -36.134528 188.166675 1.446429
v -36.836908 188.166675 0.654767
v -37.34881 188.166675 1.476196
v -36.134528 188.166675 1.446429
v -37.34881 188.166675 1.476196
v -36.485718 188.166675 2.005957
v -36.134528 188.166675 1.446429
v -37.34881 188.166675 1.476196
v -36.836908 188.166675 0.654767
v -37.694049 188.166675 0.125006
v -38.205957 188.166675 0.946429
v -36.836908 188.166675 0.654767
v -38.205957 188.166675 0.946429
v -37.34881 188.166675 1.476196
v -36.836908 188.166675 0.654767
v -38.205957 188.166675 0.946429
v -37.694049 188.166675 0.125006
v -38.705957 188.166675 -0.154761
v -39.069049 188.166675 0.404767
v -37.694049 188.166675 0.125006
v -39.069049 188.166675 0.404767
v -38.205957 188.166675 0.946429
v -37.694049 188.166675 0.125006
v -39.069049 188.166675 0.404767
v -36.134528 187.166675 1.446429
v -36.485718 187.166675 2.005957
v -37.34881 187.166675 1.476196
v -36.134528 187.166675 1.446429
v -37.34881 187.166675 1.476196
v -36.836908 187.166675 0.654767
v -36.134528 187.166675 1.446429
v -37.34881 187.166675 1.476196
v -36.836908 187.166675 0.654767
v -37.34881 187.166675 1.476196
v -38.205957 187.166675 0.946429
v -36.836908 187.166675 0.654767
v -38.205957 187.166675 0.946429
v -37.694049 187.166675 0.125006
v -36.836908 187.166675 0.654767
v -38.205957 187.166675 0.946429
v -37.694049 187.166675 0.125006
v -38.205957 187.166675 0.946429
v -39.069049 187.166675 0.404767
v -37.694049 187.166675 0.125006
v -39.069049 187.166675 0.404767
v -38.705957 187.166675 -0.154761
v -37.694049 187.166675 0.125006
v -39.069049 187.166675 0.404767
v -37.569049 186.029773 2.708337
v -39.295239 186.029773 1.595239
v -38.825 185.869055 0.875006
v -37.569049 186.029773 2.708337
v -38.825 185.869055 0.875006
v -37.104767 185.869055 1.988098
v -37.569049 186.029773 2.708337
v -38.825 185.869055 0.875006
v -39.295239 186.029773 1.595239
v -39.295239 186.125012 1.595239
v -38.825 186.285718 0.875006
v -39.295239 186.029773 1.595239
v -38.825 186.285718 0.875006
v -38.825 185.869055 0.875006
v -39.295239 186.029773 1.595239
v -38.825 186.285718 0.875006
v -39.295239 186.125012 1.595239
v -37.569049 186.125012 2.708337
v -37.104767 186.285718 1.988098
v -39.295239 186.125012 1.595239
v -37.104767 186.285718 1.988098
v -38.825 186.285718 0.875006
v -39.295239 186.125012 1.595239
v -37.104767 186.285718 1.988098
v -37.569049 186.125012 2.708337
v -37.569049 186.029773 2.708337
v -37.104767 185.869055 1.988098
v -37.569049 186.125012 2.708337
v -37.104767 185.869055 1.988098
v -37.104767 186.285718 1.988098
v -37.569049 186.125012 2.708337
v -37.104767 185.869055 1.988098
v -37.104767 185.869055 1.988098
v -38.825 185.869055 0.875006
v -39.575 185.654773 0.398816
v -37.104767 185.869055 1.988098
v -39.575 185.654773 0.398816
v -36.354767 185.654773 2.476196
v -37.104767 185.869055 1.988098
v -39.575 185.654773 0.398816
v -38.825 185.869055 0.875006
v -38.825 186.285718 0.875006
v -39.575 186.494055 0.398816
v -38.825 185.869055 0.875006
v -39.575 186.494055 0.398816
v -39.575 185.654773 0.398816
v -38.825 185.869055 0.875006
v -39.575 186.494055 0.398816
v -38.825 186.285718 0.875006
v -37.104767 186.285718 1.988098
v -36.354767 186.494055 2.476196
v -38.825 186.285718 0.875006
v -36.354767 186.494055 2.476196
v -39.575 186.494055 0.398816
v -38.825 186.285718 0.875006
v -36.354767 186.494055 2.476196
v -37.104767 186.285718 1.988098
v -37.104767 185.869055 1.988098
v -36.354767 185.654773 2.476196
v -37.104767 186.285718 1.988098
v -36.354767 185.654773 2.476196
v -36.354767 186.494055 2.476196
v -37.104767 186.285718 1.988098
v -36.354767 185.654773 2.476196
v -35.878577 185.684534 1.476196
v -35.878577 185.696436 1.398816
v -35.878577 186.458337 1.398816
v -35.878577 185.684534 1.476196
v -35.878577 186.458337 1.398816
v -35.878577 186.464294 1.476196
v -35.878577 185.684534 1.476196
v -35.878577 186.458337 1.398816
v -35.878577 186.464294 1.476196
v -35.878577 186.458337 1.398816
v -38.795239 186.458337 -0.494043
v -35.878577 186.464294 1.476196
v -38.795239 186.458337 -0.494043
v -38.866669 186.464294 -0.45238
v -35.878577 186.464294 1.476196
v -38.795239 186.458337 -0.494043
v -38.866669 186.464294 -0.45238
v -38.795239 186.458337 -0.494043
v -38.795239 185.696436 -0.494043
v -38.866669 186.464294 -0.45238
v -38.795239 185.696436 -0.494043
v -38.866669 185.684534 -0.45238
v -38.866669 186.464294 -0.45238
v -38.795239 185.696436 -0.494043
v -38.866669 185.684534 -0.45238
v -38.795239 185.696436 -0.494043
v -35.878577 185.696436 1.398816
v -38.866669 185.684534 -0.45238
v -35.878577 185.696436 1.398816
v -35.878577 185.684534 1.476196
v -38.866669 185.684534 -0.45238
v -35.878577 185.696436 1.398816
v -35.896429 185.708337 1.339288
v -35.926196 185.726196 1.285718
v -35.926196 186.428577 1.285718
v -35.896429 185.708337 1.339288
v -35.926196 186.428577 1.285718
v -35.896429 186.446436 1.339288
v -35.896429 185.708337 1.339288
v -35.926196 186.428577 1.285718
v -35.896429 186.446436 1.339288
v -35.926196 186.428577 1.285718
v -38.664288 186.428577 -0.494043
v -35.896429 186.446436 1.339288
v -38.664288 186.428577 -0.494043
v -38.735718 186.446436 -0.505951
v -35.896429 186.446436 1.339288
v -38.664288 186.428577 -0.494043
v -38.735718 186.446436 -0.505951
v -38.664288 186.428577 -0.494043
v -38.664288 185.726196 -0.494043
v -38.735718 186.446436 -0.505951
v -38.664288 185.726196 -0.494043
v -38.735718 185.708337 -0.505951
v -38.735718 186.446436 -0.505951
v -38.664288 185.726196 -0.494043
v -38.735718 185.708337 -0.505951
v -38.664288 185.726196 -0.494043
v -35.926196 185.726196 1.285718
v -38.735718 185.708337 -0.505951
v -35.926196 185.726196 1.285718
v -35.896429 185.708337 1.339288
v -38.735718 185.708337 -0.505951
v -35.926196 185.726196 1.285718
v -35.878577 185.696436 1.398816
v -35.896429 185.708337 1.339288
v -35.896429 186.446436 1.339288
v -35.878577 185.696436 1.398816
v -35.896429 186.446436 1.339288
v -35.878577 186.458337 1.398816
v -35.878577 185.696436 1.398816
v -35.896429 186.446436 1.339288
v -35.878577 186.458337 1.398816
v -35.896429 186.446436 1.339288
v -38.735718 186.446436 -0.505951
v -35.878577 186.458337 1.398816
v -38.735718 186.446436 -0.505951
v -38.795239 186.458337 -0.494043
v -35.878577 186.458337 1.398816
v -38.735718 186.446436 -0.505951
v -38.795239 186.458337 -0.494043
v -38.735718 186.446436 -0.505951
v -38.735718 185.708337 -0.505951
v -38.795239 186.458337 -0.494043
v -38.735718 185.708337 -0.505951
v -38.795239 185.696436 -0.494043
v -38.795239 186.458337 -0.494043
v -38.735718 185.708337 -0.505951
v -38.795239 185.696436 -0.494043
v -38.735718 185.708337 -0.505951
v -35.896429 185.708337 1.339288
v -38.795239 185.696436 -0.494043
v -35.896429 185.708337 1.339288
v -35.878577 185.696436 1.398816
v -38.795239 185.696436 -0.494043
v -35.896429 185.708337 1.339288
v -35.878577 185.684534 1.476196
v -35.878577 186.464294 1.476196
v -36.354767 186.494055 2.476196
v -35.878577 185.684534 1.476196
v -36.354767 186.494055 2.476196
v -36.354767 185.654773 2.476196
v -35.878577 185.684534 1.476196
v -36.354767 186.494055 2.476196
v -35.878577 186.464294 1.476196
v -38.866669 186.464294 -0.45238
v -39.575 186.494055 0.398816
v -35.878577 186.464294 1.476196
v -39.575 186.494055 0.398816
v -36.354767 186.494055 2.476196
v -35.878577 186.464294 1.476196
v -39.575 186.494055 0.398816
v -38.866669 186.464294 -0.45238
v -38.866669 185.684534 -0.45238
v -39.575 185.654773 0.398816
v -38.866669 186.464294 -0.45238
v -39.575 185.654773 0.398816
v -39.575 186.494055 0.398816
v -38.866669 186.464294 -0.45238
v -39.575 185.654773 0.398816
v -38.866669 185.684534 -0.45238
v -35.878577 185.684534 1.476196
v -36.354767 185.654773 2.476196
v -38.866669 185.684534 -0.45238
v -36.354767 185.654773 2.476196
v -39.575 185.654773 0.398816
v -38.866669 185.684534 -0.45238
v -36.354767 185.654773 2.476196
v -38.664288 186.428577 -0.494043
v -35.926196 186.428577 1.285718
v -35.926196 185.726196 1.285718
v -38.664288 186.428577 -0.494043
v -35.926196 185.726196 1.285718
v -38.664288 185.726196 -0.494043
v -38.664288 186.428577 -0.494043
v -35.926196 185.726196 1.285718
v -39.295239 186.125012 1.595239
v -39.295239 186.029773 1.595239
v -37.569049 186.029773 2.708337
v -39.295239 186.125012 1.595239
v -37.569049 186.029773 2.708337
v -37.569049 186.125012 2.708337
v -39.295239 186.125012 1.595239
v -37.569049 186.029773 2.708337
v -21.277383 187.136914 11.226196
v -23.277383 187.136914 10.696436
v -23.277383 1.964286 10.696436
v -21.277383 187.136914 11.226196
v -23.277383 1.964286 10.696436
v -21.277383 1.964286 11.226196
v -21.277383 187.136914 11.226196
v -23.277383 1.964286 10.696436
v -23.277383 187.136914 10.696436
v -22.836908 187.136914 9.035718
v -22.836908 1.964286 9.035718
v -23.277383 187.136914 10.696436
v -22.836908 1.964286 9.035718
v -23.277383 1.964286 10.696436
v -23.277383 187.136914 10.696436
v -22.836908 1.964286 9.035718
v -22.836908 187.136914 9.035718
v -20.836908 187.136914 9.565479
v -20.836908 1.964286 9.565479
v -22.836908 187.136914 9.035718
v -20.836908 1.964286 9.565479
v -22.836908 1.964286 9.035718
v -22.836908 187.136914 9.035718
v -20.836908 1.964286 9.565479
v -20.836908 187.136914 9.565479
v -21.277383 187.136914 11.226196
v -21.277383 1.964286 11.226196
v -20.836908 187.136914 9.565479
v -21.277383 1.964286 11.226196
v -20.836908 1.964286 9.565479
v -20.836908 187.136914 9.565479
v -21.277383 1.964286 11.226196
v -22.836908 187.136914 9.035718
v -23.277383 187.136914 10.696436
v -21.277383 187.136914 11.226196
v -22.836908 187.136914 9.035718
v -21.277383 187.136914 11.226196
v -20.836908 187.136914 9.565479
v -22.836908 187.136914 9.035718
v -21.277383 187.136914 11.226196
v -22.836908 1.964286 9.035718
v -20.836908 1.964286 9.565479
v -21.277383 1.964286 11.226196
v -22.836908 1.964286 9.035718
v -21.277383 1.964286 11.226196
v -23.277383 1.964286 10.696436
v -22.836908 1.964286 9.035718
v -21.277383 1.964286 11.226196
v -62.188098 187.136914 -29.190475
v -62.676196 187.136914 -31.214282
v -62.676196 1.964286 -31.214282
v -62.188098 187.136914 -29.190475
v -62.676196 1.964286 -31.214282
v -62.188098 1.964286 -29.190475
v -62.188098 187.136914 -29.190475
v -62.676196 1.964286 -31.214282
v -62.676196 187.136914 -31.214282
v -61.009528 187.136914 -31.613092
v -61.009528 1.964286 -31.613092
v -62.676196 187.136914 -31.214282
v -61.009528 1.964286 -31.613092
v -62.676196 1.964286 -31.214282
v -62.676196 187.136914 -31.214282
v -61.009528 1.964286 -31.613092
v -61.009528 187.136914 -31.613092
v -60.515479 187.136914 -29.601187
v -60.515479 1.964286 -29.601187
v -61.009528 187.136914 -31.613092
v -60.515479 1.964286 -29.601187
v -61.009528 1.964286 -31.613092
v -61.009528 187.136914 -31.613092
v -60.515479 1.964286 -29.601187
v -60.515479 187.136914 -29.601187
v -62.188098 187.136914 -29.190475
v -62.188098 1.964286 -29.190475
v -60.515479 187.136914 -29.601187
v -62.188098 1.964286 -29.190475
v -60.515479 1.964286 -29.601187
v -60.515479 187.136914 -29.601187
v -62.188098 1.964286 -29.190475
v -61.009528 187.136914 -31.613092
v -62.676196 187.136914 -31.214282
v -62.188098 187.136914 -29.190475
v -61.009528 187.136914 -31.613092
v -62.188098 187.136914 -29.190475
v -60.515479 187.136914 -29.601187
v -61.009528 187.136914 -31.613092
v -62.188098 187.136914 -29.190475
v -61.009528 1.964286 -31.613092
v -60.515479 1.964286 -29.601187
v -62.188098 1.964286 -29.190475
v -61.009528 1.964286 -31.613092
v -62.188098 1.964286 -29.190475
v -62.676196 1.964286 -31.214282
v -61.009528 1.964286 -31.613092
v -62.188098 1.964286 -29.190475
v -59.075006 0.095238 -75.452381
v -59.229767 0.095238 -75.821429
v -59.229767 190.095251 -75.821429
v -59.075006 0.095238 -75.452381
v -59.229767 190.095251 -75.821429
v -59.075006 190.095251 -75.452381
v -59.075006 0.095238 -75.452381
v -59.229767 190.095251 -75.821429
v -64.444049 190.095251 -75.452381
v -64.289288 190.095251 -75.821429
v -64.289288 0.095238 -75.821429
v -64.444049 190.095251 -75.452381
v -64.289288 0.095238 -75.821429
v -64.444049 0.095238 -75.452381
v -64.444049 190.095251 -75.452381
v -64.289288 0.095238 -75.821429
v -64.444049 0.095238 -71.190476
v -64.289288 0.095238 -70.821428
v -64.289288 190.095251 -70.821428
v -64.444049 0.095238 -71.190476
v -64.289288 190.095251 -70.821428
v -64.444049 190.095251 -71.190476
v -64.444049 0.095238 -71.190476
v -64.289288 190.095251 -70.821428
v -59.075006 190.095251 -71.190476
v -59.229767 190.095251 -70.821428
v -59.229767 0.095238 -70.821428
v -59.075006 190.095251 -71.190476
v -59.229767 0.095238 -70.821428
v -59.075006 0.095238 -71.190476
v -59.075006 190.095251 -71.190476
v -59.229767 0.095238 -70.821428
v -59.509528 0.095238 -76.10119
v -59.878577 0.095238 -76.25
v -59.878577 190.095251 -76.25
v -59.509528 0.095238 -76.10119
v -59.878577 190.095251 -76.25
v -59.509528 190.095251 -76.10119
v -59.509528 0.095238 -76.10119
v -59.878577 190.095251 -76.25
v -64.009528 190.095251 -76.10119
v -63.634528 190.095251 -76.25
v -63.634528 0.095238 -76.25
v -64.009528 190.095251 -76.10119
v -63.634528 0.095238 -76.25
v -64.009528 0.095238 -76.10119
v -64.009528 190.095251 -76.10119
v -63.634528 0.095238 -76.25
v -64.009528 0.095238 -70.535714
v -63.634528 0.095238 -70.380952
v -63.634528 190.095251 -70.380952
v -64.009528 0.095238 -70.535714
v -63.634528 190.095251 -70.380952
v -64.009528 190.095251 -70.535714
v -64.009528 0.095238 -70.535714
v -63.634528 190.095251 -70.380952
v -59.509528 190.095251 -70.535714
v -59.878577 190.095251 -70.380952
v -59.878577 0.095238 -70.380952
v -59.509528 190.095251 -70.535714
v -59.878577 0.095238 -70.380952
v -59.509528 0.095238 -70.535714
v -59.509528 190.095251 -70.535714
v -59.878577 0.095238 -70.380952
v -59.229767 0.095238 -75.821429
v -59.509528 0.095238 -76.10119
v -59.509528 190.095251 -76.10119
v -59.229767 0.095238 -75.821429
v -59.509528 190.095251 -76.10119
v -59.229767 190.095251 -75.821429
v -59.229767 0.095238 -75.821429
v -59.509528 190.095251 -76.10119
v -64.289288 190.095251 -75.821429
v -64.009528 190.095251 -76.10119
v -64.009528 0.095238 -76.10119
v -64.289288 190.095251 -75.821429
v -64.009528 0.095238 -76.10119
v -64.289288 0.095238 -75.821429
v -64.289288 190.095251 -75.821429
v -64.009528 0.095238 -76.10119
v -64.289288 0.095238 -70.821428
v -64.009528 0.095238 -70.535714
v -64.009528 190.095251 -70.535714
v -64.289288 0.095238 -70.821428
v -64.009528 190.095251 -70.535714
v -64.289288 190.095251 -70.821428
v -64.289288 0.095238 -70.821428
v -64.009528 190.095251 -70.535714
v -59.229767 190.095251 -70.821428
v -59.509528 190.095251 -70.535714
v -59.509528 0.095238 -70.535714
v -59.229767 190.095251 -70.821428
v -59.509528 0.095238 -70.535714
v -59.229767 0.095238 -70.821428
v -59.229767 190.095251 -70.821428
v -59.509528 0.095238 -70.535714
v -64.444049 0.095238 -75.452381
v -64.444049 0.095238 -71.190476
v -64.444049 190.095251 -71.190476
v -64.444049 0.095238 -75.452381
v -64.444049 190.095251 -71.190476
v -64.444049 190.095251 -75.452381
v -64.444049 0.095238 -75.452381
v -64.444049 190.095251 -71.190476
v -59.878577 190.095251 -70.380952
v -59.509528 190.095251 -70.535714
v -63.634528 190.095251 -70.380952
v -59.878577 190.095251 -70.380952
v -59.509528 190.095251 -70.535714
v -59.075006 190.095251 -71.190476
v -63.634528 190.095251 -70.380952
v -59.509528 190.095251 -70.535714
v -59.075006 190.095251 -71.190476
v -64.444049 190.095251 -75.452381
v -63.634528 190.095251 -70.380952
v -59.075006 190.095251 -71.190476
v -64.444049 190.095251 -75.452381
v -64.289288 190.095251 -70.821428
v -63.634528 190.095251 -70.380952
v -64.444049 190.095251 -75.452381
v -64.289288 190.095251 -70.821428
v -64.009528 190.095251 -70.535714
v -63.634528 190.095251 -70.380952
v -64.289288 190.095251 -70.821428
v -64.444049 190.095251 -75.452381
v -64.444049 190.095251 -71.190476
v -64.289288 190.095251 -70.821428
v -64.444049 190.095251 -75.452381
v -59.075006 190.095251 -71.190476
v -59.878577 190.095251 -76.25
v -64.444049 190.095251 -75.452381
v -59.075006 190.095251 -71.190476
v -59.878577 190.095251 -76.25
v -64.009528 190.095251 -76.10119
v -64.444049 190.095251 -75.452381
v -59.878577 190.095251 -76.25
v -64.009528 190.095251 -76.10119
v -64.289288 190.095251 -75.821429
v -64.444049 190.095251 -75.452381
v -64.009528 190.095251 -76.10119
v -59.878577 190.095251 -76.25
v -63.634528 190.095251 -76.25
v -64.009528 190.095251 -76.10119
v -59.878577 190.095251 -76.25
v -59.075006 190.095251 -71.190476
v -59.229767 190.095251 -75.821429
v -59.878577 190.095251 -76.25
v -59.075006 190.095251 -71.190476
v -59.229767 190.095251 -75.821429
v -59.509528 190.095251 -76.10119
v -59.878577 190.095251 -76.25
v -59.229767 190.095251 -75.821429
v -59.075006 190.095251 -71.190476
v -59.075006 190.095251 -75.452381
v -59.229767 190.095251 -75.821429
v -59.075006 190.095251 -71.190476
v -59.509528 190.095251 -70.535714
v -59.229767 190.095251 -70.821428
v -59.075006 190.095251 -71.190476
v -59.509528 190.095251 -70.535714
v -59.075006 190.095251 -75.452381
v -59.075006 190.095251 -71.190476
v -59.075006 0.095238 -71.190476
v -59.075006 190.095251 -75.452381
v -59.075006 0.095238 -71.190476
v -59.075006 0.095238 -75.452381
v -59.075006 190.095251 -75.452381
v -59.075006 0.095238 -71.190476
v -63.634528 0.095238 -70.380952
v -64.009528 0.095238 -70.535714
v -59.878577 0.095238 -70.380952
v -63.634528 0.095238 -70.380952
v -64.009528 0.095238 -70.535714
v -64.444049 0.095238 -71.190476
v -59.878577 0.095238 -70.380952
v -64.009528 0.095238 -70.535714
v -64.444049 0.095238 -71.190476
v -59.075006 0.095238 -75.452381
v -59.878577 0.095238 -70.380952
v -64.444049 0.095238 -71.190476
v -59.075006 0.095238 -75.452381
v -59.229767 0.095238 -70.821428
v -59.878577 0.095238 -70.380952
v -59.075006 0.095238 -75.452381
v -59.229767 0.095238 -70.821428
v -59.509528 0.095238 -70.535714
v -59.878577 0.095238 -70.380952
v -59.229767 0.095238 -70.821428
v -59.075006 0.095238 -75.452381
v -59.075006 0.095238 -71.190476
v -59.229767 0.095238 -70.821428
v -59.075006 0.095238 -75.452381
v -64.444049 0.095238 -71.190476
v -63.634528 0.095238 -76.25
v -59.075006 0.095238 -75.452381
v -64.444049 0.095238 -71.190476
v -63.634528 0.095238 -76.25
v -59.509528 0.095238 -76.10119
v -59.075006 0.095238 -75.452381
v -63.634528 0.095238 -76.25
v -59.509528 0.095238 -76.10119
v -59.229767 0.095238 -75.821429
v -59.075006 0.095238 -75.452381
v -59.509528 0.095238 -76.10119
v -63.634528 0.095238 -76.25
v -59.878577 0.095238 -76.25
v -59.509528 0.095238 -76.10119
v -63.634528 0.095238 -76.25
v -64.444049 0.095238 -71.190476
v -64.289288 0.095238 -75.821429
v -63.634528 0.095238 -76.25
v -64.444049 0.095238 -71.190476
v -64.289288 0.095238 -75.821429
v -64.009528 0.095238 -76.10119
v -63.634528 0.095238 -76.25
v -64.289288 0.095238 -75.821429
v -64.444049 0.095238 -71.190476
v -64.444049 0.095238 -75.452381
v -64.289288 0.095238 -75.821429
v -64.444049 0.095238 -71.190476
v -64.009528 0.095238 -70.535714
v -64.289288 0.095238 -70.821428
v -64.444049 0.095238 -71.190476
v -64.009528 0.095238 -70.535714
v -59.878577 190.095251 -76.25
v -59.878577 0.095238 -76.25
v -63.634528 0.095238 -76.25
v -59.878577 190.095251 -76.25
v -63.634528 0.095238 -76.25
v -63.634528 190.095251 -76.25
v -59.878577 190.095251 -76.25
v -63.634528 0.095238 -76.25
v -59.878577 190.095251 -70.380952
v -63.634528 190.095251 -70.380952
v -63.634528 0.095238 -70.380952
v -59.878577 190.095251 -70.380952
v -63.634528 0.095238 -70.380952
v -59.878577 0.095238 -70.380952
v -59.878577 190.095251 -70.380952
v -63.634528 0.095238 -70.380952
v 25.55 0.095238 8.678577
v 25.40119 0.095238 8.309528
v 25.40119 190.095251 8.309528
v 25.55 0.095238 8.678577
v 25.40119 190.095251 8.309528
v 25.55 190.095251 8.678577
v 25.55 0.095238 8.678577
v 25.40119 190.095251 8.309528
v 20.192857 190.095251 8.678577
v 20.341666 190.095251 8.309528
v 20.341666 0.095238 8.309528
v 20.192857 190.095251 8.678577
v 20.341666 0.095238 8.309528
v 20.192857 0.095238 8.678577
v 20.192857 190.095251 8.678577
v 20.341666 0.095238 8.309528
v 20.192857 0.095238 12.934528
v 20.341666 0.095238 13.309528
v 20.341666 190.095251 13.309528
v 20.192857 0.095238 12.934528
v 20.341666 190.095251 13.309528
v 20.192857 190.095251 12.934528
v 20.192857 0.095238 12.934528
v 20.341666 190.095251 13.309528
v 25.55 190.095251 12.934528
v 25.40119 190.095251 13.309528
v 25.40119 0.095238 13.309528
v 25.55 190.095251 12.934528
v 25.40119 0.095238 13.309528
v 25.55 0.095238 12.934528
v 25.55 190.095251 12.934528
v 25.40119 0.095238 13.309528
v 25.121429 0.095238 8.017859
v 24.752381 0.095238 7.869049
v 24.752381 190.095251 7.869049
v 25.121429 0.095238 8.017859
v 24.752381 190.095251 7.869049
v 25.121429 190.095251 8.017859
v 25.121429 0.095238 8.017859
v 24.752381 190.095251 7.869049
v 20.621428 190.095251 8.017859
v 20.990476 190.095251 7.869049
v 20.990476 0.095238 7.869049
v 20.621428 190.095251 8.017859
v 20.990476 0.095238 7.869049
v 20.621428 0.095238 8.017859
v 20.621428 190.095251 8.017859
v 20.990476 0.095238 7.869049
v 20.621428 0.095238 13.589288
v 20.990476 0.095238 13.738098
v 20.990476 190.095251 13.744049
v 20.621428 0.095238 13.589288
v 20.990476 190.095251 13.744049
v 20.621428 190.095251 13.589288
v 20.621428 0.095238 13.589288
v 20.990476 190.095251 13.744049
v 25.121429 190.095251 13.589288
v 24.752381 190.095251 13.744049
v 24.752381 0.095238 13.738098
v 25.121429 190.095251 13.589288
v 24.752381 0.095238 13.738098
v 25.121429 0.095238 13.589288
v 25.121429 190.095251 13.589288
v 24.752381 0.095238 13.738098
v 25.40119 0.095238 8.309528
v 25.121429 0.095238 8.017859
v 25.121429 190.095251 8.017859
v 25.40119 0.095238 8.309528
v 25.121429 190.095251 8.017859
v 25.40119 190.095251 8.309528
v 25.40119 0.095238 8.309528
v 25.121429 190.095251 8.017859
v 20.341666 190.095251 8.309528
v 20.621428 190.095251 8.017859
v 20.621428 0.095238 8.017859
v 20.341666 190.095251 8.309528
v 20.621428 0.095238 8.017859
v 20.341666 0.095238 8.309528
v 20.341666 190.095251 8.309528
v 20.621428 0.095238 8.017859
v 20.341666 0.095238 13.309528
v 20.621428 0.095238 13.589288
v 20.621428 190.095251 13.589288
v 20.341666 0.095238 13.309528
v 20.621428 190.095251 13.589288
v 20.341666 190.095251 13.309528
v 20.341666 0.095238 13.309528
v 20.621428 190.095251 13.589288
v 25.40119 190.095251 13.309528
v 25.121429 190.095251 13.589288
v 25.121429 0.095238 13.589288
v 25.40119 190.095251 13.309528
v 25.121429 0.095238 13.589288
v 25.40119 0.095238 13.309528
v 25.40119 190.095251 13.309528
v 25.121429 0.095238 13.589288
v 20.192857 0.095238 8.678577
v 20.192857 0.095238 12.934528
v 20.192857 190.095251 12.934528
v 20.192857 0.095238 8.678577
v 20.192857 190.095251 12.934528
v 20.192857 190.095251 8.678577
v 20.192857 0.095238 8.678577
v 20.192857 190.095251 12.934528
v 24.752381 190.095251 13.744049
v 25.121429 190.095251 13.589288
v 20.990476 190.095251 13.744049
v 24.752381 190.095251 13.744049
v 25.121429 190.095251 13.589288
v 25.55 190.095251 12.934528
v 20.990476 190.095251 13.744049
v 25.121429 190.095251 13.589288
v 25.55 190.095251 12.934528
v 20.192857 190.095251 8.678577
v 20.990476 190.095251 13.744049
v 25.55 190.095251 12.934528
v 20.192857 190.095251 8.678577
v 20.341666 190.095251 13.309528
v 20.990476 190.095251 13.744049
v 20.192857 190.095251 8.678577
v 20.341666 190.095251 13.309528
v 20.621428 190.095251 13.589288
v 20.990476 190.095251 13.744049
v 20.341666 190.095251 13.309528
v 20.192857 190.095251 8.678577
v 20.192857 190.095251 12.934528
v 20.341666 190.095251 13.309528
v 20.192857 190.095251 8.678577
v 25.55 190.095251 12.934528
v 24.752381 190.095251 7.869049
v 20.192857 190.095251 8.678577
v 25.55 190.095251 12.934528
v 24.752381 190.095251 7.869049
v 20.621428 190.095251 8.017859
v 20.192857 190.095251 8.678577
v 24.752381 190.095251 7.869049
v 20.621428 190.095251 8.017859
v 20.341666 190.095251 8.309528
v 20.192857 190.095251 8.678577
v 20.621428 190.095251 8.017859
v 24.752381 190.095251 7.869049
v 20.990476 190.095251 7.869049
v 20.621428 190.095251 8.017859
v 24.752381 190.095251 7.869049
v 25.55 190.095251 12.934528
v 25.40119 190.095251 8.309528
v 24.752381 190.095251 7.869049
v 25.55 190.095251 12.934528
v 25.40119 190.095251 8.309528
v 25.121429 190.095251 8.017859
v 24.752381 190.095251 7.869049
v 25.40119 190.095251 8.309528
v 25.55 190.095251 12.934528
v 25.55 190.095251 8.678577
v 25.40119 190.095251 8.309528
v 25.55 190.095251 12.934528
v 25.121429 190.095251 13.589288
v 25.40119 190.095251 13.309528
v 25.55 190.095251 12.934528
v 25.121429 190.095251 13.589288
v 25.55 190.095251 8.678577
v 25.55 190.095251 12.934528
v 25.55 0.095238 12.934528
v 25.55 190.095251 8.678577
v 25.55 0.095238 12.934528
v 25.55 0.095238 8.678577
v 25.55 190.095251 8.678577
v 25.55 0.095238 12.934528
v 20.990476 0.095238 13.738098
v 20.621428 0.095238 13.589288
v 24.752381 0.095238 13.738098
v 20.990476 0.095238 13.738098
v 20.621428 0.095238 13.589288
v 20.192857 0.095238 12.934528
v 24.752381 0.095238 13.738098
v 20.621428 0.095238 13.589288
v 20.192857 0.095238 12.934528
v 25.55 0.095238 8.678577
v 24.752381 0.095238 13.738098
v 20.192857 0.095238 12.934528
v 25.55 0.095238 8.678577
v 25.40119 0.095238 13.309528
v 24.752381 0.095238 13.738098
v 25.55 0.095238 8.678577
v 25.40119 0.095238 13.309528
v 25.121429 0.095238 13.589288
v 24.752381 0.095238 13.738098
v 25.40119 0.095238 13.309528
v 25.55 0.095238 8.678577
v 25.55 0.095238 12.934528
v 25.40119 0.095238 13.309528
v 25.55 0.095238 8.678577
v 20.192857 0.095238 12.934528
v 20.990476 0.095238 7.869049
v 25.55 0.095238 8.678577
v 20.192857 0.095238 12.934528
v 20.990476 0.095238 7.869049
v 25.121429 0.095238 8.017859
v 25.55 0.095238 8.678577
v 20.990476 0.095238 7.869049
v 25.121429 0.095238 8.017859
v 25.40119 0.095238 8.309528
v 25.55 0.095238 8.678577
v 25.121429 0.095238 8.017859
v 20.990476 0.095238 7.869049
v 24.752381 0.095238 7.869049
v 25.121429 0.095238 8.017859
v 20.990476 0.095238 7.869049
v 20.192857 0.095238 12.934528
v 20.341666 0.095238 8.309528
v 20.990476 0.095238 7.869049
v 20.192857 0.095238 12.934528
v 20.341666 0.095238 8.309528
v 20.621428 0.095238 8.017859
v 20.990476 0.095238 7.869049
v 20.341666 0.095238 8.309528
v 20.192857 0.095238 12.934528
v 20.192857 0.095238 8.678577
v 20.341666 0.095238 8.309528
v 20.192857 0.095238 12.934528
v 20.621428 0.095238 13.589288
v 20.341666 0.095238 13.309528
v 20.192857 0.095238 12.934528
v 20.621428 0.095238 13.589288
v 24.752381 190.095251 7.869049
v 24.752381 0.095238 7.869049
v 20.990476 0.095238 7.869049
v 24.752381 190.095251 7.869049
v 20.990476 0.095238 7.869049
v 20.990476 190.095251 7.869049
v 24.752381 190.095251 7.869049
v 20.990476 0.095238 7.869049
v 24.752381 190.095251 13.744049
v 20.990476 190.095251 13.744049
v 20.990476 0.095238 13.738098
v 24.752381 190.095251 13.744049
v 20.990476 0.095238 13.738098
v 24.752381 0.095238 13.738098
v 24.752381 190.095251 13.744049
v 20.990476 0.095238 13.738098
v -48.205957 4.446429 -5.535712
v -48.205957 185.565479 -5.535712
v -48.045239 185.565479 -5.624994
v -48.205957 4.446429 -5.535712
v -48.045239 185.565479 -5.624994
v -48.045239 4.446429 -5.624994
v -48.205957 4.446429 -5.535712
v -48.045239 185.565479 -5.624994
v -48.205957 185.565479 -5.535712
v -51.229767 185.565479 -8.994043
v -51.075006 185.565479 -9.083331
v -48.205957 185.565479 -5.535712
v -51.075006 185.565479 -9.083331
v -48.045239 185.565479 -5.624994
v -48.205957 185.565479 -5.535712
v -51.075006 185.565479 -9.083331
v -51.229767 185.565479 -8.994043
v -54.527386 185.565479 -13.684521
v -54.366669 185.565479 -13.761902
v -51.229767 185.565479 -8.994043
v -54.366669 185.565479 -13.761902
v -51.075006 185.565479 -9.083331
v -51.229767 185.565479 -8.994043
v -54.366669 185.565479 -13.761902
v -54.527386 185.565479 -13.684521
v -57.295239 185.565479 -18.690472
v -57.146429 185.565479 -18.785712
v -54.527386 185.565479 -13.684521
v -57.146429 185.565479 -18.785712
v -54.366669 185.565479 -13.761902
v -54.527386 185.565479 -13.684521
v -57.146429 185.565479 -18.785712
v -57.295239 185.565479 -18.690472
v -59.527386 185.565479 -23.970233
v -59.366669 185.565479 -24.065472
v -57.295239 185.565479 -18.690472
v -59.366669 185.565479 -24.065472
v -57.146429 185.565479 -18.785712
v -57.295239 185.565479 -18.690472
v -59.366669 185.565479 -24.065472
v -59.527386 185.565479 -23.970233
v -60.854767 185.565479 -28.374997
v -60.694049 185.565479 -28.464282
v -59.527386 185.565479 -23.970233
v -60.694049 185.565479 -28.464282
v -59.366669 185.565479 -24.065472
v -59.527386 185.565479 -23.970233
v -60.694049 185.565479 -28.464282
v -60.854767 4.446429 -28.374997
v -59.527386 4.446429 -23.970233
v -59.366669 4.446429 -24.065472
v -60.854767 4.446429 -28.374997
v -59.366669 4.446429 -24.065472
v -60.694049 4.446429 -28.464282
v -60.854767 4.446429 -28.374997
v -59.366669 4.446429 -24.065472
v -59.527386 4.446429 -23.970233
v -57.295239 4.446429 -18.690472
v -57.146429 4.446429 -18.785712
v -59.527386 4.446429 -23.970233
v -57.146429 4.446429 -18.785712
v -59.366669 4.446429 -24.065472
v -59.527386 4.446429 -23.970233
v -57.146429 4.446429 -18.785712
v -57.295239 4.446429 -18.690472
v -54.527386 4.446429 -13.684521
v -54.366669 4.446429 -13.761902
v -57.295239 4.446429 -18.690472
v -54.366669 4.446429 -13.761902
v -57.146429 4.446429 -18.785712
v -57.295239 4.446429 -18.690472
v -54.366669 4.446429 -13.761902
v -54.527386 4.446429 -13.684521
v -51.229767 4.446429 -8.994043
v -51.075006 4.446429 -9.083331
v -54.527386 4.446429 -13.684521
v -51.075006 4.446429 -9.083331
v -54.366669 4.446429 -13.761902
v -54.527386 4.446429 -13.684521
v -51.075006 4.446429 -9.083331
v -51.229767 4.446429 -8.994043
v -48.205957 4.446429 -5.535712
v -48.045239 4.446429 -5.624994
v -51.229767 4.446429 -8.994043
v -48.045239 4.446429 -5.624994
v -51.075006 4.446429 -9.083331
v -51.229767 4.446429 -8.994043
v -48.045239 4.446429 -5.624994
v -48.045239 4.446429 -5.624994
v -48.045239 185.565479 -5.624994
v -47.295239 186.708337 -4.761902
v -48.045239 4.446429 -5.624994
v -47.295239 186.708337 -4.761902
v -47.295239 3.315476 -4.761902
v -48.045239 4.446429 -5.624994
v -47.295239 186.708337 -4.761902
v -48.045239 185.565479 -5.624994
v -51.075006 185.565479 -9.083331
v -51.075006 186.708337 -9.083331
v -48.045239 185.565479 -5.624994
v -51.075006 186.708337 -9.083331
v -47.295239 186.708337 -4.761902
v -48.045239 185.565479 -5.624994
v -51.075006 186.708337 -9.083331
v -51.075006 185.565479 -9.083331
v -54.366669 185.565479 -13.761902
v -54.366669 186.708337 -13.761902
v -51.075006 185.565479 -9.083331
v -54.366669 186.708337 -13.761902
v -51.075006 186.708337 -9.083331
v -51.075006 185.565479 -9.083331
v -54.366669 186.708337 -13.761902
v -54.366669 185.565479 -13.761902
v -57.146429 185.565479 -18.785712
v -57.146429 186.708337 -18.785712
v -54.366669 185.565479 -13.761902
v -57.146429 186.708337 -18.785712
v -54.366669 186.708337 -13.761902
v -54.366669 185.565479 -13.761902
v -57.146429 186.708337 -18.785712
v -57.146429 185.565479 -18.785712
v -59.366669 185.565479 -24.065472
v -59.366669 186.708337 -24.065472
v -57.146429 185.565479 -18.785712
v -59.366669 186.708337 -24.065472
v -57.146429 186.708337 -18.785712
v -57.146429 185.565479 -18.785712
v -59.366669 186.708337 -24.065472
v -60.694049 4.446429 -28.464282
v -59.366669 4.446429 -24.065472
v -59.366669 3.315476 -24.065472
v -60.694049 4.446429 -28.464282
v -59.366669 3.315476 -24.065472
v -61.027386 3.315476 -29.541666
v -60.694049 4.446429 -28.464282
v -59.366669 3.315476 -24.065472
v -59.366669 4.446429 -24.065472
v -57.146429 4.446429 -18.785712
v -57.146429 3.315476 -18.785712
v -59.366669 4.446429 -24.065472
v -57.146429 3.315476 -18.785712
v -59.366669 3.315476 -24.065472
v -59.366669 4.446429 -24.065472
v -57.146429 3.315476 -18.785712
v -57.146429 4.446429 -18.785712
v -54.366669 4.446429 -13.761902
v -54.366669 3.315476 -13.761902
v -57.146429 4.446429 -18.785712
v -54.366669 3.315476 -13.761902
v -57.146429 3.315476 -18.785712
v -57.146429 4.446429 -18.785712
v -54.366669 3.315476 -13.761902
v -54.366669 4.446429 -13.761902
v -51.075006 4.446429 -9.083331
v -51.075006 3.315476 -9.083331
v -54.366669 4.446429 -13.761902
v -51.075006 3.315476 -9.083331
v -54.366669 3.315476 -13.761902
v -54.366669 4.446429 -13.761902
v -51.075006 3.315476 -9.083331
v -51.075006 4.446429 -9.083331
v -48.045239 4.446429 -5.624994
v -47.295239 3.315476 -4.761902
v -51.075006 4.446429 -9.083331
v -47.295239 3.315476 -4.761902
v -51.075006 3.315476 -9.083331
v -51.075006 4.446429 -9.083331
v -47.295239 3.315476 -4.761902
v -24.069049 185.565479 9.404767
v -28.42619 185.565479 7.964288
v -28.336908 185.565479 7.815479
v -24.069049 185.565479 9.404767
v -28.336908 185.565479 7.815479
v -23.979764 185.565479 9.255957
v -24.069049 185.565479 9.404767
v -28.336908 185.565479 7.815479
v -28.42619 185.565479 7.964288
v -33.646429 185.565479 5.595239
v -33.557147 185.565479 5.446429
v -28.42619 185.565479 7.964288
v -33.557147 185.565479 5.446429
v -28.336908 185.565479 7.815479
v -28.42619 185.565479 7.964288
v -33.557147 185.565479 5.446429
v -33.646429 185.565479 5.595239
v -38.575 185.565479 2.684528
v -38.485718 185.565479 2.535718
v -33.646429 185.565479 5.595239
v -38.485718 185.565479 2.535718
v -33.557147 185.565479 5.446429
v -33.646429 185.565479 5.595239
v -38.485718 185.565479 2.535718
v -38.575 185.565479 2.684528
v -43.176196 185.565479 -0.720233
v -43.086908 185.565479 -0.880951
v -38.575 185.565479 2.684528
v -43.086908 185.565479 -0.880951
v -38.485718 185.565479 2.535718
v -38.575 185.565479 2.684528
v -43.086908 185.565479 -0.880951
v -43.176196 185.565479 -0.720233
v -46.557147 185.565479 -3.845233
v -46.467859 185.565479 -3.994043
v -43.176196 185.565479 -0.720233
v -46.467859 185.565479 -3.994043
v -43.086908 185.565479 -0.880951
v -43.176196 185.565479 -0.720233
v -46.467859 185.565479 -3.994043
v -46.557147 185.565479 -3.845233
v -46.557147 4.446429 -3.845233
v -46.467859 4.446429 -3.994043
v -46.557147 185.565479 -3.845233
v -46.467859 4.446429 -3.994043
v -46.467859 185.565479 -3.994043
v -46.557147 185.565479 -3.845233
v -46.467859 4.446429 -3.994043
v -46.557147 4.446429 -3.845233
v -43.176196 4.446429 -0.720233
v -43.086908 4.446429 -0.880951
v -46.557147 4.446429 -3.845233
v -43.086908 4.446429 -0.880951
v -46.467859 4.446429 -3.994043
v -46.557147 4.446429 -3.845233
v -43.086908 4.446429 -0.880951
v -43.176196 4.446429 -0.720233
v -38.575 4.446429 2.684528
v -38.485718 4.446429 2.535718
v -43.176196 4.446429 -0.720233
v -38.485718 4.446429 2.535718
v -43.086908 4.446429 -0.880951
v -43.176196 4.446429 -0.720233
v -38.485718 4.446429 2.535718
v -38.575 4.446429 2.684528
v -33.646429 4.446429 5.595239
v -33.557147 4.446429 5.446429
v -38.575 4.446429 2.684528
v -33.557147 4.446429 5.446429
v -38.485718 4.446429 2.535718
v -38.575 4.446429 2.684528
v -33.557147 4.446429 5.446429
v -33.646429 4.446429 5.595239
v -28.42619 4.446429 7.964288
v -28.336908 4.446429 7.815479
v -33.646429 4.446429 5.595239
v -28.336908 4.446429 7.815479
v -33.557147 4.446429 5.446429
v -33.646429 4.446429 5.595239
v -28.336908 4.446429 7.815479
v -28.42619 4.446429 7.964288
v -24.069049 4.446429 9.404767
v -23.979764 4.446429 9.255957
v -28.42619 4.446429 7.964288
v -23.979764 4.446429 9.255957
v -28.336908 4.446429 7.815479
v -28.42619 4.446429 7.964288
v -23.979764 4.446429 9.255957
v -23.979764 185.565479 9.255957
v -28.336908 185.565479 7.815479
v -28.336908 186.708337 7.815479
v -23.979764 185.565479 9.255957
v -28.336908 186.708337 7.815479
v -22.896429 186.708337 9.619049
v -23.979764 185.565479 9.255957
v -28.336908 186.708337 7.815479
v -28.336908 185.565479 7.815479
v -33.557147 185.565479 5.446429
v -33.557147 186.708337 5.446429
v -28.336908 185.565479 7.815479
v -33.557147 186.708337 5.446429
v -28.336908 186.708337 7.815479
v -28.336908 185.565479 7.815479
v -33.557147 186.708337 5.446429
v -33.557147 185.565479 5.446429
v -38.485718 185.565479 2.535718
v -38.485718 186.708337 2.535718
v -33.557147 185.565479 5.446429
v -38.485718 186.708337 2.535718
v -33.557147 186.708337 5.446429
v -33.557147 185.565479 5.446429
v -38.485718 186.708337 2.535718
v -38.485718 185.565479 2.535718
v -43.086908 185.565479 -0.880951
v -43.086908 186.708337 -0.880951
v -38.485718 185.565479 2.535718
v -43.086908 186.708337 -0.880951
v -38.485718 186.708337 2.535718
v -38.485718 185.565479 2.535718
v -43.086908 186.708337 -0.880951
v -43.086908 185.565479 -0.880951
v -46.467859 185.565479 -3.994043
v -47.295239 186.708337 -4.761902
v -43.086908 185.565479 -0.880951
v -47.295239 186.708337 -4.761902
v -43.086908 186.708337 -0.880951
v -43.086908 185.565479 -0.880951
v -47.295239 186.708337 -4.761902
v -46.467859 185.565479 -3.994043
v -46.467859 4.446429 -3.994043
v -47.295239 3.315476 -4.761902
v -46.467859 185.565479 -3.994043
v -47.295239 3.315476 -4.761902
v -47.295239 186.708337 -4.761902
v -46.467859 185.565479 -3.994043
v -47.295239 3.315476 -4.761902
v -46.467859 4.446429 -3.994043
v -43.086908 4.446429 -0.880951
v -43.086908 3.315476 -0.880951
v -46.467859 4.446429 -3.994043
v -43.086908 3.315476 -0.880951
v -47.295239 3.315476 -4.761902
v -46.467859 4.446429 -3.994043
v -43.086908 3.315476 -0.880951
v -43.086908 4.446429 -0.880951
v -38.485718 4.446429 2.535718
v -38.485718 3.315476 2.535718
v -43.086908 4.446429 -0.880951
v -38.485718 3.315476 2.535718
v -43.086908 3.315476 -0.880951
v -43.086908 4.446429 -0.880951
v -38.485718 3.315476 2.535718
v -38.485718 4.446429 2.535718
v -33.557147 4.446429 5.446429
v -33.557147 3.315476 5.446429
v -38.485718 4.446429 2.535718
v -33.557147 3.315476 5.446429
v -38.485718 3.315476 2.535718
v -38.485718 4.446429 2.535718
v -33.557147 3.315476 5.446429
v -33.557147 4.446429 5.446429
v -28.336908 4.446429 7.815479
v -28.336908 3.315476 7.815479
v -33.557147 4.446429 5.446429
v -28.336908 3.315476 7.815479
v -33.557147 3.315476 5.446429
v -33.557147 4.446429 5.446429
v -28.336908 3.315476 7.815479
v -28.336908 4.446429 7.815479
v -23.979764 4.446429 9.255957
v -22.896429 3.315476 9.619049
v -28.336908 4.446429 7.815479
v -22.896429 3.315476 9.619049
v -28.336908 3.315476 7.815479
v -28.336908 4.446429 7.815479
v -22.896429 3.315476 9.619049
v -51.188098 4.446429 -8.874994
v -54.527386 4.446429 -13.630951
v -55.015479 4.446429 -13.363092
v -51.188098 4.446429 -8.874994
v -55.015479 4.446429 -13.363092
v -51.676196 4.446429 -8.60119
v -51.188098 4.446429 -8.874994
v -55.015479 4.446429 -13.363092
v -54.527386 4.446429 -13.630951
v -57.336908 4.446429 -18.714282
v -57.836908 4.446429 -18.440472
v -54.527386 4.446429 -13.630951
v -57.836908 4.446429 -18.440472
v -55.015479 4.446429 -13.363092
v -54.527386 4.446429 -13.630951
v -57.836908 4.446429 -18.440472
v -57.336908 4.446429 -18.714282
v -59.598816 4.446429 -24.071423
v -60.098816 4.446429 -23.791663
v -57.336908 4.446429 -18.714282
v -60.098816 4.446429 -23.791663
v -57.836908 4.446429 -18.440472
v -57.336908 4.446429 -18.714282
v -60.098816 4.446429 -23.791663
v -59.598816 4.446429 -24.071423
v -60.944049 4.446429 -28.553571
v -61.444049 4.446429 -28.273807
v -59.598816 4.446429 -24.071423
v -61.444049 4.446429 -28.273807
v -60.098816 4.446429 -23.791663
v -59.598816 4.446429 -24.071423
v -61.444049 4.446429 -28.273807
v -60.944049 185.565479 -28.553571
v -59.598816 185.565479 -24.071423
v -60.098816 185.565479 -23.791663
v -60.944049 185.565479 -28.553571
v -60.098816 185.565479 -23.791663
v -61.444049 185.565479 -28.273807
v -60.944049 185.565479 -28.553571
v -60.098816 185.565479 -23.791663
v -59.598816 185.565479 -24.071423
v -57.336908 185.565479 -18.714282
v -57.836908 185.565479 -18.440472
v -59.598816 185.565479 -24.071423
v -57.836908 185.565479 -18.440472
v -60.098816 185.565479 -23.791663
v -59.598816 185.565479 -24.071423
v -57.836908 185.565479 -18.440472
v -57.336908 185.565479 -18.714282
v -54.527386 185.565479 -13.630951
v -55.015479 185.565479 -13.363092
v -57.336908 185.565479 -18.714282
v -55.015479 185.565479 -13.363092
v -57.836908 185.565479 -18.440472
v -57.336908 185.565479 -18.714282
v -55.015479 185.565479 -13.363092
v -54.527386 185.565479 -13.630951
v -51.188098 185.565479 -8.874994
v -51.676196 185.565479 -8.60119
v -54.527386 185.565479 -13.630951
v -51.676196 185.565479 -8.60119
v -55.015479 185.565479 -13.363092
v -54.527386 185.565479 -13.630951
v -51.676196 185.565479 -8.60119
v -51.188098 185.565479 -8.874994
v -48.104767 185.565479 -5.35119
v -48.598816 185.565479 -5.083331
v -51.188098 185.565479 -8.874994
v -48.598816 185.565479 -5.083331
v -51.676196 185.565479 -8.60119
v -51.188098 185.565479 -8.874994
v -48.598816 185.565479 -5.083331
v -48.104767 185.565479 -5.35119
v -48.104767 4.446429 -5.35119
v -48.598816 4.446429 -5.083331
v -48.104767 185.565479 -5.35119
v -48.598816 4.446429 -5.083331
v -48.598816 185.565479 -5.083331
v -48.104767 185.565479 -5.35119
v -48.598816 4.446429 -5.083331
v -48.104767 4.446429 -5.35119
v -51.188098 4.446429 -8.874994
v -51.676196 4.446429 -8.60119
v -48.104767 4.446429 -5.35119
v -51.676196 4.446429 -8.60119
v -48.598816 4.446429 -5.083331
v -48.104767 4.446429 -5.35119
v -51.676196 4.446429 -8.60119
v -51.676196 4.446429 -8.60119
v -55.015479 4.446429 -13.363092
v -55.015479 3.315476 -13.363092
v -51.676196 4.446429 -8.60119
v -55.015479 3.315476 -13.363092
v -51.676196 3.315476 -8.60119
v -51.676196 4.446429 -8.60119
v -55.015479 3.315476 -13.363092
v -55.015479 4.446429 -13.363092
v -57.836908 4.446429 -18.440472
v -57.836908 3.315476 -18.440472
v -55.015479 4.446429 -13.363092
v -57.836908 3.315476 -18.440472
v -55.015479 3.315476 -13.363092
v -55.015479 4.446429 -13.363092
v -57.836908 3.315476 -18.440472
v -57.836908 4.446429 -18.440472
v -60.098816 4.446429 -23.791663
v -60.098816 3.315476 -23.791663
v -57.836908 4.446429 -18.440472
v -60.098816 3.315476 -23.791663
v -57.836908 3.315476 -18.440472
v -57.836908 4.446429 -18.440472
v -60.098816 3.315476 -23.791663
v -60.098816 4.446429 -23.791663
v -61.444049 4.446429 -28.273807
v -61.777386 3.315476 -29.363092
v -60.098816 4.446429 -23.791663
v -61.777386 3.315476 -29.363092
v -60.098816 3.315476 -23.791663
v -60.098816 4.446429 -23.791663
v -61.777386 3.315476 -29.363092
v -61.444049 185.565479 -28.273807
v -60.098816 185.565479 -23.791663
v -60.098816 186.708337 -23.791663
v -61.444049 185.565479 -28.273807
v -60.098816 185.565479 -23.791663
v -57.836908 185.565479 -18.440472
v -57.836908 186.708337 -18.440472
v -60.098816 185.565479 -23.791663
v -57.836908 186.708337 -18.440472
v -60.098816 186.708337 -23.791663
v -60.098816 185.565479 -23.791663
v -57.836908 186.708337 -18.440472
v -57.836908 185.565479 -18.440472
v -55.015479 185.565479 -13.363092
v -55.015479 186.708337 -13.363092
v -57.836908 185.565479 -18.440472
v -55.015479 186.708337 -13.363092
v -57.836908 186.708337 -18.440472
v -57.836908 185.565479 -18.440472
v -55.015479 186.708337 -13.363092
v -55.015479 185.565479 -13.363092
v -51.676196 185.565479 -8.60119
v -51.676196 186.708337 -8.60119
v -55.015479 185.565479 -13.363092
v -51.676196 186.708337 -8.60119
v -55.015479 186.708337 -13.363092
v -55.015479 185.565479 -13.363092
v -51.676196 186.708337 -8.60119
v -51.676196 185.565479 -8.60119
v -48.598816 185.565479 -5.083331
v -47.854767 186.708337 -4.232141
v -51.676196 185.565479 -8.60119
v -47.854767 186.708337 -4.232141
v -51.676196 186.708337 -8.60119
v -51.676196 185.565479 -8.60119
v -47.854767 186.708337 -4.232141
v -48.598816 185.565479 -5.083331
v -48.598816 4.446429 -5.083331
v -47.854767 3.315476 -4.232141
v -48.598816 185.565479 -5.083331
v -47.854767 3.315476 -4.232141
v -47.854767 186.708337 -4.232141
v -48.598816 185.565479 -5.083331
v -47.854767 3.315476 -4.232141
v -48.598816 4.446429 -5.083331
v -51.676196 4.446429 -8.60119
v -51.676196 3.315476 -8.60119
v -48.598816 4.446429 -5.083331
v -51.676196 3.315476 -8.60119
v -47.854767 3.315476 -4.232141
v -48.598816 4.446429 -5.083331
v -51.676196 3.315476 -8.60119
v -28.325 4.446429 8.047626
v -33.616669 4.446429 5.636908
v -33.908337 4.446429 6.125006
v -28.325 4.446429 8.047626
v -33.908337 4.446429 6.125006
v -28.616669 4.446429 8.529767
v -28.325 4.446429 8.047626
v -33.908337 4.446429 6.125006
v -33.616669 4.446429 5.636908
v -38.628577 4.446429 2.684528
v -38.914288 4.446429 3.178577
v -33.616669 4.446429 5.636908
v -38.914288 4.446429 3.178577
v -33.908337 4.446429 6.125006
v -33.616669 4.446429 5.636908
v -38.914288 4.446429 3.178577
v -38.628577 4.446429 2.684528
v -43.295239 4.446429 -0.773804
v -43.586908 4.446429 -0.285712
v -38.628577 4.446429 2.684528
v -43.586908 4.446429 -0.285712
v -38.914288 4.446429 3.178577
v -38.628577 4.446429 2.684528
v -43.586908 4.446429 -0.285712
v -43.295239 4.446429 -0.773804
v -46.729767 4.446429 -3.95238
v -47.015479 4.446429 -3.464282
v -43.295239 4.446429 -0.773804
v -47.015479 4.446429 -3.464282
v -43.586908 4.446429 -0.285712
v -43.295239 4.446429 -0.773804
v -47.015479 4.446429 -3.464282
v -46.729767 4.446429 -3.95238
v -46.729767 185.565479 -3.95238
v -47.015479 185.565479 -3.464282
v -46.729767 4.446429 -3.95238
v -47.015479 185.565479 -3.464282
v -47.015479 4.446429 -3.464282
v -46.729767 4.446429 -3.95238
v -47.015479 185.565479 -3.464282
v -46.729767 185.565479 -3.95238
v -43.295239 185.565479 -0.773804
v -43.586908 185.565479 -0.285712
v -46.729767 185.565479 -3.95238
v -43.586908 185.565479 -0.285712
v -47.015479 185.565479 -3.464282
v -46.729767 185.565479 -3.95238
v -43.586908 185.565479 -0.285712
v -43.295239 185.565479 -0.773804
v -38.628577 185.565479 2.684528
v -38.914288 185.565479 3.178577
v -43.295239 185.565479 -0.773804
v -38.914288 185.565479 3.178577
v -43.586908 185.565479 -0.285712
v -43.295239 185.565479 -0.773804
v -38.914288 185.565479 3.178577
v -38.628577 185.565479 2.684528
v -33.616669 185.565479 5.636908
v -33.908337 185.565479 6.125006
v -38.628577 185.565479 2.684528
v -33.908337 185.565479 6.125006
v -38.914288 185.565479 3.178577
v -38.628577 185.565479 2.684528
v -33.908337 185.565479 6.125006
v -33.616669 185.565479 5.636908
v -28.325 185.565479 8.047626
v -28.616669 185.565479 8.529767
v -33.616669 185.565479 5.636908
v -28.616669 185.565479 8.529767
v -33.908337 185.565479 6.125006
v -33.616669 185.565479 5.636908
v -28.616669 185.565479 8.529767
v -28.325 185.565479 8.047626
v -23.884525 185.565479 9.505957
v -24.176193 185.565479 9.994049
v -28.325 185.565479 8.047626
v -24.176193 185.565479 9.994049
v -28.616669 185.565479 8.529767
v -28.325 185.565479 8.047626
v -24.176193 185.565479 9.994049
v -23.884525 4.446429 9.505957
v -28.325 4.446429 8.047626
v -28.616669 4.446429 8.529767
v -23.884525 4.446429 9.505957
v -28.616669 4.446429 8.529767
v -24.176193 4.446429 9.994049
v -23.884525 4.446429 9.505957
v -28.616669 4.446429 8.529767
v -28.616669 4.446429 8.529767
v -33.908337 4.446429 6.125006
v -33.908337 3.315476 6.125006
v -28.616669 4.446429 8.529767
v -33.908337 3.315476 6.125006
v -28.616669 3.315476 8.529767
v -28.616669 4.446429 8.529767
v -33.908337 3.315476 6.125006
v -33.908337 4.446429 6.125006
v -38.914288 4.446429 3.178577
v -38.914288 3.315476 3.178577
v -33.908337 4.446429 6.125006
v -38.914288 3.315476 3.178577
v -33.908337 3.315476 6.125006
v -33.908337 4.446429 6.125006
v -38.914288 3.315476 3.178577
v -38.914288 4.446429 3.178577
v -43.586908 4.446429 -0.285712
v -43.586908 3.315476 -0.285712
v -38.914288 4.446429 3.178577
v -43.586908 3.315476 -0.285712
v -38.914288 3.315476 3.178577
v -38.914288 4.446429 3.178577
v -43.586908 3.315476 -0.285712
v -43.586908 4.446429 -0.285712
v -47.015479 4.446429 -3.464282
v -47.854767 3.315476 -4.232141
v -43.586908 4.446429 -0.285712
v -47.854767 3.315476 -4.232141
v -43.586908 3.315476 -0.285712
v -43.586908 4.446429 -0.285712
v -47.854767 3.315476 -4.232141
v -47.015479 4.446429 -3.464282
v -47.015479 185.565479 -3.464282
v -47.854767 186.708337 -4.232141
v -47.015479 4.446429 -3.464282
v -47.854767 186.708337 -4.232141
v -47.854767 3.315476 -4.232141
v -47.015479 4.446429 -3.464282
v -47.854767 186.708337 -4.232141
v -47.015479 185.565479 -3.464282
v -43.586908 185.565479 -0.285712
v -43.586908 186.708337 -0.285712
v -47.015479 185.565479 -3.464282
v -43.586908 186.708337 -0.285712
v -47.854767 186.708337 -4.232141
v -47.015479 185.565479 -3.464282
v -43.586908 186.708337 -0.285712
v -43.586908 185.565479 -0.285712
v -38.914288 185.565479 3.178577
v -38.914288 186.708337 3.178577
v -43.586908 185.565479 -0.285712
v -38.914288 186.708337 3.178577
v -43.586908 186.708337 -0.285712
v -43.586908 185.565479 -0.285712
v -38.914288 186.708337 3.178577
v -38.914288 185.565479 3.178577
v -33.908337 185.565479 6.125006
v -33.908337 186.708337 6.125006
v -38.914288 185.565479 3.178577
v -33.908337 186.708337 6.125006
v -38.914288 186.708337 3.178577
v -38.914288 185.565479 3.178577
v -33.908337 186.708337 6.125006
v -33.908337 185.565479 6.125006
v -28.616669 185.565479 8.529767
v -28.616669 186.708337 8.529767
v -33.908337 185.565479 6.125006
v -28.616669 186.708337 8.529767
v -33.908337 186.708337 6.125006
v -33.908337 185.565479 6.125006
v -28.616669 186.708337 8.529767
v -28.616669 185.565479 8.529767
v -24.176193 185.565479 9.994049
v -23.098813 186.708337 10.357147
v -28.616669 185.565479 8.529767
v -23.098813 186.708337 10.357147
v -28.616669 186.708337 8.529767
v -28.616669 185.565479 8.529767
v -23.098813 186.708337 10.357147
v -24.176193 4.446429 9.994049
v -28.616669 4.446429 8.529767
v -28.616669 3.315476 8.529767
v -24.176193 4.446429 9.994049
v -28.616669 3.315476 8.529767
v -23.098813 3.315476 10.357147
v -24.176193 4.446429 9.994049
v -28.616669 3.315476 8.529767

vt 0.749334 0.499938 0
vt 0.750666 0.500062 0
vt 1.249334 0.500062 0
vt 0.749334 0.499938 0
vt 0.249334 0.500062 0
vt 0.250666 0.499938 0
vt 0.749334 0.499938 0
vt 0.249334 0.500062 0
vt 0.749334 0.499938 0
vt 0.749344 0.407863 0
vt 0.750687 0.407996 0
vt 0.749334 0.499938 0
vt 0.750687 0.407996 0
vt 0.750666 0.500062 0
vt 0.749334 0.499938 0
vt 0.750687 0.407996 0
vt 0.691055 0.279681 0
vt 0.69928 0.281178 0
vt 0.698741 0.282718 0
vt 0.691055 0.279681 0
vt 0.698741 0.282718 0
vt 0.690642 0.281248 0
vt 0.691055 0.279681 0
vt 0.698741 0.282718 0
vt 0.69928 0.281178 0
vt 0.707354 0.284436 0
vt 0.706711 0.285933 0
vt 0.69928 0.281178 0
vt 0.706711 0.285933 0
vt 0.698741 0.282718 0
vt 0.69928 0.281178 0
vt 0.706711 0.285933 0
vt 0.707354 0.284436 0
vt 0.715137 0.28947 0
vt 0.714341 0.290916 0
vt 0.707354 0.284436 0
vt 0.714341 0.290916 0
vt 0.706711 0.285933 0
vt 0.707354 0.284436 0
vt 0.714341 0.290916 0
vt 0.715137 0.28947 0
vt 0.722431 0.296307 0
vt 0.72154 0.297693 0
vt 0.715137 0.28947 0
vt 0.72154 0.297693 0
vt 0.714341 0.290916 0
vt 0.715137 0.28947 0
vt 0.72154 0.297693 0
vt 0.722431 0.296307 0
vt 0.729122 0.30494 0
vt 0.728107 0.306223 0
vt 0.722431 0.296307 0
vt 0.728107 0.306223 0
vt 0.72154 0.297693 0
vt 0.722431 0.296307 0
vt 0.728107 0.306223 0
vt 0.729122 0.30494 0
vt 0.735058 0.315344 0
vt 0.733953 0.316482 0
vt 0.729122 0.30494 0
vt 0.733953 0.316482 0
vt 0.728107 0.306223 0
vt 0.729122 0.30494 0
vt 0.733953 0.316482 0
vt 0.735058 0.315344 0
vt 0.740141 0.3274 0
vt 0.738968 0.328362 0
vt 0.735058 0.315344 0
vt 0.738968 0.328362 0
vt 0.733953 0.316482 0
vt 0.735058 0.315344 0
vt 0.738968 0.328362 0
vt 0.740141 0.3274 0
vt 0.744305 0.341023 0
vt 0.743067 0.341813 0
vt 0.740141 0.3274 0
vt 0.743067 0.341813 0
vt 0.738968 0.328362 0
vt 0.740141 0.3274 0
vt 0.743067 0.341813 0
vt 0.744305 0.341023 0
vt 0.747474 0.356081 0
vt 0.746194 0.35667 0
vt 0.744305 0.341023 0
vt 0.746194 0.35667 0
vt 0.743067 0.341813 0
vt 0.744305 0.341023 0
vt 0.746194 0.35667 0
vt 0.747474 0.356081 0
vt 0.749613 0.372416 0
vt 0.74829 0.372773 0
vt 0.747474 0.356081 0
vt 0.74829 0.372773 0
vt 0.746194 0.35667 0
vt 0.747474 0.356081 0
vt 0.74829 0.372773 0
vt 0.749613 0.372416 0
vt 0.750687 0.389802 0
vt 0.749344 0.389912 0
vt 0.749613 0.372416 0
vt 0.749344 0.389912 0
vt 0.74829 0.372773 0
vt 0.749613 0.372416 0
vt 0.749344 0.389912 0
vt 0.750687 0.389802 0
vt 0.750687 0.407996 0
vt 0.749344 0.407863 0
vt 0.750687 0.389802 0
vt 0.749344 0.407863 0
vt 0.749344 0.389912 0
vt 0.750687 0.389802 0
vt 0.749344 0.407863 0
vt 0.632049 0.310721 0
vt 0.666324 0.286734 0
vt 0.666402 0.282436 0
vt 0.632049 0.310721 0
vt 0.666402 0.282436 0
vt 0.632117 0.306603 0
vt 0.632049 0.310721 0
vt 0.666402 0.282436 0
vt 0.632117 0.306603 0
vt 0.666402 0.282436 0
vt 0.666695 0.282932 0
vt 0.632117 0.306603 0
vt 0.666695 0.282932 0
vt 0.632454 0.306949 0
vt 0.632117 0.306603 0
vt 0.666695 0.282932 0
vt 0.632454 0.306949 0
vt 0.666695 0.282932 0
vt 0.669349 0.287506 0
vt 0.632454 0.306949 0
vt 0.669349 0.287506 0
vt 0.635529 0.310162 0
vt 0.632454 0.306949 0
vt 0.669349 0.287506 0
vt 0.635529 0.310162 0
vt 0.669349 0.287506 0
vt 0.669273 0.291769 0
vt 0.635529 0.310162 0
vt 0.669273 0.291769 0
vt 0.635461 0.314242 0
vt 0.635529 0.310162 0
vt 0.669273 0.291769 0
vt 0.635461 0.314242 0
vt 0.669273 0.291769 0
vt 0.666649 0.28728 0
vt 0.635461 0.314242 0
vt 0.666649 0.28728 0
vt 0.633965 0.312684 0
vt 0.635461 0.314242 0
vt 0.666649 0.28728 0
vt 0.633965 0.312684 0
vt 0.666649 0.28728 0
vt 0.666324 0.286734 0
vt 0.633965 0.312684 0
vt 0.666324 0.286734 0
vt 0.632049 0.310721 0
vt 0.633965 0.312684 0
vt 0.666324 0.286734 0
vt 0.748021 0.499797 0
vt 0.748041 0.409036 0
vt 0.748078 0.410654 0
vt 0.748021 0.499797 0
vt 0.748078 0.410654 0
vt 0.748058 0.4998 0
vt 0.748021 0.499797 0
vt 0.748078 0.410654 0
vt 0.748058 0.4998 0
vt 0.748078 0.410654 0
vt 0.751952 0.411023 0
vt 0.748058 0.4998 0
vt 0.751952 0.411023 0
vt 0.751932 0.5002 0
vt 0.748058 0.4998 0
vt 0.751952 0.411023 0
vt 0.751932 0.5002 0
vt 0.751952 0.411023 0
vt 0.75203 0.407685 0
vt 0.751932 0.5002 0
vt 0.75203 0.407685 0
vt 0.752009 0.500208 0
vt 0.751932 0.5002 0
vt 0.75203 0.407685 0
vt 0.752009 0.500208 0
vt 0.75203 0.407685 0
vt 0.752038 0.407314 0
vt 0.752009 0.500208 0
vt 0.752038 0.407314 0
vt 0.752017 0.500209 0
vt 0.752009 0.500208 0
vt 0.752038 0.407314 0
vt 0.752017 0.500209 0
vt 0.752038 0.407314 0
vt 0.747993 0.406931 0
vt 0.752017 0.500209 0
vt 0.747993 0.406931 0
vt 0.747972 0.499792 0
vt 0.752017 0.500209 0
vt 0.747993 0.406931 0
vt 0.747972 0.499792 0
vt 0.747993 0.406931 0
vt 0.748041 0.409036 0
vt 0.747972 0.499792 0
vt 0.748041 0.409036 0
vt 0.748021 0.499797 0
vt 0.747972 0.499792 0
vt 0.748041 0.409036 0
vt 0.633965 0.312684 0
vt 0.635529 0.310162 0
vt 0.635461 0.314242 0
vt 0.633965 0.312684 0
vt 0.633965 0.312684 0
vt 0.632049 0.310721 0
vt 0.635529 0.310162 0
vt 0.633965 0.312684 0
vt 0.632049 0.310721 0
vt 0.632454 0.306949 0
vt 0.635529 0.310162 0
vt 0.632049 0.310721 0
vt 0.632049 0.310721 0
vt 0.632117 0.306603 0
vt 0.632454 0.306949 0
vt 0.632049 0.310721 0
vt 0.747972 0.499792 0
vt 0.752009 0.500208 0
vt 0.752017 0.500209 0
vt 0.747972 0.499792 0
vt 0.747972 0.499792 0
vt 0.748021 0.499797 0
vt 0.752009 0.500208 0
vt 0.747972 0.499792 0
vt 0.748021 0.499797 0
vt 0.748058 0.4998 0
vt 0.752009 0.500208 0
vt 0.748021 0.499797 0
vt 0.748058 0.4998 0
vt 0.751932 0.5002 0
vt 0.752009 0.500208 0
vt 0.748058 0.4998 0
vt 0.666324 0.286734 0
vt 0.673902 0.283522 0
vt 0.674322 0.279046 0
vt 0.666324 0.286734 0
vt 0.674322 0.279046 0
vt 0.666402 0.282436 0
vt 0.666324 0.286734 0
vt 0.674322 0.279046 0
vt 0.666402 0.282436 0
vt 0.674322 0.279046 0
vt 0.674597 0.279572 0
vt 0.666402 0.282436 0
vt 0.674597 0.279572 0
vt 0.666695 0.282932 0
vt 0.666402 0.282436 0
vt 0.674597 0.279572 0
vt 0.666695 0.282932 0
vt 0.674597 0.279572 0
vt 0.677081 0.284413 0
vt 0.666695 0.282932 0
vt 0.677081 0.284413 0
vt 0.669349 0.287506 0
vt 0.666695 0.282932 0
vt 0.677081 0.284413 0
vt 0.669349 0.287506 0
vt 0.677081 0.284413 0
vt 0.676672 0.288843 0
vt 0.669349 0.287506 0
vt 0.676672 0.288843 0
vt 0.669273 0.291769 0
vt 0.669349 0.287506 0
vt 0.676672 0.288843 0
vt 0.669273 0.291769 0
vt 0.676672 0.288843 0
vt 0.674208 0.284099 0
vt 0.669273 0.291769 0
vt 0.674208 0.284099 0
vt 0.666649 0.28728 0
vt 0.669273 0.291769 0
vt 0.674208 0.284099 0
vt 0.666649 0.28728 0
vt 0.674208 0.284099 0
vt 0.673902 0.283522 0
vt 0.666649 0.28728 0
vt 0.673902 0.283522 0
vt 0.666324 0.286734 0
vt 0.666649 0.28728 0
vt 0.673902 0.283522 0
vt 0.673902 0.283522 0
vt 0.681761 0.281756 0
vt 0.682539 0.27716 0
vt 0.673902 0.283522 0
vt 0.682539 0.27716 0
vt 0.674322 0.279046 0
vt 0.673902 0.283522 0
vt 0.682539 0.27716 0
vt 0.674322 0.279046 0
vt 0.682539 0.27716 0
vt 0.682792 0.277714 0
vt 0.674322 0.279046 0
vt 0.682792 0.277714 0
vt 0.674597 0.279572 0
vt 0.674322 0.279046 0
vt 0.682792 0.277714 0
vt 0.674597 0.279572 0
vt 0.682792 0.277714 0
vt 0.685076 0.282804 0
vt 0.674597 0.279572 0
vt 0.685076 0.282804 0
vt 0.677081 0.284413 0
vt 0.674597 0.279572 0
vt 0.685076 0.282804 0
vt 0.677081 0.284413 0
vt 0.685076 0.282804 0
vt 0.68432 0.287343 0
vt 0.677081 0.284413 0
vt 0.68432 0.287343 0
vt 0.676672 0.288843 0
vt 0.677081 0.284413 0
vt 0.68432 0.287343 0
vt 0.676672 0.288843 0
vt 0.68432 0.287343 0
vt 0.682043 0.282364 0
vt 0.676672 0.288843 0
vt 0.682043 0.282364 0
vt 0.674208 0.284099 0
vt 0.676672 0.288843 0
vt 0.682043 0.282364 0
vt 0.674208 0.284099 0
vt 0.682043 0.282364 0
vt 0.681761 0.281756 0
vt 0.674208 0.284099 0
vt 0.681761 0.281756 0
vt 0.673902 0.283522 0
vt 0.674208 0.284099 0
vt 0.681761 0.281756 0
vt 0.681761 0.281756 0
vt 0.689756 0.281553 0
vt 0.690948 0.276904 0
vt 0.681761 0.281756 0
vt 0.690948 0.276904 0
vt 0.682539 0.27716 0
vt 0.681761 0.281756 0
vt 0.690948 0.276904 0
vt 0.682539 0.27716 0
vt 0.690948 0.276904 0
vt 0.691176 0.277483 0
vt 0.682539 0.27716 0
vt 0.691176 0.277483 0
vt 0.682792 0.277714 0
vt 0.682539 0.27716 0
vt 0.691176 0.277483 0
vt 0.682792 0.277714 0
vt 0.691176 0.277483 0
vt 0.693232 0.282796 0
vt 0.682792 0.277714 0
vt 0.693232 0.282796 0
vt 0.685076 0.282804 0
vt 0.682792 0.277714 0
vt 0.693232 0.282796 0
vt 0.685076 0.282804 0
vt 0.693232 0.282796 0
vt 0.692077 0.287377 0
vt 0.685076 0.282804 0
vt 0.692077 0.287377 0
vt 0.68432 0.287343 0
vt 0.685076 0.282804 0
vt 0.692077 0.287377 0
vt 0.68432 0.287343 0
vt 0.692077 0.287377 0
vt 0.690013 0.282187 0
vt 0.68432 0.287343 0
vt 0.690013 0.282187 0
vt 0.682043 0.282364 0
vt 0.68432 0.287343 0
vt 0.690013 0.282187 0
vt 0.682043 0.282364 0
vt 0.690013 0.282187 0
vt 0.689756 0.281553 0
vt 0.682043 0.282364 0
vt 0.689756 0.281553 0
vt 0.681761 0.281756 0
vt 0.682043 0.282364 0
vt 0.689756 0.281553 0
vt 0.689756 0.281553 0
vt 0.697785 0.282999 0
vt 0.699379 0.278352 0
vt 0.689756 0.281553 0
vt 0.699379 0.278352 0
vt 0.690948 0.276904 0
vt 0.689756 0.281553 0
vt 0.699379 0.278352 0
vt 0.690948 0.276904 0
vt 0.699379 0.278352 0
vt 0.69958 0.278953 0
vt 0.690948 0.276904 0
vt 0.69958 0.278953 0
vt 0.691176 0.277483 0
vt 0.690948 0.276904 0
vt 0.69958 0.278953 0
vt 0.691176 0.277483 0
vt 0.69958 0.278953 0
vt 0.701384 0.284452 0
vt 0.691176 0.277483 0
vt 0.701384 0.284452 0
vt 0.693232 0.282796 0
vt 0.691176 0.277483 0
vt 0.701384 0.284452 0
vt 0.693232 0.282796 0
vt 0.701384 0.284452 0
vt 0.699844 0.289022 0
vt 0.693232 0.282796 0
vt 0.699844 0.289022 0
vt 0.692077 0.287377 0
vt 0.693232 0.282796 0
vt 0.699844 0.289022 0
vt 0.692077 0.287377 0
vt 0.699844 0.289022 0
vt 0.698013 0.283656 0
vt 0.692077 0.287377 0
vt 0.698013 0.283656 0
vt 0.690013 0.282187 0
vt 0.692077 0.287377 0
vt 0.698013 0.283656 0
vt 0.690013 0.282187 0
vt 0.698013 0.283656 0
vt 0.697785 0.282999 0
vt 0.690013 0.282187 0
vt 0.697785 0.282999 0
vt 0.689756 0.281553 0
vt 0.690013 0.282187 0
vt 0.697785 0.282999 0
vt 0.697785 0.282999 0
vt 0.705665 0.286128 0
vt 0.707648 0.281585 0
vt 0.697785 0.282999 0
vt 0.707648 0.281585 0
vt 0.699379 0.278352 0
vt 0.697785 0.282999 0
vt 0.707648 0.281585 0
vt 0.699379 0.278352 0
vt 0.707648 0.281585 0
vt 0.707819 0.282202 0
vt 0.699379 0.278352 0
vt 0.707819 0.282202 0
vt 0.69958 0.278953 0
vt 0.699379 0.278352 0
vt 0.707819 0.282202 0
vt 0.69958 0.278953 0
vt 0.707819 0.282202 0
vt 0.709358 0.287843 0
vt 0.69958 0.278953 0
vt 0.709358 0.287843 0
vt 0.701384 0.284452 0
vt 0.69958 0.278953 0
vt 0.709358 0.287843 0
vt 0.701384 0.284452 0
vt 0.709358 0.287843 0
vt 0.707448 0.292303 0
vt 0.701384 0.284452 0
vt 0.707448 0.292303 0
vt 0.699844 0.289022 0
vt 0.701384 0.284452 0
vt 0.707448 0.292303 0
vt 0.699844 0.289022 0
vt 0.707448 0.292303 0
vt 0.705863 0.286802 0
vt 0.699844 0.289022 0
vt 0.705863 0.286802 0
vt 0.698013 0.283656 0
vt 0.699844 0.289022 0
vt 0.705863 0.286802 0
vt 0.698013 0.283656 0
vt 0.705863 0.286802 0
vt 0.705665 0.286128 0
vt 0.698013 0.283656 0
vt 0.705665 0.286128 0
vt 0.697785 0.282999 0
vt 0.698013 0.283656 0
vt 0.705665 0.286128 0
vt 0.705665 0.286128 0
vt 0.713241 0.291041 0
vt 0.71562 0.286654 0
vt 0.705665 0.286128 0
vt 0.71562 0.286654 0
vt 0.707648 0.281585 0
vt 0.705665 0.286128 0
vt 0.71562 0.286654 0
vt 0.707648 0.281585 0
vt 0.71562 0.286654 0
vt 0.715762 0.287282 0
vt 0.707648 0.281585 0
vt 0.715762 0.287282 0
vt 0.707819 0.282202 0
vt 0.707648 0.281585 0
vt 0.715762 0.287282 0
vt 0.707819 0.282202 0
vt 0.715762 0.287282 0
vt 0.71703 0.293013 0
vt 0.707819 0.282202 0
vt 0.71703 0.293013 0
vt 0.709358 0.287843 0
vt 0.707819 0.282202 0
vt 0.71703 0.293013 0
vt 0.709358 0.287843 0
vt 0.71703 0.293013 0
vt 0.714742 0.297313 0
vt 0.709358 0.287843 0
vt 0.714742 0.297313 0
vt 0.707448 0.292303 0
vt 0.709358 0.287843 0
vt 0.714742 0.297313 0
vt 0.707448 0.292303 0
vt 0.714742 0.297313 0
vt 0.713407 0.291727 0
vt 0.707448 0.292303 0
vt 0.713407 0.291727 0
vt 0.705863 0.286802 0
vt 0.707448 0.292303 0
vt 0.713407 0.291727 0
vt 0.705863 0.286802 0
vt 0.713407 0.291727 0
vt 0.713241 0.291041 0
vt 0.705863 0.286802 0
vt 0.713241 0.291041 0
vt 0.705665 0.286128 0
vt 0.705863 0.286802 0
vt 0.713241 0.291041 0
vt 0.713241 0.291041 0
vt 0.720365 0.297719 0
vt 0.723102 0.293574 0
vt 0.713241 0.291041 0
vt 0.723102 0.293574 0
vt 0.71562 0.286654 0
vt 0.713241 0.291041 0
vt 0.723102 0.293574 0
vt 0.71562 0.286654 0
vt 0.723102 0.293574 0
vt 0.723214 0.294207 0
vt 0.71562 0.286654 0
vt 0.723214 0.294207 0
vt 0.715762 0.287282 0
vt 0.71562 0.286654 0
vt 0.723214 0.294207 0
vt 0.715762 0.287282 0
vt 0.723214 0.294207 0
vt 0.724218 0.299968 0
vt 0.715762 0.287282 0
vt 0.724218 0.299968 0
vt 0.71703 0.293013 0
vt 0.715762 0.287282 0
vt 0.724218 0.299968 0
vt 0.71703 0.293013 0
vt 0.724218 0.299968 0
vt 0.721589 0.304023 0
vt 0.71703 0.293013 0
vt 0.721589 0.304023 0
vt 0.714742 0.297313 0
vt 0.71703 0.293013 0
vt 0.721589 0.304023 0
vt 0.714742 0.297313 0
vt 0.721589 0.304023 0
vt 0.720501 0.298409 0
vt 0.714742 0.297313 0
vt 0.720501 0.298409 0
vt 0.713407 0.291727 0
vt 0.714742 0.297313 0
vt 0.720501 0.298409 0
vt 0.713407 0.291727 0
vt 0.720501 0.298409 0
vt 0.720365 0.297719 0
vt 0.713407 0.291727 0
vt 0.720365 0.297719 0
vt 0.713241 0.291041 0
vt 0.713407 0.291727 0
vt 0.720365 0.297719 0
vt 0.720365 0.297719 0
vt 0.726896 0.306146 0
vt 0.729957 0.302334 0
vt 0.720365 0.297719 0
vt 0.729957 0.302334 0
vt 0.723102 0.293574 0
vt 0.720365 0.297719 0
vt 0.729957 0.302334 0
vt 0.723102 0.293574 0
vt 0.729957 0.302334 0
vt 0.730041 0.302964 0
vt 0.723102 0.293574 0
vt 0.730041 0.302964 0
vt 0.723214 0.294207 0
vt 0.723102 0.293574 0
vt 0.730041 0.302964 0
vt 0.723214 0.294207 0
vt 0.730041 0.302964 0
vt 0.730795 0.30869 0
vt 0.723214 0.294207 0
vt 0.730795 0.30869 0
vt 0.724218 0.299968 0
vt 0.723214 0.294207 0
vt 0.730795 0.30869 0
vt 0.724218 0.299968 0
vt 0.730795 0.30869 0
vt 0.727859 0.312413 0
vt 0.724218 0.299968 0
vt 0.727859 0.312413 0
vt 0.721589 0.304023 0
vt 0.724218 0.299968 0
vt 0.727859 0.312413 0
vt 0.721589 0.304023 0
vt 0.727859 0.312413 0
vt 0.727003 0.306834 0
vt 0.721589 0.304023 0
vt 0.727003 0.306834 0
vt 0.720501 0.298409 0
vt 0.721589 0.304023 0
vt 0.727003 0.306834 0
vt 0.720501 0.298409 0
vt 0.727003 0.306834 0
vt 0.726896 0.306146 0
vt 0.720501 0.298409 0
vt 0.726896 0.306146 0
vt 0.720365 0.297719 0
vt 0.720501 0.298409 0
vt 0.726896 0.306146 0
vt 0.726896 0.306146 0
vt 0.732703 0.316279 0
vt 0.736028 0.312867 0
vt 0.726896 0.306146 0
vt 0.736028 0.312867 0
vt 0.729957 0.302334 0
vt 0.726896 0.306146 0
vt 0.736028 0.312867 0
vt 0.729957 0.302334 0
vt 0.736028 0.312867 0
vt 0.736087 0.313486 0
vt 0.729957 0.302334 0
vt 0.736087 0.313486 0
vt 0.730041 0.302964 0
vt 0.729957 0.302334 0
vt 0.736087 0.313486 0
vt 0.730041 0.302964 0
vt 0.736087 0.313486 0
vt 0.736615 0.319105 0
vt 0.730041 0.302964 0
vt 0.736615 0.319105 0
vt 0.730795 0.30869 0
vt 0.730041 0.302964 0
vt 0.736615 0.319105 0
vt 0.730795 0.30869 0
vt 0.736615 0.319105 0
vt 0.733428 0.322433 0
vt 0.730795 0.30869 0
vt 0.733428 0.322433 0
vt 0.727859 0.312413 0
vt 0.730795 0.30869 0
vt 0.733428 0.322433 0
vt 0.727859 0.312413 0
vt 0.733428 0.322433 0
vt 0.732783 0.316955 0
vt 0.727859 0.312413 0
vt 0.732783 0.316955 0
vt 0.727003 0.306834 0
vt 0.727859 0.312413 0
vt 0.732783 0.316955 0
vt 0.727003 0.306834 0
vt 0.732783 0.316955 0
vt 0.732703 0.316279 0
vt 0.727003 0.306834 0
vt 0.732703 0.316279 0
vt 0.726896 0.306146 0
vt 0.727003 0.306834 0
vt 0.732703 0.316279 0
vt 0.732703 0.316279 0
vt 0.737664 0.328086 0
vt 0.741255 0.325135 0
vt 0.732703 0.316279 0
vt 0.741255 0.325135 0
vt 0.736028 0.312867 0
vt 0.732703 0.316279 0
vt 0.741255 0.325135 0
vt 0.736028 0.312867 0
vt 0.741255 0.325135 0
vt 0.741292 0.325735 0
vt 0.736028 0.312867 0
vt 0.741292 0.325735 0
vt 0.736087 0.313486 0
vt 0.736028 0.312867 0
vt 0.741292 0.325735 0
vt 0.736087 0.313486 0
vt 0.741292 0.325735 0
vt 0.741624 0.331173 0
vt 0.736087 0.313486 0
vt 0.741624 0.331173 0
vt 0.736615 0.319105 0
vt 0.736087 0.313486 0
vt 0.741624 0.331173 0
vt 0.736615 0.319105 0
vt 0.741624 0.331173 0
vt 0.738183 0.334046 0
vt 0.736615 0.319105 0
vt 0.738183 0.334046 0
vt 0.733428 0.322433 0
vt 0.736615 0.319105 0
vt 0.738183 0.334046 0
vt 0.733428 0.322433 0
vt 0.738183 0.334046 0
vt 0.737721 0.328742 0
vt 0.733428 0.322433 0
vt 0.737721 0.328742 0
vt 0.732783 0.316955 0
vt 0.733428 0.322433 0
vt 0.737721 0.328742 0
vt 0.732783 0.316955 0
vt 0.737721 0.328742 0
vt 0.737664 0.328086 0
vt 0.732783 0.316955 0
vt 0.737664 0.328086 0
vt 0.732703 0.316279 0
vt 0.732783 0.316955 0
vt 0.737664 0.328086 0
vt 0.737664 0.328086 0
vt 0.741744 0.341391 0
vt 0.745502 0.339006 0
vt 0.737664 0.328086 0
vt 0.745502 0.339006 0
vt 0.741255 0.325135 0
vt 0.737664 0.328086 0
vt 0.745502 0.339006 0
vt 0.741255 0.325135 0
vt 0.745502 0.339006 0
vt 0.745521 0.339578 0
vt 0.741255 0.325135 0
vt 0.745521 0.339578 0
vt 0.741292 0.325735 0
vt 0.741255 0.325135 0
vt 0.745521 0.339578 0
vt 0.741292 0.325735 0
vt 0.745521 0.339578 0
vt 0.745692 0.344755 0
vt 0.741292 0.325735 0
vt 0.745692 0.344755 0
vt 0.741624 0.331173 0
vt 0.741292 0.325735 0
vt 0.745692 0.344755 0
vt 0.741624 0.331173 0
vt 0.745692 0.344755 0
vt 0.742092 0.347074 0
vt 0.741624 0.331173 0
vt 0.742092 0.347074 0
vt 0.738183 0.334046 0
vt 0.741624 0.331173 0
vt 0.742092 0.347074 0
vt 0.738183 0.334046 0
vt 0.742092 0.347074 0
vt 0.741783 0.342017 0
vt 0.738183 0.334046 0
vt 0.741783 0.342017 0
vt 0.737721 0.328742 0
vt 0.738183 0.334046 0
vt 0.741783 0.342017 0
vt 0.737721 0.328742 0
vt 0.741783 0.342017 0
vt 0.741744 0.341391 0
vt 0.737721 0.328742 0
vt 0.741744 0.341391 0
vt 0.737664 0.328086 0
vt 0.737721 0.328742 0
vt 0.741744 0.341391 0
vt 0.741744 0.341391 0
vt 0.744846 0.356123 0
vt 0.748744 0.354328 0
vt 0.741744 0.341391 0
vt 0.748744 0.354328 0
vt 0.745502 0.339006 0
vt 0.741744 0.341391 0
vt 0.748744 0.354328 0
vt 0.745502 0.339006 0
vt 0.748744 0.354328 0
vt 0.748749 0.354863 0
vt 0.745502 0.339006 0
vt 0.748749 0.354863 0
vt 0.745521 0.339578 0
vt 0.745502 0.339006 0
vt 0.748749 0.354863 0
vt 0.745521 0.339578 0
vt 0.748749 0.354863 0
vt 0.748797 0.359699 0
vt 0.745521 0.339578 0
vt 0.748797 0.359699 0
vt 0.745692 0.344755 0
vt 0.745521 0.339578 0
vt 0.748797 0.359699 0
vt 0.745692 0.344755 0
vt 0.748797 0.359699 0
vt 0.745063 0.361441 0
vt 0.745692 0.344755 0
vt 0.745063 0.361441 0
vt 0.742092 0.347074 0
vt 0.745692 0.344755 0
vt 0.745063 0.361441 0
vt 0.742092 0.347074 0
vt 0.745063 0.361441 0
vt 0.74487 0.35671 0
vt 0.742092 0.347074 0
vt 0.74487 0.35671 0
vt 0.741783 0.342017 0
vt 0.742092 0.347074 0
vt 0.74487 0.35671 0
vt 0.741783 0.342017 0
vt 0.74487 0.35671 0
vt 0.744846 0.356123 0
vt 0.741783 0.342017 0
vt 0.744846 0.356123 0
vt 0.741744 0.341391 0
vt 0.741783 0.342017 0
vt 0.744846 0.356123 0
vt 0.744846 0.356123 0
vt 0.74694 0.372088 0
vt 0.750933 0.370993 0
vt 0.744846 0.356123 0
vt 0.750933 0.370993 0
vt 0.748744 0.354328 0
vt 0.744846 0.356123 0
vt 0.750933 0.370993 0
vt 0.748744 0.354328 0
vt 0.750933 0.370993 0
vt 0.750929 0.371482 0
vt 0.748744 0.354328 0
vt 0.750929 0.371482 0
vt 0.748749 0.354863 0
vt 0.748744 0.354328 0
vt 0.750929 0.371482 0
vt 0.748749 0.354863 0
vt 0.750929 0.371482 0
vt 0.750894 0.375895 0
vt 0.748749 0.354863 0
vt 0.750894 0.375895 0
vt 0.748797 0.359699 0
vt 0.748749 0.354863 0
vt 0.750894 0.375895 0
vt 0.748797 0.359699 0
vt 0.750894 0.375895 0
vt 0.747069 0.376956 0
vt 0.748797 0.359699 0
vt 0.747069 0.376956 0
vt 0.745063 0.361441 0
vt 0.748797 0.359699 0
vt 0.747069 0.376956 0
vt 0.745063 0.361441 0
vt 0.747069 0.376956 0
vt 0.746954 0.372626 0
vt 0.745063 0.361441 0
vt 0.746954 0.372626 0
vt 0.74487 0.35671 0
vt 0.745063 0.361441 0
vt 0.746954 0.372626 0
vt 0.74487 0.35671 0
vt 0.746954 0.372626 0
vt 0.74694 0.372088 0
vt 0.74487 0.35671 0
vt 0.74694 0.372088 0
vt 0.744846 0.356123 0
vt 0.74487 0.35671 0
vt 0.74694 0.372088 0
vt 0.74694 0.372088 0
vt 0.747993 0.389112 0
vt 0.752038 0.388743 0
vt 0.74694 0.372088 0
vt 0.752038 0.388743 0
vt 0.750933 0.370993 0
vt 0.74694 0.372088 0
vt 0.752038 0.388743 0
vt 0.750933 0.370993 0
vt 0.752038 0.388743 0
vt 0.75203 0.389178 0
vt 0.750933 0.370993 0
vt 0.75203 0.389178 0
vt 0.750929 0.371482 0
vt 0.750933 0.370993 0
vt 0.75203 0.389178 0
vt 0.750929 0.371482 0
vt 0.75203 0.389178 0
vt 0.751952 0.393089 0
vt 0.750929 0.371482 0
vt 0.751952 0.393089 0
vt 0.750894 0.375895 0
vt 0.750929 0.371482 0
vt 0.751952 0.393089 0
vt 0.750894 0.375895 0
vt 0.751952 0.393089 0
vt 0.748078 0.393445 0
vt 0.750894 0.375895 0
vt 0.748078 0.393445 0
vt 0.747069 0.376956 0
vt 0.750894 0.375895 0
vt 0.748078 0.393445 0
vt 0.747069 0.376956 0
vt 0.748078 0.393445 0
vt 0.748002 0.389591 0
vt 0.747069 0.376956 0
vt 0.748002 0.389591 0
vt 0.746954 0.372626 0
vt 0.747069 0.376956 0
vt 0.748002 0.389591 0
vt 0.746954 0.372626 0
vt 0.748002 0.389591 0
vt 0.747993 0.389112 0
vt 0.746954 0.372626 0
vt 0.747993 0.389112 0
vt 0.74694 0.372088 0
vt 0.746954 0.372626 0
vt 0.747993 0.389112 0
vt 0.747993 0.389112 0
vt 0.747993 0.406931 0
vt 0.752038 0.407314 0
vt 0.747993 0.389112 0
vt 0.752038 0.407314 0
vt 0.752038 0.388743 0
vt 0.747993 0.389112 0
vt 0.752038 0.407314 0
vt 0.752038 0.388743 0
vt 0.752038 0.407314 0
vt 0.75203 0.407685 0
vt 0.752038 0.388743 0
vt 0.75203 0.407685 0
vt 0.75203 0.389178 0
vt 0.752038 0.388743 0
vt 0.75203 0.407685 0
vt 0.751952 0.393089 0
vt 0.75203 0.389178 0
vt 0.75203 0.407685 0
vt 0.751952 0.393089 0
vt 0.75203 0.407685 0
vt 0.751952 0.411023 0
vt 0.751952 0.393089 0
vt 0.75203 0.407685 0
vt 0.751952 0.393089 0
vt 0.751952 0.411023 0
vt 0.748078 0.410654 0
vt 0.751952 0.393089 0
vt 0.748078 0.410654 0
vt 0.748078 0.393445 0
vt 0.751952 0.393089 0
vt 0.748078 0.410654 0
vt 0.748002 0.389591 0
vt 0.748078 0.393445 0
vt 0.748078 0.410654 0
vt 0.748002 0.389591 0
vt 0.748078 0.410654 0
vt 0.748041 0.409036 0
vt 0.748002 0.389591 0
vt 0.748078 0.410654 0
vt 0.748002 0.389591 0
vt 0.748041 0.409036 0
vt 0.747993 0.406931 0
vt 0.748002 0.389591 0
vt 0.747993 0.406931 0
vt 0.747993 0.389112 0
vt 0.748002 0.389591 0
vt 0.747993 0.406931 0
vt 0.367822 0.310853 0
vt 0.367754 0.306736 0
vt 0.333485 0.282627 0
vt 0.367822 0.310853 0
vt 0.333485 0.282627 0
vt 0.333563 0.286924 0
vt 0.367822 0.310853 0
vt 0.333485 0.282627 0
vt 0.367754 0.306736 0
vt 0.367417 0.307082 0
vt 0.333192 0.283122 0
vt 0.367754 0.306736 0
vt 0.333192 0.283122 0
vt 0.333485 0.282627 0
vt 0.367754 0.306736 0
vt 0.333192 0.283122 0
vt 0.367417 0.307082 0
vt 0.364347 0.310294 0
vt 0.330545 0.287691 0
vt 0.367417 0.307082 0
vt 0.330545 0.287691 0
vt 0.333192 0.283122 0
vt 0.367417 0.307082 0
vt 0.330545 0.287691 0
vt 0.364347 0.310294 0
vt 0.364415 0.314372 0
vt 0.330621 0.291953 0
vt 0.364347 0.310294 0
vt 0.330621 0.291953 0
vt 0.330545 0.287691 0
vt 0.364347 0.310294 0
vt 0.330621 0.291953 0
vt 0.364415 0.314372 0
vt 0.365909 0.312815 0
vt 0.333239 0.287469 0
vt 0.364415 0.314372 0
vt 0.333239 0.287469 0
vt 0.330621 0.291953 0
vt 0.364415 0.314372 0
vt 0.333239 0.287469 0
vt 0.365909 0.312815 0
vt 0.367822 0.310853 0
vt 0.333563 0.286924 0
vt 0.365909 0.312815 0
vt 0.333563 0.286924 0
vt 0.333239 0.287469 0
vt 0.365909 0.312815 0
vt 0.333563 0.286924 0
vt 0.251976 0.499797 0
vt 0.251939 0.499801 0
vt 0.251919 0.410786 0
vt 0.251976 0.499797 0
vt 0.251919 0.410786 0
vt 0.251956 0.409174 0
vt 0.251976 0.499797 0
vt 0.251919 0.410786 0
vt 0.251939 0.499801 0
vt 0.248071 0.500199 0
vt 0.248051 0.411155 0
vt 0.251939 0.499801 0
vt 0.248051 0.411155 0
vt 0.251919 0.410786 0
vt 0.251939 0.499801 0
vt 0.248051 0.411155 0
vt 0.248071 0.500199 0
vt 0.247994 0.500207 0
vt 0.247974 0.407827 0
vt 0.248071 0.500199 0
vt 0.247974 0.407827 0
vt 0.248051 0.411155 0
vt 0.248071 0.500199 0
vt 0.247974 0.407827 0
vt 0.247994 0.500207 0
vt 0.247986 0.500208 0
vt 0.247965 0.407457 0
vt 0.247994 0.500207 0
vt 0.247965 0.407457 0
vt 0.247974 0.407827 0
vt 0.247994 0.500207 0
vt 0.247965 0.407457 0
vt 0.247986 0.500208 0
vt 0.252025 0.499792 0
vt 0.252004 0.407075 0
vt 0.247986 0.500208 0
vt 0.252004 0.407075 0
vt 0.247965 0.407457 0
vt 0.247986 0.500208 0
vt 0.252004 0.407075 0
vt 0.252025 0.499792 0
vt 0.251976 0.499797 0
vt 0.251956 0.409174 0
vt 0.252025 0.499792 0
vt 0.251956 0.409174 0
vt 0.252004 0.407075 0
vt 0.252025 0.499792 0
vt 0.251956 0.409174 0
vt 0.365909 0.312815 0
vt 0.364347 0.310294 0
vt 0.367822 0.310853 0
vt 0.365909 0.312815 0
vt 0.364347 0.310294 0
vt 0.367417 0.307082 0
vt 0.367822 0.310853 0
vt 0.364347 0.310294 0
vt 0.367417 0.307082 0
vt 0.367754 0.306736 0
vt 0.367822 0.310853 0
vt 0.367417 0.307082 0
vt 0.365909 0.312815 0
vt 0.364415 0.314372 0
vt 0.364347 0.310294 0
vt 0.365909 0.312815 0
vt 0.252025 0.499792 0
vt 0.247994 0.500207 0
vt 0.251976 0.499797 0
vt 0.252025 0.499792 0
vt 0.247994 0.500207 0
vt 0.251939 0.499801 0
vt 0.251976 0.499797 0
vt 0.247994 0.500207 0
vt 0.247994 0.500207 0
vt 0.248071 0.500199 0
vt 0.251939 0.499801 0
vt 0.247994 0.500207 0
vt 0.252025 0.499792 0
vt 0.247986 0.500208 0
vt 0.247994 0.500207 0
vt 0.252025 0.499792 0
vt 0.333563 0.286924 0
vt 0.333485 0.282627 0
vt 0.325572 0.279249 0
vt 0.333563 0.286924 0
vt 0.325572 0.279249 0
vt 0.325992 0.283722 0
vt 0.333563 0.286924 0
vt 0.325572 0.279249 0
vt 0.333485 0.282627 0
vt 0.333192 0.283122 0
vt 0.325298 0.279774 0
vt 0.333485 0.282627 0
vt 0.325298 0.279774 0
vt 0.325572 0.279249 0
vt 0.333485 0.282627 0
vt 0.325298 0.279774 0
vt 0.333192 0.283122 0
vt 0.330545 0.287691 0
vt 0.32282 0.284609 0
vt 0.333192 0.283122 0
vt 0.32282 0.284609 0
vt 0.325298 0.279774 0
vt 0.333192 0.283122 0
vt 0.32282 0.284609 0
vt 0.330545 0.287691 0
vt 0.330621 0.291953 0
vt 0.323228 0.289037 0
vt 0.330545 0.287691 0
vt 0.323228 0.289037 0
vt 0.32282 0.284609 0
vt 0.330545 0.287691 0
vt 0.323228 0.289037 0
vt 0.330621 0.291953 0
vt 0.333239 0.287469 0
vt 0.325687 0.284299 0
vt 0.330621 0.291953 0
vt 0.325687 0.284299 0
vt 0.323228 0.289037 0
vt 0.330621 0.291953 0
vt 0.325687 0.284299 0
vt 0.333239 0.287469 0
vt 0.333563 0.286924 0
vt 0.325992 0.283722 0
vt 0.333239 0.287469 0
vt 0.325992 0.283722 0
vt 0.325687 0.284299 0
vt 0.333239 0.287469 0
vt 0.325992 0.283722 0
vt 0.325992 0.283722 0
vt 0.325572 0.279249 0
vt 0.317364 0.277373 0
vt 0.325992 0.283722 0
vt 0.317364 0.277373 0
vt 0.318141 0.281967 0
vt 0.325992 0.283722 0
vt 0.317364 0.277373 0
vt 0.325572 0.279249 0
vt 0.325298 0.279774 0
vt 0.317111 0.277927 0
vt 0.325572 0.279249 0
vt 0.317111 0.277927 0
vt 0.317364 0.277373 0
vt 0.325572 0.279249 0
vt 0.317111 0.277927 0
vt 0.325298 0.279774 0
vt 0.32282 0.284609 0
vt 0.314833 0.28301 0
vt 0.325298 0.279774 0
vt 0.314833 0.28301 0
vt 0.317111 0.277927 0
vt 0.325298 0.279774 0
vt 0.314833 0.28301 0
vt 0.32282 0.284609 0
vt 0.323228 0.289037 0
vt 0.315588 0.287547 0
vt 0.32282 0.284609 0
vt 0.315588 0.287547 0
vt 0.314833 0.28301 0
vt 0.32282 0.284609 0
vt 0.315588 0.287547 0
vt 0.323228 0.289037 0
vt 0.325687 0.284299 0
vt 0.317859 0.282574 0
vt 0.323228 0.289037 0
vt 0.317859 0.282574 0
vt 0.315588 0.287547 0
vt 0.323228 0.289037 0
vt 0.317859 0.282574 0
vt 0.325687 0.284299 0
vt 0.325992 0.283722 0
vt 0.318141 0.281967 0
vt 0.325687 0.284299 0
vt 0.318141 0.281967 0
vt 0.317859 0.282574 0
vt 0.325687 0.284299 0
vt 0.318141 0.281967 0
vt 0.318141 0.281967 0
vt 0.317364 0.277373 0
vt 0.308964 0.277127 0
vt 0.318141 0.281967 0
vt 0.308964 0.277127 0
vt 0.310154 0.281774 0
vt 0.318141 0.281967 0
vt 0.308964 0.277127 0
vt 0.317364 0.277373 0
vt 0.317111 0.277927 0
vt 0.308736 0.277705 0
vt 0.317364 0.277373 0
vt 0.308736 0.277705 0
vt 0.308964 0.277127 0
vt 0.317364 0.277373 0
vt 0.308736 0.277705 0
vt 0.317111 0.277927 0
vt 0.314833 0.28301 0
vt 0.306687 0.28301 0
vt 0.317111 0.277927 0
vt 0.306687 0.28301 0
vt 0.308736 0.277705 0
vt 0.317111 0.277927 0
vt 0.306687 0.28301 0
vt 0.314833 0.28301 0
vt 0.315588 0.287547 0
vt 0.30784 0.287589 0
vt 0.314833 0.28301 0
vt 0.30784 0.287589 0
vt 0.306687 0.28301 0
vt 0.314833 0.28301 0
vt 0.30784 0.287589 0
vt 0.315588 0.287547 0
vt 0.317859 0.282574 0
vt 0.309898 0.282407 0
vt 0.315588 0.287547 0
vt 0.309898 0.282407 0
vt 0.30784 0.287589 0
vt 0.315588 0.287547 0
vt 0.309898 0.282407 0
vt 0.317859 0.282574 0
vt 0.318141 0.281967 0
vt 0.310154 0.281774 0
vt 0.317859 0.282574 0
vt 0.310154 0.281774 0
vt 0.309898 0.282407 0
vt 0.317859 0.282574 0
vt 0.310154 0.281774 0
vt 0.310154 0.281774 0
vt 0.308964 0.277127 0
vt 0.300544 0.278584 0
vt 0.310154 0.281774 0
vt 0.300544 0.278584 0
vt 0.302135 0.283228 0
vt 0.310154 0.281774 0
vt 0.300544 0.278584 0
vt 0.308964 0.277127 0
vt 0.308736 0.277705 0
vt 0.300344 0.279183 0
vt 0.308964 0.277127 0
vt 0.300344 0.279183 0
vt 0.300544 0.278584 0
vt 0.308964 0.277127 0
vt 0.300344 0.279183 0
vt 0.308736 0.277705 0
vt 0.306687 0.28301 0
vt 0.298545 0.284674 0
vt 0.308736 0.277705 0
vt 0.298545 0.284674 0
vt 0.300344 0.279183 0
vt 0.308736 0.277705 0
vt 0.298545 0.284674 0
vt 0.306687 0.28301 0
vt 0.30784 0.287589 0
vt 0.300082 0.289241 0
vt 0.306687 0.28301 0
vt 0.300082 0.289241 0
vt 0.298545 0.284674 0
vt 0.306687 0.28301 0
vt 0.300082 0.289241 0
vt 0.30784 0.287589 0
vt 0.309898 0.282407 0
vt 0.301908 0.283883 0
vt 0.30784 0.287589 0
vt 0.301908 0.283883 0
vt 0.300082 0.289241 0
vt 0.30784 0.287589 0
vt 0.301908 0.283883 0
vt 0.309898 0.282407 0
vt 0.310154 0.281774 0
vt 0.302135 0.283228 0
vt 0.309898 0.282407 0
vt 0.302135 0.283228 0
vt 0.301908 0.283883 0
vt 0.309898 0.282407 0
vt 0.302135 0.283228 0
vt 0.302135 0.283228 0
vt 0.300544 0.278584 0
vt 0.292286 0.281823 0
vt 0.302135 0.283228 0
vt 0.292286 0.281823 0
vt 0.294266 0.286362 0
vt 0.302135 0.283228 0
vt 0.292286 0.281823 0
vt 0.300544 0.278584 0
vt 0.300344 0.279183 0
vt 0.292115 0.282439 0
vt 0.300544 0.278584 0
vt 0.292115 0.282439 0
vt 0.292286 0.281823 0
vt 0.300544 0.278584 0
vt 0.292115 0.282439 0
vt 0.300344 0.279183 0
vt 0.298545 0.284674 0
vt 0.290581 0.28807 0
vt 0.300344 0.279183 0
vt 0.290581 0.28807 0
vt 0.292115 0.282439 0
vt 0.300344 0.279183 0
vt 0.290581 0.28807 0
vt 0.298545 0.284674 0
vt 0.300082 0.289241 0
vt 0.292489 0.292527 0
vt 0.298545 0.284674 0
vt 0.292489 0.292527 0
vt 0.290581 0.28807 0
vt 0.298545 0.284674 0
vt 0.292489 0.292527 0
vt 0.300082 0.289241 0
vt 0.301908 0.283883 0
vt 0.294069 0.287035 0
vt 0.300082 0.289241 0
vt 0.294069 0.287035 0
vt 0.292489 0.292527 0
vt 0.300082 0.289241 0
vt 0.294069 0.287035 0
vt 0.301908 0.283883 0
vt 0.302135 0.283228 0
vt 0.294266 0.286362 0
vt 0.301908 0.283883 0
vt 0.294266 0.286362 0
vt 0.294069 0.287035 0
vt 0.301908 0.283883 0
vt 0.294266 0.286362 0
vt 0.294266 0.286362 0
vt 0.292286 0.281823 0
vt 0.284325 0.286896 0
vt 0.294266 0.286362 0
vt 0.284325 0.286896 0
vt 0.286701 0.29128 0
vt 0.294266 0.286362 0
vt 0.284325 0.286896 0
vt 0.292286 0.281823 0
vt 0.292115 0.282439 0
vt 0.284184 0.287522 0
vt 0.292286 0.281823 0
vt 0.284184 0.287522 0
vt 0.284325 0.286896 0
vt 0.292286 0.281823 0
vt 0.284184 0.287522 0
vt 0.292115 0.282439 0
vt 0.290581 0.28807 0
vt 0.28292 0.293243 0
vt 0.292115 0.282439 0
vt 0.28292 0.293243 0
vt 0.284184 0.287522 0
vt 0.292115 0.282439 0
vt 0.28292 0.293243 0
vt 0.290581 0.28807 0
vt 0.292489 0.292527 0
vt 0.285205 0.29754 0
vt 0.290581 0.28807 0
vt 0.285205 0.29754 0
vt 0.28292 0.293243 0
vt 0.290581 0.28807 0
vt 0.285205 0.29754 0
vt 0.292489 0.292527 0
vt 0.294069 0.287035 0
vt 0.286535 0.291965 0
vt 0.292489 0.292527 0
vt 0.286535 0.291965 0
vt 0.285205 0.29754 0
vt 0.292489 0.292527 0
vt 0.286535 0.291965 0
vt 0.294069 0.287035 0
vt 0.294266 0.286362 0
vt 0.286701 0.29128 0
vt 0.294069 0.287035 0
vt 0.286701 0.29128 0
vt 0.286535 0.291965 0
vt 0.294069 0.287035 0
vt 0.286701 0.29128 0
vt 0.286701 0.29128 0
vt 0.284325 0.286896 0
vt 0.276854 0.293818 0
vt 0.286701 0.29128 0
vt 0.276854 0.293818 0
vt 0.279588 0.297959 0
vt 0.286701 0.29128 0
vt 0.276854 0.293818 0
vt 0.284325 0.286896 0
vt 0.284184 0.287522 0
vt 0.276743 0.294449 0
vt 0.284325 0.286896 0
vt 0.276743 0.294449 0
vt 0.276854 0.293818 0
vt 0.284325 0.286896 0
vt 0.276743 0.294449 0
vt 0.284184 0.287522 0
vt 0.28292 0.293243 0
vt 0.275742 0.300199 0
vt 0.284184 0.287522 0
vt 0.275742 0.300199 0
vt 0.276743 0.294449 0
vt 0.284184 0.287522 0
vt 0.275742 0.300199 0
vt 0.28292 0.293243 0
vt 0.285205 0.29754 0
vt 0.278367 0.304251 0
vt 0.28292 0.293243 0
vt 0.278367 0.304251 0
vt 0.275742 0.300199 0
vt 0.28292 0.293243 0
vt 0.278367 0.304251 0
vt 0.285205 0.29754 0
vt 0.286535 0.291965 0
vt 0.279452 0.298648 0
vt 0.285205 0.29754 0
vt 0.279452 0.298648 0
vt 0.278367 0.304251 0
vt 0.285205 0.29754 0
vt 0.279452 0.298648 0
vt 0.286535 0.291965 0
vt 0.286701 0.29128 0
vt 0.279588 0.297959 0
vt 0.286535 0.291965 0
vt 0.279588 0.297959 0
vt 0.279452 0.298648 0
vt 0.286535 0.291965 0
vt 0.279588 0.297959 0
vt 0.279588 0.297959 0
vt 0.276854 0.293818 0
vt 0.270011 0.302577 0
vt 0.279588 0.297959 0
vt 0.270011 0.302577 0
vt 0.273067 0.306385 0
vt 0.279588 0.297959 0
vt 0.270011 0.302577 0
vt 0.276854 0.293818 0
vt 0.276743 0.294449 0
vt 0.269927 0.303205 0
vt 0.276854 0.293818 0
vt 0.269927 0.303205 0
vt 0.270011 0.302577 0
vt 0.276854 0.293818 0
vt 0.269927 0.303205 0
vt 0.276743 0.294449 0
vt 0.275742 0.300199 0
vt 0.269175 0.308919 0
vt 0.276743 0.294449 0
vt 0.269175 0.308919 0
vt 0.269927 0.303205 0
vt 0.276743 0.294449 0
vt 0.269175 0.308919 0
vt 0.275742 0.300199 0
vt 0.278367 0.304251 0
vt 0.272107 0.312639 0
vt 0.275742 0.300199 0
vt 0.272107 0.312639 0
vt 0.269175 0.308919 0
vt 0.275742 0.300199 0
vt 0.272107 0.312639 0
vt 0.278367 0.304251 0
vt 0.279452 0.298648 0
vt 0.27296 0.307071 0
vt 0.278367 0.304251 0
vt 0.27296 0.307071 0
vt 0.272107 0.312639 0
vt 0.278367 0.304251 0
vt 0.27296 0.307071 0
vt 0.279452 0.298648 0
vt 0.279588 0.297959 0
vt 0.273067 0.306385 0
vt 0.279452 0.298648 0
vt 0.273067 0.306385 0
vt 0.27296 0.307071 0
vt 0.279452 0.298648 0
vt 0.273067 0.306385 0
vt 0.273067 0.306385 0
vt 0.270011 0.302577 0
vt 0.26395 0.313105 0
vt 0.273067 0.306385 0
vt 0.26395 0.313105 0
vt 0.267269 0.316514 0
vt 0.273067 0.306385 0
vt 0.26395 0.313105 0
vt 0.270011 0.302577 0
vt 0.269927 0.303205 0
vt 0.263891 0.313723 0
vt 0.270011 0.302577 0
vt 0.263891 0.313723 0
vt 0.26395 0.313105 0
vt 0.270011 0.302577 0
vt 0.263891 0.313723 0
vt 0.269927 0.303205 0
vt 0.269175 0.308919 0
vt 0.263364 0.31933 0
vt 0.269927 0.303205 0
vt 0.263364 0.31933 0
vt 0.263891 0.313723 0
vt 0.269927 0.303205 0
vt 0.263364 0.31933 0
vt 0.269175 0.308919 0
vt 0.272107 0.312639 0
vt 0.266547 0.322655 0
vt 0.269175 0.308919 0
vt 0.266547 0.322655 0
vt 0.263364 0.31933 0
vt 0.269175 0.308919 0
vt 0.266547 0.322655 0
vt 0.272107 0.312639 0
vt 0.27296 0.307071 0
vt 0.267189 0.317189 0
vt 0.272107 0.312639 0
vt 0.267189 0.317189 0
vt 0.266547 0.322655 0
vt 0.272107 0.312639 0
vt 0.267189 0.317189 0
vt 0.27296 0.307071 0
vt 0.273067 0.306385 0
vt 0.267269 0.316514 0
vt 0.27296 0.307071 0
vt 0.267269 0.316514 0
vt 0.267189 0.317189 0
vt 0.27296 0.307071 0
vt 0.267269 0.316514 0
vt 0.267269 0.316514 0
vt 0.26395 0.313105 0
vt 0.25873 0.325366 0
vt 0.267269 0.316514 0
vt 0.25873 0.325366 0
vt 0.262316 0.328314 0
vt 0.267269 0.316514 0
vt 0.25873 0.325366 0
vt 0.26395 0.313105 0
vt 0.263891 0.313723 0
vt 0.258693 0.325965 0
vt 0.26395 0.313105 0
vt 0.258693 0.325965 0
vt 0.25873 0.325366 0
vt 0.26395 0.313105 0
vt 0.258693 0.325965 0
vt 0.263891 0.313723 0
vt 0.263364 0.31933 0
vt 0.258363 0.33139 0
vt 0.263891 0.313723 0
vt 0.258363 0.33139 0
vt 0.258693 0.325965 0
vt 0.263891 0.313723 0
vt 0.258363 0.33139 0
vt 0.263364 0.31933 0
vt 0.266547 0.322655 0
vt 0.261799 0.33426 0
vt 0.263364 0.31933 0
vt 0.261799 0.33426 0
vt 0.258363 0.33139 0
vt 0.263364 0.31933 0
vt 0.261799 0.33426 0
vt 0.266547 0.322655 0
vt 0.267189 0.317189 0
vt 0.262259 0.328969 0
vt 0.266547 0.322655 0
vt 0.262259 0.328969 0
vt 0.261799 0.33426 0
vt 0.266547 0.322655 0
vt 0.262259 0.328969 0
vt 0.267189 0.317189 0
vt 0.267269 0.316514 0
vt 0.262316 0.328314 0
vt 0.267189 0.317189 0
vt 0.262316 0.328314 0
vt 0.262259 0.328969 0
vt 0.267189 0.317189 0
vt 0.262316 0.328314 0
vt 0.262316 0.328314 0
vt 0.25873 0.325366 0
vt 0.254491 0.339227 0
vt 0.262316 0.328314 0
vt 0.254491 0.339227 0
vt 0.258242 0.341609 0
vt 0.262316 0.328314 0
vt 0.254491 0.339227 0
vt 0.25873 0.325366 0
vt 0.258693 0.325965 0
vt 0.254472 0.339797 0
vt 0.25873 0.325366 0
vt 0.254472 0.339797 0
vt 0.254491 0.339227 0
vt 0.25873 0.325366 0
vt 0.254472 0.339797 0
vt 0.258693 0.325965 0
vt 0.258363 0.33139 0
vt 0.254301 0.344962 0
vt 0.258693 0.325965 0
vt 0.254301 0.344962 0
vt 0.254472 0.339797 0
vt 0.258693 0.325965 0
vt 0.254301 0.344962 0
vt 0.258363 0.33139 0
vt 0.261799 0.33426 0
vt 0.257895 0.347278 0
vt 0.258363 0.33139 0
vt 0.257895 0.347278 0
vt 0.254301 0.344962 0
vt 0.258363 0.33139 0
vt 0.257895 0.347278 0
vt 0.261799 0.33426 0
vt 0.262259 0.328969 0
vt 0.258204 0.342234 0
vt 0.261799 0.33426 0
vt 0.258204 0.342234 0
vt 0.257895 0.347278 0
vt 0.261799 0.33426 0
vt 0.258204 0.342234 0
vt 0.262259 0.328969 0
vt 0.262316 0.328314 0
vt 0.258242 0.341609 0
vt 0.262259 0.328969 0
vt 0.258242 0.341609 0
vt 0.258204 0.342234 0
vt 0.262259 0.328969 0
vt 0.258242 0.341609 0
vt 0.258242 0.341609 0
vt 0.254491 0.339227 0
vt 0.251254 0.354534 0
vt 0.258242 0.341609 0
vt 0.251254 0.354534 0
vt 0.255146 0.356327 0
vt 0.258242 0.341609 0
vt 0.251254 0.354534 0
vt 0.254491 0.339227 0
vt 0.254472 0.339797 0
vt 0.251249 0.355068 0
vt 0.254491 0.339227 0
vt 0.251249 0.355068 0
vt 0.251254 0.354534 0
vt 0.254491 0.339227 0
vt 0.251249 0.355068 0
vt 0.254472 0.339797 0
vt 0.254301 0.344962 0
vt 0.251201 0.359892 0
vt 0.254472 0.339797 0
vt 0.251201 0.359892 0
vt 0.251249 0.355068 0
vt 0.254472 0.339797 0
vt 0.251201 0.359892 0
vt 0.254301 0.344962 0
vt 0.257895 0.347278 0
vt 0.254929 0.361632 0
vt 0.254301 0.344962 0
vt 0.254929 0.361632 0
vt 0.251201 0.359892 0
vt 0.254301 0.344962 0
vt 0.254929 0.361632 0
vt 0.257895 0.347278 0
vt 0.258204 0.342234 0
vt 0.255122 0.356913 0
vt 0.257895 0.347278 0
vt 0.255122 0.356913 0
vt 0.254929 0.361632 0
vt 0.257895 0.347278 0
vt 0.255122 0.356913 0
vt 0.258204 0.342234 0
vt 0.258242 0.341609 0
vt 0.255146 0.356327 0
vt 0.258204 0.342234 0
vt 0.255146 0.356327 0
vt 0.255122 0.356913 0
vt 0.258204 0.342234 0
vt 0.255146 0.356327 0
vt 0.255146 0.356327 0
vt 0.251254 0.354534 0
vt 0.249068 0.371181 0
vt 0.255146 0.356327 0
vt 0.249068 0.371181 0
vt 0.253055 0.372275 0
vt 0.255146 0.356327 0
vt 0.249068 0.371181 0
vt 0.251254 0.354534 0
vt 0.251249 0.355068 0
vt 0.249072 0.371669 0
vt 0.251254 0.354534 0
vt 0.249072 0.371669 0
vt 0.249068 0.371181 0
vt 0.251254 0.354534 0
vt 0.249072 0.371669 0
vt 0.251249 0.355068 0
vt 0.251201 0.359892 0
vt 0.249108 0.37607 0
vt 0.251249 0.355068 0
vt 0.249108 0.37607 0
vt 0.249072 0.371669 0
vt 0.251249 0.355068 0
vt 0.249108 0.37607 0
vt 0.251201 0.359892 0
vt 0.254929 0.361632 0
vt 0.252926 0.37713 0
vt 0.251201 0.359892 0
vt 0.252926 0.37713 0
vt 0.249108 0.37607 0
vt 0.251201 0.359892 0
vt 0.252926 0.37713 0
vt 0.254929 0.361632 0
vt 0.255122 0.356913 0
vt 0.253041 0.372812 0
vt 0.254929 0.361632 0
vt 0.253041 0.372812 0
vt 0.252926 0.37713 0
vt 0.254929 0.361632 0
vt 0.253041 0.372812 0
vt 0.255122 0.356913 0
vt 0.255146 0.356327 0
vt 0.253055 0.372275 0
vt 0.255122 0.356913 0
vt 0.253055 0.372275 0
vt 0.253041 0.372812 0
vt 0.255122 0.356913 0
vt 0.253055 0.372275 0
vt 0.253055 0.372275 0
vt 0.249068 0.371181 0
vt 0.247965 0.388911 0
vt 0.253055 0.372275 0
vt 0.247965 0.388911 0
vt 0.252004 0.389279 0
vt 0.253055 0.372275 0
vt 0.247965 0.388911 0
vt 0.249068 0.371181 0
vt 0.249072 0.371669 0
vt 0.247974 0.389344 0
vt 0.249068 0.371181 0
vt 0.247974 0.389344 0
vt 0.247965 0.388911 0
vt 0.249068 0.371181 0
vt 0.247974 0.389344 0
vt 0.249072 0.371669 0
vt 0.249108 0.37607 0
vt 0.248051 0.393244 0
vt 0.249072 0.371669 0
vt 0.248051 0.393244 0
vt 0.247974 0.389344 0
vt 0.249072 0.371669 0
vt 0.248051 0.393244 0
vt 0.249108 0.37607 0
vt 0.252926 0.37713 0
vt 0.251919 0.3936 0
vt 0.249108 0.37607 0
vt 0.251919 0.3936 0
vt 0.248051 0.393244 0
vt 0.249108 0.37607 0
vt 0.251919 0.3936 0
vt 0.252926 0.37713 0
vt 0.253041 0.372812 0
vt 0.251994 0.389757 0
vt 0.252926 0.37713 0
vt 0.251994 0.389757 0
vt 0.251919 0.3936 0
vt 0.252926 0.37713 0
vt 0.251994 0.389757 0
vt 0.253041 0.372812 0
vt 0.253055 0.372275 0
vt 0.252004 0.389279 0
vt 0.253041 0.372812 0
vt 0.252004 0.389279 0
vt 0.251994 0.389757 0
vt 0.253041 0.372812 0
vt 0.252004 0.389279 0
vt 0.252004 0.389279 0
vt 0.247965 0.388911 0
vt 0.247965 0.407457 0
vt 0.252004 0.389279 0
vt 0.247965 0.407457 0
vt 0.252004 0.407075 0
vt 0.252004 0.389279 0
vt 0.247965 0.407457 0
vt 0.247965 0.388911 0
vt 0.247974 0.389344 0
vt 0.247974 0.407827 0
vt 0.247965 0.388911 0
vt 0.247974 0.407827 0
vt 0.247965 0.407457 0
vt 0.247965 0.388911 0
vt 0.247974 0.407827 0
vt 0.248051 0.393244 0
vt 0.248051 0.411155 0
vt 0.247974 0.407827 0
vt 0.248051 0.393244 0
vt 0.247974 0.407827 0
vt 0.247974 0.389344 0
vt 0.248051 0.393244 0
vt 0.247974 0.407827 0
vt 0.248051 0.393244 0
vt 0.251919 0.3936 0
vt 0.251919 0.410786 0
vt 0.248051 0.393244 0
vt 0.251919 0.410786 0
vt 0.248051 0.411155 0
vt 0.248051 0.393244 0
vt 0.251919 0.410786 0
vt 0.251994 0.389757 0
vt 0.251956 0.409174 0
vt 0.251919 0.410786 0
vt 0.251994 0.389757 0
vt 0.251919 0.410786 0
vt 0.251919 0.3936 0
vt 0.251994 0.389757 0
vt 0.251919 0.410786 0
vt 0.251994 0.389757 0
vt 0.252004 0.389279 0
vt 0.252004 0.407075 0
vt 0.251994 0.389757 0
vt 0.252004 0.407075 0
vt 0.251956 0.409174 0
vt 0.251994 0.389757 0
vt 0.252004 0.407075 0
vt 0.686743 0.286514 0
vt 0.686639 0.286788 0
vt 0.686769 0.286238 0
vt 0.686743 0.286514 0
vt 0.686639 0.286788 0
vt 0.686301 0.287228 0
vt 0.686769 0.286238 0
vt 0.686639 0.286788 0
vt 0.686301 0.287228 0
vt 0.686613 0.285795 0
vt 0.686769 0.286238 0
vt 0.686301 0.287228 0
vt 0.686613 0.285795 0
vt 0.686726 0.285979 0
vt 0.686769 0.286238 0
vt 0.686613 0.285795 0
vt 0.686301 0.287228 0
vt 0.685618 0.287025 0
vt 0.686613 0.285795 0
vt 0.686301 0.287228 0
vt 0.685618 0.287025 0
vt 0.685868 0.285964 0
vt 0.686613 0.285795 0
vt 0.685618 0.287025 0
vt 0.685868 0.285964 0
vt 0.686258 0.285688 0
vt 0.686613 0.285795 0
vt 0.685868 0.285964 0
vt 0.686258 0.285688 0
vt 0.686448 0.28569 0
vt 0.686613 0.285795 0
vt 0.686258 0.285688 0
vt 0.685868 0.285964 0
vt 0.686059 0.28577 0
vt 0.686258 0.285688 0
vt 0.685868 0.285964 0
vt 0.685618 0.287025 0
vt 0.685618 0.286494 0
vt 0.685868 0.285964 0
vt 0.685618 0.287025 0
vt 0.685618 0.286494 0
vt 0.685704 0.286205 0
vt 0.685868 0.285964 0
vt 0.685618 0.286494 0
vt 0.685618 0.287025 0
vt 0.685592 0.286782 0
vt 0.685618 0.286494 0
vt 0.685618 0.287025 0
vt 0.686301 0.287228 0
vt 0.685894 0.287315 0
vt 0.685618 0.287025 0
vt 0.686301 0.287228 0
vt 0.685894 0.287315 0
vt 0.685739 0.287206 0
vt 0.685618 0.287025 0
vt 0.685894 0.287315 0
vt 0.686301 0.287228 0
vt 0.686102 0.28731 0
vt 0.685894 0.287315 0
vt 0.686301 0.287228 0
vt 0.686639 0.286788 0
vt 0.686492 0.287045 0
vt 0.686301 0.287228 0
vt 0.686639 0.286788 0
vt 0.68559 0.283523 0
vt 0.685546 0.283264 0
vt 0.685564 0.283801 0
vt 0.68559 0.283523 0
vt 0.685546 0.283264 0
vt 0.685265 0.282978 0
vt 0.685564 0.283801 0
vt 0.685546 0.283264 0
vt 0.685265 0.282978 0
vt 0.685309 0.284338 0
vt 0.685564 0.283801 0
vt 0.685265 0.282978 0
vt 0.685309 0.284338 0
vt 0.685458 0.284077 0
vt 0.685564 0.283801 0
vt 0.685309 0.284338 0
vt 0.685265 0.282978 0
vt 0.68451 0.283506 0
vt 0.685309 0.284338 0
vt 0.685265 0.282978 0
vt 0.68451 0.283506 0
vt 0.684545 0.28451 0
vt 0.685309 0.284338 0
vt 0.68451 0.283506 0
vt 0.684545 0.28451 0
vt 0.684913 0.284609 0
vt 0.685309 0.284338 0
vt 0.684545 0.28451 0
vt 0.684913 0.284609 0
vt 0.685115 0.284524 0
vt 0.685309 0.284338 0
vt 0.684913 0.284609 0
vt 0.684545 0.28451 0
vt 0.684703 0.284617 0
vt 0.684913 0.284609 0
vt 0.684545 0.28451 0
vt 0.68451 0.283506 0
vt 0.684396 0.284086 0
vt 0.684545 0.28451 0
vt 0.68451 0.283506 0
vt 0.684396 0.284086 0
vt 0.684422 0.28433 0
vt 0.684545 0.28451 0
vt 0.684396 0.284086 0
vt 0.68451 0.283506 0
vt 0.684422 0.283797 0
vt 0.684396 0.284086 0
vt 0.68451 0.283506 0
vt 0.685265 0.282978 0
vt 0.684869 0.283064 0
vt 0.68451 0.283506 0
vt 0.685265 0.282978 0
vt 0.684869 0.283064 0
vt 0.684676 0.283262 0
vt 0.68451 0.283506 0
vt 0.684869 0.283064 0
vt 0.685265 0.282978 0
vt 0.685071 0.282979 0
vt 0.684869 0.283064 0
vt 0.685265 0.282978 0
vt 0.685546 0.283264 0
vt 0.685432 0.283081 0
vt 0.685265 0.282978 0
vt 0.685546 0.283264 0
vt 0.686743 0.286514 0
vt 0.686769 0.286238 0
vt 0.68559 0.283523 0
vt 0.686743 0.286514 0
vt 0.68559 0.283523 0
vt 0.685564 0.283801 0
vt 0.686743 0.286514 0
vt 0.68559 0.283523 0
vt 0.686769 0.286238 0
vt 0.686726 0.285979 0
vt 0.685546 0.283264 0
vt 0.686769 0.286238 0
vt 0.685546 0.283264 0
vt 0.68559 0.283523 0
vt 0.686769 0.286238 0
vt 0.685546 0.283264 0
vt 0.686726 0.285979 0
vt 0.686613 0.285795 0
vt 0.685432 0.283081 0
vt 0.686726 0.285979 0
vt 0.685432 0.283081 0
vt 0.685546 0.283264 0
vt 0.686726 0.285979 0
vt 0.685432 0.283081 0
vt 0.686613 0.285795 0
vt 0.686448 0.28569 0
vt 0.685265 0.282978 0
vt 0.686613 0.285795 0
vt 0.685265 0.282978 0
vt 0.685432 0.283081 0
vt 0.686613 0.285795 0
vt 0.685265 0.282978 0
vt 0.686448 0.28569 0
vt 0.686258 0.285688 0
vt 0.685071 0.282979 0
vt 0.686448 0.28569 0
vt 0.685071 0.282979 0
vt 0.685265 0.282978 0
vt 0.686448 0.28569 0
vt 0.685071 0.282979 0
vt 0.686258 0.285688 0
vt 0.686059 0.28577 0
vt 0.684869 0.283064 0
vt 0.686258 0.285688 0
vt 0.684869 0.283064 0
vt 0.685071 0.282979 0
vt 0.686258 0.285688 0
vt 0.684869 0.283064 0
vt 0.686059 0.28577 0
vt 0.685868 0.285964 0
vt 0.684676 0.283262 0
vt 0.686059 0.28577 0
vt 0.684676 0.283262 0
vt 0.684869 0.283064 0
vt 0.686059 0.28577 0
vt 0.684676 0.283262 0
vt 0.685868 0.285964 0
vt 0.685704 0.286205 0
vt 0.68451 0.283506 0
vt 0.685868 0.285964 0
vt 0.68451 0.283506 0
vt 0.684676 0.283262 0
vt 0.685868 0.285964 0
vt 0.68451 0.283506 0
vt 0.685704 0.286205 0
vt 0.685618 0.286494 0
vt 0.684422 0.283797 0
vt 0.685704 0.286205 0
vt 0.684422 0.283797 0
vt 0.68451 0.283506 0
vt 0.685704 0.286205 0
vt 0.684422 0.283797 0
vt 0.685618 0.286494 0
vt 0.685592 0.286782 0
vt 0.684396 0.284086 0
vt 0.685618 0.286494 0
vt 0.684396 0.284086 0
vt 0.684422 0.283797 0
vt 0.685618 0.286494 0
vt 0.684396 0.284086 0
vt 0.685592 0.286782 0
vt 0.685618 0.287025 0
vt 0.684422 0.28433 0
vt 0.685592 0.286782 0
vt 0.684422 0.28433 0
vt 0.684396 0.284086 0
vt 0.685592 0.286782 0
vt 0.684422 0.28433 0
vt 0.685618 0.287025 0
vt 0.685739 0.287206 0
vt 0.684545 0.28451 0
vt 0.685618 0.287025 0
vt 0.684545 0.28451 0
vt 0.684422 0.28433 0
vt 0.685618 0.287025 0
vt 0.684545 0.28451 0
vt 0.685739 0.287206 0
vt 0.685894 0.287315 0
vt 0.684703 0.284617 0
vt 0.685739 0.287206 0
vt 0.684703 0.284617 0
vt 0.684545 0.28451 0
vt 0.685739 0.287206 0
vt 0.684703 0.284617 0
vt 0.685894 0.287315 0
vt 0.686102 0.28731 0
vt 0.684913 0.284609 0
vt 0.685894 0.287315 0
vt 0.684913 0.284609 0
vt 0.684703 0.284617 0
vt 0.685894 0.287315 0
vt 0.684913 0.284609 0
vt 0.686102 0.28731 0
vt 0.686301 0.287228 0
vt 0.685115 0.284524 0
vt 0.686102 0.28731 0
vt 0.685115 0.284524 0
vt 0.684913 0.284609 0
vt 0.686102 0.28731 0
vt 0.685115 0.284524 0
vt 0.686301 0.287228 0
vt 0.686492 0.287045 0
vt 0.685309 0.284338 0
vt 0.686301 0.287228 0
vt 0.685309 0.284338 0
vt 0.685115 0.284524 0
vt 0.686301 0.287228 0
vt 0.685309 0.284338 0
vt 0.686492 0.287045 0
vt 0.686639 0.286788 0
vt 0.685458 0.284077 0
vt 0.686492 0.287045 0
vt 0.685458 0.284077 0
vt 0.685309 0.284338 0
vt 0.686492 0.287045 0
vt 0.685458 0.284077 0
vt 0.686639 0.286788 0
vt 0.686743 0.286514 0
vt 0.685564 0.283801 0
vt 0.686639 0.286788 0
vt 0.685564 0.283801 0
vt 0.685458 0.284077 0
vt 0.686639 0.286788 0
vt 0.685564 0.283801 0
vt 0.741965 0.353257 0
vt 0.741731 0.353316 0
vt 0.742169 0.353053 0
vt 0.741965 0.353257 0
vt 0.741731 0.353316 0
vt 0.741283 0.353024 0
vt 0.742169 0.353053 0
vt 0.741731 0.353316 0
vt 0.741283 0.353024 0
vt 0.742433 0.352373 0
vt 0.742169 0.353053 0
vt 0.741283 0.353024 0
vt 0.742433 0.352373 0
vt 0.742332 0.352736 0
vt 0.742169 0.353053 0
vt 0.742433 0.352373 0
vt 0.741283 0.353024 0
vt 0.74115 0.351643 0
vt 0.742433 0.352373 0
vt 0.741283 0.353024 0
vt 0.74115 0.351643 0
vt 0.742006 0.351135 0
vt 0.742433 0.352373 0
vt 0.74115 0.351643 0
vt 0.742006 0.351135 0
vt 0.742362 0.351642 0
vt 0.742433 0.352373 0
vt 0.742006 0.351135 0
vt 0.742362 0.351642 0
vt 0.742433 0.351997 0
vt 0.742433 0.352373 0
vt 0.742362 0.351642 0
vt 0.742006 0.351135 0
vt 0.742209 0.351355 0
vt 0.742362 0.351642 0
vt 0.742006 0.351135 0
vt 0.74115 0.351643 0
vt 0.741527 0.351123 0
vt 0.742006 0.351135 0
vt 0.74115 0.351643 0
vt 0.741527 0.351123 0
vt 0.741761 0.351064 0
vt 0.742006 0.351135 0
vt 0.741527 0.351123 0
vt 0.74115 0.351643 0
vt 0.741313 0.351327 0
vt 0.741527 0.351123 0
vt 0.74115 0.351643 0
vt 0.741283 0.353024 0
vt 0.741059 0.352381 0
vt 0.74115 0.351643 0
vt 0.741283 0.353024 0
vt 0.741059 0.352381 0
vt 0.741059 0.352006 0
vt 0.74115 0.351643 0
vt 0.741059 0.352381 0
vt 0.741283 0.353024 0
vt 0.74113 0.352737 0
vt 0.741059 0.352381 0
vt 0.741283 0.353024 0
vt 0.741731 0.353316 0
vt 0.741486 0.353244 0
vt 0.741283 0.353024 0
vt 0.741731 0.353316 0
vt 0.742006 0.350426 0
vt 0.742172 0.350105 0
vt 0.741798 0.350633 0
vt 0.742006 0.350426 0
vt 0.742172 0.350105 0
vt 0.742276 0.349357 0
vt 0.741798 0.350633 0
vt 0.742172 0.350105 0
vt 0.742276 0.349357 0
vt 0.741309 0.350621 0
vt 0.741798 0.350633 0
vt 0.742276 0.349357 0
vt 0.741309 0.350621 0
vt 0.741559 0.350693 0
vt 0.741798 0.350633 0
vt 0.741309 0.350621 0
vt 0.742276 0.349357 0
vt 0.74159 0.348414 0
vt 0.741309 0.350621 0
vt 0.742276 0.349357 0
vt 0.74159 0.348414 0
vt 0.740873 0.349368 0
vt 0.741309 0.350621 0
vt 0.74159 0.348414 0
vt 0.740873 0.349368 0
vt 0.740945 0.350108 0
vt 0.741309 0.350621 0
vt 0.740873 0.349368 0
vt 0.740945 0.350108 0
vt 0.741101 0.350399 0
vt 0.741309 0.350621 0
vt 0.740945 0.350108 0
vt 0.740873 0.349368 0
vt 0.740873 0.349748 0
vt 0.740945 0.350108 0
vt 0.740873 0.349368 0
vt 0.74159 0.348414 0
vt 0.741132 0.348681 0
vt 0.740873 0.349368 0
vt 0.74159 0.348414 0
vt 0.741132 0.348681 0
vt 0.740966 0.349001 0
vt 0.740873 0.349368 0
vt 0.741132 0.348681 0
vt 0.74159 0.348414 0
vt 0.741351 0.348474 0
vt 0.741132 0.348681 0
vt 0.74159 0.348414 0
vt 0.742276 0.349357 0
vt 0.742047 0.348707 0
vt 0.74159 0.348414 0
vt 0.742276 0.349357 0
vt 0.742047 0.348707 0
vt 0.741839 0.348486 0
vt 0.74159 0.348414 0
vt 0.742047 0.348707 0
vt 0.742276 0.349357 0
vt 0.742203 0.348998 0
vt 0.742047 0.348707 0
vt 0.742276 0.349357 0
vt 0.742172 0.350105 0
vt 0.742276 0.349737 0
vt 0.742276 0.349357 0
vt 0.742172 0.350105 0
vt 0.741965 0.353257 0
vt 0.742169 0.353053 0
vt 0.742006 0.350426 0
vt 0.741965 0.353257 0
vt 0.742006 0.350426 0
vt 0.741798 0.350633 0
vt 0.741965 0.353257 0
vt 0.742006 0.350426 0
vt 0.742169 0.353053 0
vt 0.742332 0.352736 0
vt 0.742172 0.350105 0
vt 0.742169 0.353053 0
vt 0.742172 0.350105 0
vt 0.742006 0.350426 0
vt 0.742169 0.353053 0
vt 0.742172 0.350105 0
vt 0.742332 0.352736 0
vt 0.742433 0.352373 0
vt 0.742276 0.349737 0
vt 0.742332 0.352736 0
vt 0.742276 0.349737 0
vt 0.742172 0.350105 0
vt 0.742332 0.352736 0
vt 0.742276 0.349737 0
vt 0.742433 0.352373 0
vt 0.742433 0.351997 0
vt 0.742276 0.349357 0
vt 0.742433 0.352373 0
vt 0.742276 0.349357 0
vt 0.742276 0.349737 0
vt 0.742433 0.352373 0
vt 0.742276 0.349357 0
vt 0.742433 0.351997 0
vt 0.742362 0.351642 0
vt 0.742203 0.348998 0
vt 0.742433 0.351997 0
vt 0.742203 0.348998 0
vt 0.742276 0.349357 0
vt 0.742433 0.351997 0
vt 0.742203 0.348998 0
vt 0.742362 0.351642 0
vt 0.742209 0.351355 0
vt 0.742047 0.348707 0
vt 0.742362 0.351642 0
vt 0.742047 0.348707 0
vt 0.742203 0.348998 0
vt 0.742362 0.351642 0
vt 0.742047 0.348707 0
vt 0.742209 0.351355 0
vt 0.742006 0.351135 0
vt 0.741839 0.348486 0
vt 0.742209 0.351355 0
vt 0.741839 0.348486 0
vt 0.742047 0.348707 0
vt 0.742209 0.351355 0
vt 0.741839 0.348486 0
vt 0.742006 0.351135 0
vt 0.741761 0.351064 0
vt 0.74159 0.348414 0
vt 0.742006 0.351135 0
vt 0.74159 0.348414 0
vt 0.741839 0.348486 0
vt 0.742006 0.351135 0
vt 0.74159 0.348414 0
vt 0.741761 0.351064 0
vt 0.741527 0.351123 0
vt 0.741351 0.348474 0
vt 0.741761 0.351064 0
vt 0.741351 0.348474 0
vt 0.74159 0.348414 0
vt 0.741761 0.351064 0
vt 0.741351 0.348474 0
vt 0.741527 0.351123 0
vt 0.741313 0.351327 0
vt 0.741132 0.348681 0
vt 0.741527 0.351123 0
vt 0.741132 0.348681 0
vt 0.741351 0.348474 0
vt 0.741527 0.351123 0
vt 0.741132 0.348681 0
vt 0.741313 0.351327 0
vt 0.74115 0.351643 0
vt 0.740966 0.349001 0
vt 0.741313 0.351327 0
vt 0.740966 0.349001 0
vt 0.741132 0.348681 0
vt 0.741313 0.351327 0
vt 0.740966 0.349001 0
vt 0.74115 0.351643 0
vt 0.741059 0.352006 0
vt 0.740873 0.349368 0
vt 0.74115 0.351643 0
vt 0.740873 0.349368 0
vt 0.740966 0.349001 0
vt 0.74115 0.351643 0
vt 0.740873 0.349368 0
vt 0.741059 0.352006 0
vt 0.741059 0.352381 0
vt 0.740873 0.349748 0
vt 0.741059 0.352006 0
vt 0.740873 0.349748 0
vt 0.740873 0.349368 0
vt 0.741059 0.352006 0
vt 0.740873 0.349748 0
vt 0.741059 0.352381 0
vt 0.74113 0.352737 0
vt 0.740945 0.350108 0
vt 0.741059 0.352381 0
vt 0.740945 0.350108 0
vt 0.740873 0.349748 0
vt 0.741059 0.352381 0
vt 0.740945 0.350108 0
vt 0.74113 0.352737 0
vt 0.741283 0.353024 0
vt 0.741101 0.350399 0
vt 0.74113 0.352737 0
vt 0.741101 0.350399 0
vt 0.740945 0.350108 0
vt 0.74113 0.352737 0
vt 0.741101 0.350399 0
vt 0.741283 0.353024 0
vt 0.741486 0.353244 0
vt 0.741309 0.350621 0
vt 0.741283 0.353024 0
vt 0.741309 0.350621 0
vt 0.741101 0.350399 0
vt 0.741283 0.353024 0
vt 0.741309 0.350621 0
vt 0.741486 0.353244 0
vt 0.741731 0.353316 0
vt 0.741559 0.350693 0
vt 0.741486 0.353244 0
vt 0.741559 0.350693 0
vt 0.741309 0.350621 0
vt 0.741486 0.353244 0
vt 0.741559 0.350693 0
vt 0.741731 0.353316 0
vt 0.741965 0.353257 0
vt 0.741798 0.350633 0
vt 0.741731 0.353316 0
vt 0.741798 0.350633 0
vt 0.741559 0.350693 0
vt 0.741731 0.353316 0
vt 0.741798 0.350633 0
vt 0.706041 0.291851 0
vt 0.705881 0.292106 0
vt 0.706117 0.291558 0
vt 0.706041 0.291851 0
vt 0.705881 0.292106 0
vt 0.705456 0.292384 0
vt 0.706117 0.291558 0
vt 0.705881 0.292106 0
vt 0.705456 0.292384 0
vt 0.70607 0.290991 0
vt 0.706117 0.291558 0
vt 0.705456 0.292384 0
vt 0.70607 0.290991 0
vt 0.706136 0.291257 0
vt 0.706117 0.291558 0
vt 0.70607 0.290991 0
vt 0.705456 0.292384 0
vt 0.704853 0.29181 0
vt 0.70607 0.290991 0
vt 0.705456 0.292384 0
vt 0.704853 0.29181 0
vt 0.705314 0.290769 0
vt 0.70607 0.290991 0
vt 0.704853 0.29181 0
vt 0.705314 0.290769 0
vt 0.705758 0.290683 0
vt 0.70607 0.290991 0
vt 0.705314 0.290769 0
vt 0.705758 0.290683 0
vt 0.705947 0.290791 0
vt 0.70607 0.290991 0
vt 0.705758 0.290683 0
vt 0.705314 0.290769 0
vt 0.705531 0.290684 0
vt 0.705758 0.290683 0
vt 0.705314 0.290769 0
vt 0.704853 0.29181 0
vt 0.704966 0.291211 0
vt 0.705314 0.290769 0
vt 0.704853 0.29181 0
vt 0.704966 0.291211 0
vt 0.705107 0.290962 0
vt 0.705314 0.290769 0
vt 0.704966 0.291211 0
vt 0.704853 0.29181 0
vt 0.704872 0.291509 0
vt 0.704966 0.291211 0
vt 0.704853 0.29181 0
vt 0.705456 0.292384 0
vt 0.70506 0.292271 0
vt 0.704853 0.29181 0
vt 0.705456 0.292384 0
vt 0.70506 0.292271 0
vt 0.704919 0.292076 0
vt 0.704853 0.29181 0
vt 0.70506 0.292271 0
vt 0.705456 0.292384 0
vt 0.705248 0.29238 0
vt 0.70506 0.292271 0
vt 0.705456 0.292384 0
vt 0.705881 0.292106 0
vt 0.705673 0.292287 0
vt 0.705456 0.292384 0
vt 0.705881 0.292106 0
vt 0.70525 0.288621 0
vt 0.705269 0.288318 0
vt 0.705173 0.288916 0
vt 0.70525 0.288621 0
vt 0.705269 0.288318 0
vt 0.705077 0.287851 0
vt 0.705173 0.288916 0
vt 0.705269 0.288318 0
vt 0.705077 0.287851 0
vt 0.704798 0.289358 0
vt 0.705173 0.288916 0
vt 0.705077 0.287851 0
vt 0.704798 0.289358 0
vt 0.705009 0.289173 0
vt 0.705173 0.288916 0
vt 0.704798 0.289358 0
vt 0.705077 0.287851 0
vt 0.704222 0.288033 0
vt 0.704798 0.289358 0
vt 0.705077 0.287851 0
vt 0.704222 0.288033 0
vt 0.704031 0.289154 0
vt 0.704798 0.289358 0
vt 0.704222 0.288033 0
vt 0.704031 0.289154 0
vt 0.704366 0.289456 0
vt 0.704798 0.289358 0
vt 0.704031 0.289154 0
vt 0.704366 0.289456 0
vt 0.704577 0.289458 0
vt 0.704798 0.289358 0
vt 0.704366 0.289456 0
vt 0.704031 0.289154 0
vt 0.704174 0.289349 0
vt 0.704366 0.289456 0
vt 0.704031 0.289154 0
vt 0.704222 0.288033 0
vt 0.703983 0.288584 0
vt 0.704031 0.289154 0
vt 0.704222 0.288033 0
vt 0.703983 0.288584 0
vt 0.703963 0.288888 0
vt 0.704031 0.289154 0
vt 0.703983 0.288584 0
vt 0.704222 0.288033 0
vt 0.704078 0.288284 0
vt 0.703983 0.288584 0
vt 0.704222 0.288033 0
vt 0.705077 0.287851 0
vt 0.704654 0.287749 0
vt 0.704222 0.288033 0
vt 0.705077 0.287851 0
vt 0.704654 0.287749 0
vt 0.704433 0.287836 0
vt 0.704222 0.288033 0
vt 0.704654 0.287749 0
vt 0.705077 0.287851 0
vt 0.704884 0.287745 0
vt 0.704654 0.287749 0
vt 0.705077 0.287851 0
vt 0.705269 0.288318 0
vt 0.705202 0.288051 0
vt 0.705077 0.287851 0
vt 0.705269 0.288318 0
vt 0.706041 0.291851 0
vt 0.706117 0.291558 0
vt 0.70525 0.288621 0
vt 0.706041 0.291851 0
vt 0.70525 0.288621 0
vt 0.705173 0.288916 0
vt 0.706041 0.291851 0
vt 0.70525 0.288621 0
vt 0.706117 0.291558 0
vt 0.706136 0.291257 0
vt 0.705269 0.288318 0
vt 0.706117 0.291558 0
vt 0.705269 0.288318 0
vt 0.70525 0.288621 0
vt 0.706117 0.291558 0
vt 0.705269 0.288318 0
vt 0.706136 0.291257 0
vt 0.70607 0.290991 0
vt 0.705202 0.288051 0
vt 0.706136 0.291257 0
vt 0.705202 0.288051 0
vt 0.705269 0.288318 0
vt 0.706136 0.291257 0
vt 0.705202 0.288051 0
vt 0.70607 0.290991 0
vt 0.705947 0.290791 0
vt 0.705077 0.287851 0
vt 0.70607 0.290991 0
vt 0.705077 0.287851 0
vt 0.705202 0.288051 0
vt 0.70607 0.290991 0
vt 0.705077 0.287851 0
vt 0.705947 0.290791 0
vt 0.705758 0.290683 0
vt 0.704884 0.287745 0
vt 0.705947 0.290791 0
vt 0.704884 0.287745 0
vt 0.705077 0.287851 0
vt 0.705947 0.290791 0
vt 0.704884 0.287745 0
vt 0.705758 0.290683 0
vt 0.705531 0.290684 0
vt 0.704654 0.287749 0
vt 0.705758 0.290683 0
vt 0.704654 0.287749 0
vt 0.704884 0.287745 0
vt 0.705758 0.290683 0
vt 0.704654 0.287749 0
vt 0.705531 0.290684 0
vt 0.705314 0.290769 0
vt 0.704433 0.287836 0
vt 0.705531 0.290684 0
vt 0.704433 0.287836 0
vt 0.704654 0.287749 0
vt 0.705531 0.290684 0
vt 0.704433 0.287836 0
vt 0.705314 0.290769 0
vt 0.705107 0.290962 0
vt 0.704222 0.288033 0
vt 0.705314 0.290769 0
vt 0.704222 0.288033 0
vt 0.704433 0.287836 0
vt 0.705314 0.290769 0
vt 0.704222 0.288033 0
vt 0.705107 0.290962 0
vt 0.704966 0.291211 0
vt 0.704078 0.288284 0
vt 0.705107 0.290962 0
vt 0.704078 0.288284 0
vt 0.704222 0.288033 0
vt 0.705107 0.290962 0
vt 0.704078 0.288284 0
vt 0.704966 0.291211 0
vt 0.704872 0.291509 0
vt 0.703983 0.288584 0
vt 0.704966 0.291211 0
vt 0.703983 0.288584 0
vt 0.704078 0.288284 0
vt 0.704966 0.291211 0
vt 0.703983 0.288584 0
vt 0.704872 0.291509 0
vt 0.704853 0.29181 0
vt 0.703963 0.288888 0
vt 0.704872 0.291509 0
vt 0.703963 0.288888 0
vt 0.703983 0.288584 0
vt 0.704872 0.291509 0
vt 0.703963 0.288888 0
vt 0.704853 0.29181 0
vt 0.704919 0.292076 0
vt 0.704031 0.289154 0
vt 0.704853 0.29181 0
vt 0.704031 0.289154 0
vt 0.703963 0.288888 0
vt 0.704853 0.29181 0
vt 0.704031 0.289154 0
vt 0.704919 0.292076 0
vt 0.70506 0.292271 0
vt 0.704174 0.289349 0
vt 0.704919 0.292076 0
vt 0.704174 0.289349 0
vt 0.704031 0.289154 0
vt 0.704919 0.292076 0
vt 0.704174 0.289349 0
vt 0.70506 0.292271 0
vt 0.705248 0.29238 0
vt 0.704366 0.289456 0
vt 0.70506 0.292271 0
vt 0.704366 0.289456 0
vt 0.704174 0.289349 0
vt 0.70506 0.292271 0
vt 0.704366 0.289456 0
vt 0.705248 0.29238 0
vt 0.705456 0.292384 0
vt 0.704577 0.289458 0
vt 0.705248 0.29238 0
vt 0.704577 0.289458 0
vt 0.704366 0.289456 0
vt 0.705248 0.29238 0
vt 0.704577 0.289458 0
vt 0.705456 0.292384 0
vt 0.705673 0.292287 0
vt 0.704798 0.289358 0
vt 0.705456 0.292384 0
vt 0.704798 0.289358 0
vt 0.704577 0.289458 0
vt 0.705456 0.292384 0
vt 0.704798 0.289358 0
vt 0.705673 0.292287 0
vt 0.705881 0.292106 0
vt 0.705009 0.289173 0
vt 0.705673 0.292287 0
vt 0.705009 0.289173 0
vt 0.704798 0.289358 0
vt 0.705673 0.292287 0
vt 0.705009 0.289173 0
vt 0.705881 0.292106 0
vt 0.706041 0.291851 0
vt 0.705173 0.288916 0
vt 0.705881 0.292106 0
vt 0.705173 0.288916 0
vt 0.705009 0.289173 0
vt 0.705881 0.292106 0
vt 0.705173 0.288916 0
vt 0.731644 0.321402 0
vt 0.731412 0.321572 0
vt 0.731815 0.321167 0
vt 0.731644 0.321402 0
vt 0.731412 0.321572 0
vt 0.730949 0.32152 0
vt 0.731815 0.321167 0
vt 0.731412 0.321572 0
vt 0.730949 0.32152 0
vt 0.731966 0.320498 0
vt 0.731815 0.321167 0
vt 0.730949 0.32152 0
vt 0.731966 0.320498 0
vt 0.731936 0.320835 0
vt 0.731815 0.321167 0
vt 0.731966 0.320498 0
vt 0.730949 0.32152 0
vt 0.730617 0.320367 0
vt 0.731966 0.320498 0
vt 0.730949 0.32152 0
vt 0.730617 0.320367 0
vt 0.731372 0.319634 0
vt 0.731966 0.320498 0
vt 0.730617 0.320367 0
vt 0.731372 0.319634 0
vt 0.731785 0.319908 0
vt 0.731966 0.320498 0
vt 0.731372 0.319634 0
vt 0.731785 0.319908 0
vt 0.731916 0.320184 0
vt 0.731966 0.320498 0
vt 0.731785 0.319908 0
vt 0.731372 0.319634 0
vt 0.731594 0.319712 0
vt 0.731785 0.319908 0
vt 0.731372 0.319634 0
vt 0.730617 0.320367 0
vt 0.730919 0.319798 0
vt 0.731372 0.319634 0
vt 0.730617 0.320367 0
vt 0.730919 0.319798 0
vt 0.73114 0.319659 0
vt 0.731372 0.319634 0
vt 0.730919 0.319798 0
vt 0.730617 0.320367 0
vt 0.730738 0.320064 0
vt 0.730919 0.319798 0
vt 0.730617 0.320367 0
vt 0.730949 0.32152 0
vt 0.730627 0.321047 0
vt 0.730617 0.320367 0
vt 0.730949 0.32152 0
vt 0.730627 0.321047 0
vt 0.730577 0.320719 0
vt 0.730617 0.320367 0
vt 0.730627 0.321047 0
vt 0.730949 0.32152 0
vt 0.730768 0.321322 0
vt 0.730627 0.321047 0
vt 0.730949 0.32152 0
vt 0.731412 0.321572 0
vt 0.73117 0.321598 0
vt 0.730949 0.32152 0
vt 0.731412 0.321572 0
vt 0.73144 0.318235 0
vt 0.731563 0.317899 0
vt 0.731265 0.318473 0
vt 0.73144 0.318235 0
vt 0.731563 0.317899 0
vt 0.731543 0.317243 0
vt 0.731265 0.318473 0
vt 0.731563 0.317899 0
vt 0.731543 0.317243 0
vt 0.730782 0.318673 0
vt 0.731265 0.318473 0
vt 0.731543 0.317243 0
vt 0.730782 0.318673 0
vt 0.731029 0.318646 0
vt 0.731265 0.318473 0
vt 0.730782 0.318673 0
vt 0.731543 0.317243 0
vt 0.730751 0.316717 0
vt 0.730782 0.318673 0
vt 0.731543 0.317243 0
vt 0.730751 0.316717 0
vt 0.730176 0.317788 0
vt 0.730782 0.318673 0
vt 0.730751 0.316717 0
vt 0.730176 0.317788 0
vt 0.730371 0.318396 0
vt 0.730782 0.318673 0
vt 0.730176 0.317788 0
vt 0.730371 0.318396 0
vt 0.730556 0.318595 0
vt 0.730782 0.318673 0
vt 0.730371 0.318396 0
vt 0.730176 0.317788 0
vt 0.730228 0.318119 0
vt 0.730371 0.318396 0
vt 0.730176 0.317788 0
vt 0.730751 0.316717 0
vt 0.73034 0.317127 0
vt 0.730176 0.317788 0
vt 0.730751 0.316717 0
vt 0.73034 0.317127 0
vt 0.730217 0.317433 0
vt 0.730176 0.317788 0
vt 0.73034 0.317127 0
vt 0.730751 0.316717 0
vt 0.730525 0.316859 0
vt 0.73034 0.317127 0
vt 0.730751 0.316717 0
vt 0.731543 0.317243 0
vt 0.731214 0.316768 0
vt 0.730751 0.316717 0
vt 0.731543 0.317243 0
vt 0.731214 0.316768 0
vt 0.730988 0.316691 0
vt 0.730751 0.316717 0
vt 0.731214 0.316768 0
vt 0.731543 0.317243 0
vt 0.731409 0.316966 0
vt 0.731214 0.316768 0
vt 0.731543 0.317243 0
vt 0.731563 0.317899 0
vt 0.731594 0.317559 0
vt 0.731543 0.317243 0
vt 0.731563 0.317899 0
vt 0.731644 0.321402 0
vt 0.731815 0.321167 0
vt 0.73144 0.318235 0
vt 0.731644 0.321402 0
vt 0.73144 0.318235 0
vt 0.731265 0.318473 0
vt 0.731644 0.321402 0
vt 0.73144 0.318235 0
vt 0.731815 0.321167 0
vt 0.731936 0.320835 0
vt 0.731563 0.317899 0
vt 0.731815 0.321167 0
vt 0.731563 0.317899 0
vt 0.73144 0.318235 0
vt 0.731815 0.321167 0
vt 0.731563 0.317899 0
vt 0.731936 0.320835 0
vt 0.731966 0.320498 0
vt 0.731594 0.317559 0
vt 0.731936 0.320835 0
vt 0.731594 0.317559 0
vt 0.731563 0.317899 0
vt 0.731936 0.320835 0
vt 0.731594 0.317559 0
vt 0.731966 0.320498 0
vt 0.731916 0.320184 0
vt 0.731543 0.317243 0
vt 0.731966 0.320498 0
vt 0.731543 0.317243 0
vt 0.731594 0.317559 0
vt 0.731966 0.320498 0
vt 0.731543 0.317243 0
vt 0.731916 0.320184 0
vt 0.731785 0.319908 0
vt 0.731409 0.316966 0
vt 0.731916 0.320184 0
vt 0.731409 0.316966 0
vt 0.731543 0.317243 0
vt 0.731916 0.320184 0
vt 0.731409 0.316966 0
vt 0.731785 0.319908 0
vt 0.731594 0.319712 0
vt 0.731214 0.316768 0
vt 0.731785 0.319908 0
vt 0.731214 0.316768 0
vt 0.731409 0.316966 0
vt 0.731785 0.319908 0
vt 0.731214 0.316768 0
vt 0.731594 0.319712 0
vt 0.731372 0.319634 0
vt 0.730988 0.316691 0
vt 0.731594 0.319712 0
vt 0.730988 0.316691 0
vt 0.731214 0.316768 0
vt 0.731594 0.319712 0
vt 0.730988 0.316691 0
vt 0.731372 0.319634 0
vt 0.73114 0.319659 0
vt 0.730751 0.316717 0
vt 0.731372 0.319634 0
vt 0.730751 0.316717 0
vt 0.730988 0.316691 0
vt 0.731372 0.319634 0
vt 0.730751 0.316717 0
vt 0.73114 0.319659 0
vt 0.730919 0.319798 0
vt 0.730525 0.316859 0
vt 0.73114 0.319659 0
vt 0.730525 0.316859 0
vt 0.730751 0.316717 0
vt 0.73114 0.319659 0
vt 0.730525 0.316859 0
vt 0.730919 0.319798 0
vt 0.730738 0.320064 0
vt 0.73034 0.317127 0
vt 0.730919 0.319798 0
vt 0.73034 0.317127 0
vt 0.730525 0.316859 0
vt 0.730919 0.319798 0
vt 0.73034 0.317127 0
vt 0.730738 0.320064 0
vt 0.730617 0.320367 0
vt 0.730217 0.317433 0
vt 0.730738 0.320064 0
vt 0.730217 0.317433 0
vt 0.73034 0.317127 0
vt 0.730738 0.320064 0
vt 0.730217 0.317433 0
vt 0.730617 0.320367 0
vt 0.730577 0.320719 0
vt 0.730176 0.317788 0
vt 0.730617 0.320367 0
vt 0.730176 0.317788 0
vt 0.730217 0.317433 0
vt 0.730617 0.320367 0
vt 0.730176 0.317788 0
vt 0.730577 0.320719 0
vt 0.730627 0.321047 0
vt 0.730228 0.318119 0
vt 0.730577 0.320719 0
vt 0.730228 0.318119 0
vt 0.730176 0.317788 0
vt 0.730577 0.320719 0
vt 0.730228 0.318119 0
vt 0.730627 0.321047 0
vt 0.730768 0.321322 0
vt 0.730371 0.318396 0
vt 0.730627 0.321047 0
vt 0.730371 0.318396 0
vt 0.730228 0.318119 0
vt 0.730627 0.321047 0
vt 0.730371 0.318396 0
vt 0.730768 0.321322 0
vt 0.730949 0.32152 0
vt 0.730556 0.318595 0
vt 0.730768 0.321322 0
vt 0.730556 0.318595 0
vt 0.730371 0.318396 0
vt 0.730768 0.321322 0
vt 0.730556 0.318595 0
vt 0.730949 0.32152 0
vt 0.73117 0.321598 0
vt 0.730782 0.318673 0
vt 0.730949 0.32152 0
vt 0.730782 0.318673 0
vt 0.730556 0.318595 0
vt 0.730949 0.32152 0
vt 0.730782 0.318673 0
vt 0.73117 0.321598 0
vt 0.731412 0.321572 0
vt 0.731029 0.318646 0
vt 0.73117 0.321598 0
vt 0.731029 0.318646 0
vt 0.730782 0.318673 0
vt 0.73117 0.321598 0
vt 0.731029 0.318646 0
vt 0.731412 0.321572 0
vt 0.731644 0.321402 0
vt 0.731265 0.318473 0
vt 0.731412 0.321572 0
vt 0.731265 0.318473 0
vt 0.731029 0.318646 0
vt 0.731412 0.321572 0
vt 0.731265 0.318473 0
vt 0.687209 0.280828 0
vt 0.684313 0.280878 0
vt 0.683825 0.282377 0
vt 0.687209 0.280828 0
vt 0.683825 0.282377 0
vt 0.686737 0.282311 0
vt 0.687209 0.280828 0
vt 0.683825 0.282377 0
vt 0.684313 0.280878 0
vt 0.684374 0.281015 0
vt 0.684094 0.282974 0
vt 0.684313 0.280878 0
vt 0.684094 0.282974 0
vt 0.683825 0.282377 0
vt 0.684313 0.280878 0
vt 0.684094 0.282974 0
vt 0.684374 0.281015 0
vt 0.687268 0.280968 0
vt 0.686996 0.282918 0
vt 0.684374 0.281015 0
vt 0.686996 0.282918 0
vt 0.684094 0.282974 0
vt 0.684374 0.281015 0
vt 0.686996 0.282918 0
vt 0.687268 0.280968 0
vt 0.687209 0.280828 0
vt 0.686737 0.282311 0
vt 0.687268 0.280968 0
vt 0.686737 0.282311 0
vt 0.686996 0.282918 0
vt 0.687268 0.280968 0
vt 0.686737 0.282311 0
vt 0.686737 0.282311 0
vt 0.683825 0.282377 0
vt 0.682458 0.282114 0
vt 0.686737 0.282311 0
vt 0.682458 0.282114 0
vt 0.687876 0.281988 0
vt 0.686737 0.282311 0
vt 0.682458 0.282114 0
vt 0.683825 0.282377 0
vt 0.684094 0.282974 0
vt 0.683007 0.283309 0
vt 0.683825 0.282377 0
vt 0.683007 0.283309 0
vt 0.682458 0.282114 0
vt 0.683825 0.282377 0
vt 0.683007 0.283309 0
vt 0.684094 0.282974 0
vt 0.686996 0.282918 0
vt 0.688391 0.283218 0
vt 0.684094 0.282974 0
vt 0.688391 0.283218 0
vt 0.683007 0.283309 0
vt 0.684094 0.282974 0
vt 0.688391 0.283218 0
vt 0.686996 0.282918 0
vt 0.686737 0.282311 0
vt 0.687876 0.281988 0
vt 0.686996 0.282918 0
vt 0.687876 0.281988 0
vt 0.688391 0.283218 0
vt 0.686996 0.282918 0
vt 0.687876 0.281988 0
vt 0.687217 0.284299 0
vt 0.687135 0.284458 0
vt 0.687607 0.285566 0
vt 0.687217 0.284299 0
vt 0.687607 0.285566 0
vt 0.687699 0.285434 0
vt 0.687217 0.284299 0
vt 0.687607 0.285566 0
vt 0.687699 0.285434 0
vt 0.687607 0.285566 0
vt 0.682725 0.285622 0
vt 0.687699 0.285434 0
vt 0.682725 0.285622 0
vt 0.682695 0.285495 0
vt 0.687699 0.285434 0
vt 0.682725 0.285622 0
vt 0.682695 0.285495 0
vt 0.682725 0.285622 0
vt 0.682226 0.284543 0
vt 0.682695 0.285495 0
vt 0.682226 0.284543 0
vt 0.682183 0.284391 0
vt 0.682695 0.285495 0
vt 0.682226 0.284543 0
vt 0.682183 0.284391 0
vt 0.682226 0.284543 0
vt 0.687135 0.284458 0
vt 0.682183 0.284391 0
vt 0.687135 0.284458 0
vt 0.687217 0.284299 0
vt 0.682183 0.284391 0
vt 0.687135 0.284458 0
vt 0.687054 0.28457 0
vt 0.686958 0.28464 0
vt 0.687394 0.28566 0
vt 0.687054 0.28457 0
vt 0.687394 0.28566 0
vt 0.687511 0.285643 0
vt 0.687054 0.28457 0
vt 0.687394 0.28566 0
vt 0.687511 0.285643 0
vt 0.687394 0.28566 0
vt 0.682818 0.285704 0
vt 0.687511 0.285643 0
vt 0.682818 0.285704 0
vt 0.682761 0.28569 0
vt 0.687511 0.285643 0
vt 0.682818 0.285704 0
vt 0.682761 0.28569 0
vt 0.682818 0.285704 0
vt 0.682358 0.284708 0
vt 0.682761 0.28569 0
vt 0.682358 0.284708 0
vt 0.682277 0.284644 0
vt 0.682761 0.28569 0
vt 0.682358 0.284708 0
vt 0.682277 0.284644 0
vt 0.682358 0.284708 0
vt 0.686958 0.28464 0
vt 0.682277 0.284644 0
vt 0.686958 0.28464 0
vt 0.687054 0.28457 0
vt 0.682277 0.284644 0
vt 0.686958 0.28464 0
vt 0.687135 0.284458 0
vt 0.687054 0.28457 0
vt 0.687511 0.285643 0
vt 0.687135 0.284458 0
vt 0.687511 0.285643 0
vt 0.687607 0.285566 0
vt 0.687135 0.284458 0
vt 0.687511 0.285643 0
vt 0.687607 0.285566 0
vt 0.687511 0.285643 0
vt 0.682761 0.28569 0
vt 0.687607 0.285566 0
vt 0.682761 0.28569 0
vt 0.682725 0.285622 0
vt 0.687607 0.285566 0
vt 0.682761 0.28569 0
vt 0.682725 0.285622 0
vt 0.682761 0.28569 0
vt 0.682277 0.284644 0
vt 0.682725 0.285622 0
vt 0.682277 0.284644 0
vt 0.682226 0.284543 0
vt 0.682725 0.285622 0
vt 0.682277 0.284644 0
vt 0.682226 0.284543 0
vt 0.682277 0.284644 0
vt 0.687054 0.28457 0
vt 0.682226 0.284543 0
vt 0.687054 0.28457 0
vt 0.687135 0.284458 0
vt 0.682226 0.284543 0
vt 0.687054 0.28457 0
vt 0.687217 0.284299 0
vt 0.687699 0.285434 0
vt 0.688391 0.283218 0
vt 0.687217 0.284299 0
vt 0.688391 0.283218 0
vt 0.687876 0.281988 0
vt 0.687217 0.284299 0
vt 0.688391 0.283218 0
vt 0.687699 0.285434 0
vt 0.682695 0.285495 0
vt 0.683007 0.283309 0
vt 0.687699 0.285434 0
vt 0.683007 0.283309 0
vt 0.688391 0.283218 0
vt 0.687699 0.285434 0
vt 0.683007 0.283309 0
vt 0.682695 0.285495 0
vt 0.682183 0.284391 0
vt 0.682458 0.282114 0
vt 0.682695 0.285495 0
vt 0.682458 0.282114 0
vt 0.683007 0.283309 0
vt 0.682695 0.285495 0
vt 0.682458 0.282114 0
vt 0.682183 0.284391 0
vt 0.687217 0.284299 0
vt 0.687876 0.281988 0
vt 0.682183 0.284391 0
vt 0.687876 0.281988 0
vt 0.682458 0.282114 0
vt 0.682183 0.284391 0
vt 0.687876 0.281988 0
vt 0.682818 0.285704 0
vt 0.687394 0.28566 0
vt 0.686958 0.28464 0
vt 0.682818 0.285704 0
vt 0.686958 0.28464 0
vt 0.682358 0.284708 0
vt 0.682818 0.285704 0
vt 0.686958 0.28464 0
vt 0.684374 0.281015 0
vt 0.684313 0.280878 0
vt 0.687209 0.280828 0
vt 0.684374 0.281015 0
vt 0.687209 0.280828 0
vt 0.687268 0.280968 0
vt 0.684374 0.281015 0
vt 0.687209 0.280828 0
vt 0.687554 0.284081 0
vt 0.688962 0.284114 0
vt 0.688567 0.28586 0
vt 0.687554 0.284081 0
vt 0.688567 0.28586 0
vt 0.687163 0.285812 0
vt 0.687554 0.284081 0
vt 0.688567 0.28586 0
vt 0.688962 0.284114 0
vt 0.68872 0.28353 0
vt 0.688324 0.285278 0
vt 0.688962 0.284114 0
vt 0.688324 0.285278 0
vt 0.688567 0.28586 0
vt 0.688962 0.284114 0
vt 0.688324 0.285278 0
vt 0.68872 0.28353 0
vt 0.687308 0.283501 0
vt 0.686915 0.285234 0
vt 0.68872 0.28353 0
vt 0.686915 0.285234 0
vt 0.688324 0.285278 0
vt 0.68872 0.28353 0
vt 0.686915 0.285234 0
vt 0.687308 0.283501 0
vt 0.687554 0.284081 0
vt 0.687163 0.285812 0
vt 0.687308 0.283501 0
vt 0.687163 0.285812 0
vt 0.686915 0.285234 0
vt 0.687308 0.283501 0
vt 0.687163 0.285812 0
vt 0.685889 0.283491 0
vt 0.684498 0.283464 0
vt 0.68412 0.28521 0
vt 0.685889 0.283491 0
vt 0.68412 0.28521 0
vt 0.685508 0.285218 0
vt 0.685889 0.283491 0
vt 0.68412 0.28521 0
vt 0.684498 0.283464 0
vt 0.684753 0.284035 0
vt 0.684376 0.285778 0
vt 0.684498 0.283464 0
vt 0.684376 0.285778 0
vt 0.68412 0.28521 0
vt 0.684498 0.283464 0
vt 0.684376 0.285778 0
vt 0.684753 0.284035 0
vt 0.68614 0.284067 0
vt 0.68576 0.285791 0
vt 0.684753 0.284035 0
vt 0.68576 0.285791 0
vt 0.684376 0.285778 0
vt 0.684753 0.284035 0
vt 0.68576 0.285791 0
vt 0.68614 0.284067 0
vt 0.685889 0.283491 0
vt 0.685508 0.285218 0
vt 0.68614 0.284067 0
vt 0.685508 0.285218 0
vt 0.68576 0.285791 0
vt 0.68614 0.284067 0
vt 0.685508 0.285218 0
vt 0.688324 0.285278 0
vt 0.686915 0.285234 0
vt 0.686732 0.284808 0
vt 0.688324 0.285278 0
vt 0.686732 0.284808 0
vt 0.688145 0.284849 0
vt 0.688324 0.285278 0
vt 0.686732 0.284808 0
vt 0.687163 0.285812 0
vt 0.688567 0.28586 0
vt 0.688745 0.286286 0
vt 0.687163 0.285812 0
vt 0.688745 0.286286 0
vt 0.687343 0.286235 0
vt 0.687163 0.285812 0
vt 0.688745 0.286286 0
vt 0.686915 0.285234 0
vt 0.685508 0.285218 0
vt 0.685322 0.284795 0
vt 0.686915 0.285234 0
vt 0.685322 0.284795 0
vt 0.686732 0.284808 0
vt 0.686915 0.285234 0
vt 0.685322 0.284795 0
vt 0.68576 0.285791 0
vt 0.687163 0.285812 0
vt 0.687343 0.286235 0
vt 0.68576 0.285791 0
vt 0.687343 0.286235 0
vt 0.685943 0.286211 0
vt 0.68576 0.285791 0
vt 0.687343 0.286235 0
vt 0.685508 0.285218 0
vt 0.68412 0.28521 0
vt 0.683931 0.28479 0
vt 0.685508 0.285218 0
vt 0.683931 0.28479 0
vt 0.685322 0.284795 0
vt 0.685508 0.285218 0
vt 0.683931 0.28479 0
vt 0.684376 0.285778 0
vt 0.68576 0.285791 0
vt 0.685943 0.286211 0
vt 0.684376 0.285778 0
vt 0.685943 0.286211 0
vt 0.684562 0.286195 0
vt 0.684376 0.285778 0
vt 0.685943 0.286211 0
vt 0.68363 0.286137 0
vt 0.684562 0.286195 0
vt 0.684264 0.287537 0
vt 0.68363 0.286137 0
vt 0.68363 0.286137 0
vt 0.684376 0.285778 0
vt 0.684562 0.286195 0
vt 0.68363 0.286137 0
vt 0.68363 0.286137 0
vt 0.68412 0.28521 0
vt 0.684376 0.285778 0
vt 0.68363 0.286137 0
vt 0.68363 0.286137 0
vt 0.683931 0.28479 0
vt 0.68412 0.28521 0
vt 0.68363 0.286137 0
vt 0.684264 0.287537 0
vt 0.685513 0.288152 0
vt 0.684889 0.286743 0
vt 0.684264 0.287537 0
vt 0.684889 0.286743 0
vt 0.68363 0.286137 0
vt 0.684264 0.287537 0
vt 0.684889 0.286743 0
vt 0.685513 0.288152 0
vt 0.686902 0.288183 0
vt 0.686287 0.286764 0
vt 0.685513 0.288152 0
vt 0.686287 0.286764 0
vt 0.684889 0.286743 0
vt 0.685513 0.288152 0
vt 0.686287 0.286764 0
vt 0.686902 0.288183 0
vt 0.688439 0.287647 0
vt 0.687837 0.286215 0
vt 0.686902 0.288183 0
vt 0.687837 0.286215 0
vt 0.686287 0.286764 0
vt 0.686902 0.288183 0
vt 0.687837 0.286215 0
vt 0.688145 0.284849 0
vt 0.688439 0.287647 0
vt 0.688324 0.285278 0
vt 0.688145 0.284849 0
vt 0.688439 0.287647 0
vt 0.688567 0.28586 0
vt 0.688324 0.285278 0
vt 0.688439 0.287647 0
vt 0.688439 0.287647 0
vt 0.688745 0.286286 0
vt 0.688567 0.28586 0
vt 0.688439 0.287647 0
vt 0.688145 0.284849 0
vt 0.687837 0.286215 0
vt 0.688439 0.287647 0
vt 0.688145 0.284849 0
vt 0.687308 0.283501 0
vt 0.68872 0.28353 0
vt 0.688962 0.284114 0
vt 0.687308 0.283501 0
vt 0.688962 0.284114 0
vt 0.687554 0.284081 0
vt 0.687308 0.283501 0
vt 0.688962 0.284114 0
vt 0.685508 0.285218 0
vt 0.686915 0.285234 0
vt 0.687163 0.285812 0
vt 0.685508 0.285218 0
vt 0.687163 0.285812 0
vt 0.68576 0.285791 0
vt 0.685508 0.285218 0
vt 0.687163 0.285812 0
vt 0.684498 0.283464 0
vt 0.685889 0.283491 0
vt 0.68614 0.284067 0
vt 0.684498 0.283464 0
vt 0.68614 0.284067 0
vt 0.684753 0.284035 0
vt 0.684498 0.283464 0
vt 0.68614 0.284067 0
vt 0.688439 0.287647 0
vt 0.686902 0.288183 0
vt 0.687343 0.286235 0
vt 0.688439 0.287647 0
vt 0.687343 0.286235 0
vt 0.688745 0.286286 0
vt 0.688439 0.287647 0
vt 0.687343 0.286235 0
vt 0.686902 0.288183 0
vt 0.685513 0.288152 0
vt 0.685943 0.286211 0
vt 0.686902 0.288183 0
vt 0.685943 0.286211 0
vt 0.687343 0.286235 0
vt 0.686902 0.288183 0
vt 0.685943 0.286211 0
vt 0.685513 0.288152 0
vt 0.684264 0.287537 0
vt 0.684562 0.286195 0
vt 0.685513 0.288152 0
vt 0.684562 0.286195 0
vt 0.685943 0.286211 0
vt 0.685513 0.288152 0
vt 0.684562 0.286195 0
vt 0.687837 0.286215 0
vt 0.688145 0.284849 0
vt 0.686732 0.284808 0
vt 0.687837 0.286215 0
vt 0.686732 0.284808 0
vt 0.686287 0.286764 0
vt 0.687837 0.286215 0
vt 0.686732 0.284808 0
vt 0.686287 0.286764 0
vt 0.686732 0.284808 0
vt 0.685322 0.284795 0
vt 0.686287 0.286764 0
vt 0.685322 0.284795 0
vt 0.684889 0.286743 0
vt 0.686287 0.286764 0
vt 0.685322 0.284795 0
vt 0.684889 0.286743 0
vt 0.685322 0.284795 0
vt 0.683931 0.28479 0
vt 0.684889 0.286743 0
vt 0.683931 0.28479 0
vt 0.68363 0.286137 0
vt 0.684889 0.286743 0
vt 0.683931 0.28479 0
vt 0.74473 0.350917 0
vt 0.743556 0.345599 0
vt 0.742129 0.346186 0
vt 0.74473 0.350917 0
vt 0.742129 0.346186 0
vt 0.743315 0.351513 0
vt 0.74473 0.350917 0
vt 0.742129 0.346186 0
vt 0.743556 0.345599 0
vt 0.743562 0.345736 0
vt 0.742165 0.346783 0
vt 0.743556 0.345599 0
vt 0.742165 0.346783 0
vt 0.742129 0.346186 0
vt 0.743556 0.345599 0
vt 0.742165 0.346783 0
vt 0.743562 0.345736 0
vt 0.744736 0.351051 0
vt 0.743346 0.352096 0
vt 0.743562 0.345736 0
vt 0.743346 0.352096 0
vt 0.742165 0.346783 0
vt 0.743562 0.345736 0
vt 0.743346 0.352096 0
vt 0.744736 0.351051 0
vt 0.74473 0.350917 0
vt 0.743315 0.351513 0
vt 0.744736 0.351051 0
vt 0.743315 0.351513 0
vt 0.743346 0.352096 0
vt 0.744736 0.351051 0
vt 0.743315 0.351513 0
vt 0.743315 0.351513 0
vt 0.742129 0.346186 0
vt 0.74161 0.343602 0
vt 0.743315 0.351513 0
vt 0.74161 0.343602 0
vt 0.743811 0.353534 0
vt 0.743315 0.351513 0
vt 0.74161 0.343602 0
vt 0.742129 0.346186 0
vt 0.742165 0.346783 0
vt 0.741687 0.344816 0
vt 0.742129 0.346186 0
vt 0.741687 0.344816 0
vt 0.74161 0.343602 0
vt 0.742129 0.346186 0
vt 0.741687 0.344816 0
vt 0.742165 0.346783 0
vt 0.743346 0.352096 0
vt 0.743867 0.354696 0
vt 0.742165 0.346783 0
vt 0.743867 0.354696 0
vt 0.741687 0.344816 0
vt 0.742165 0.346783 0
vt 0.743867 0.354696 0
vt 0.743346 0.352096 0
vt 0.743315 0.351513 0
vt 0.743811 0.353534 0
vt 0.743346 0.352096 0
vt 0.743811 0.353534 0
vt 0.743867 0.354696 0
vt 0.743346 0.352096 0
vt 0.743811 0.353534 0
vt 0.741925 0.354314 0
vt 0.741781 0.354303 0
vt 0.741849 0.355353 0
vt 0.741925 0.354314 0
vt 0.741849 0.355353 0
vt 0.741994 0.355389 0
vt 0.741925 0.354314 0
vt 0.741849 0.355353 0
vt 0.741994 0.355389 0
vt 0.741849 0.355353 0
vt 0.739856 0.346357 0
vt 0.741994 0.355389 0
vt 0.739856 0.346357 0
vt 0.73995 0.346199 0
vt 0.741994 0.355389 0
vt 0.739856 0.346357 0
vt 0.73995 0.346199 0
vt 0.739856 0.346357 0
vt 0.739771 0.345264 0
vt 0.73995 0.346199 0
vt 0.739771 0.345264 0
vt 0.739863 0.345079 0
vt 0.73995 0.346199 0
vt 0.739771 0.345264 0
vt 0.739863 0.345079 0
vt 0.739771 0.345264 0
vt 0.741781 0.354303 0
vt 0.739863 0.345079 0
vt 0.741781 0.354303 0
vt 0.741925 0.354314 0
vt 0.739863 0.345079 0
vt 0.741781 0.354303 0
vt 0.741677 0.354223 0
vt 0.741617 0.354099 0
vt 0.741681 0.355068 0
vt 0.741677 0.354223 0
vt 0.741681 0.355068 0
vt 0.741745 0.355241 0
vt 0.741677 0.354223 0
vt 0.741681 0.355068 0
vt 0.741745 0.355241 0
vt 0.741681 0.355068 0
vt 0.739822 0.346641 0
vt 0.741745 0.355241 0
vt 0.739822 0.346641 0
vt 0.739824 0.346504 0
vt 0.741745 0.355241 0
vt 0.739822 0.346641 0
vt 0.739824 0.346504 0
vt 0.739822 0.346641 0
vt 0.739743 0.345635 0
vt 0.739824 0.346504 0
vt 0.739743 0.345635 0
vt 0.739741 0.345446 0
vt 0.739824 0.346504 0
vt 0.739743 0.345635 0
vt 0.739741 0.345446 0
vt 0.739743 0.345635 0
vt 0.741617 0.354099 0
vt 0.739741 0.345446 0
vt 0.741617 0.354099 0
vt 0.741677 0.354223 0
vt 0.739741 0.345446 0
vt 0.741617 0.354099 0
vt 0.741781 0.354303 0
vt 0.741677 0.354223 0
vt 0.741745 0.355241 0
vt 0.741781 0.354303 0
vt 0.741745 0.355241 0
vt 0.741849 0.355353 0
vt 0.741781 0.354303 0
vt 0.741745 0.355241 0
vt 0.741849 0.355353 0
vt 0.741745 0.355241 0
vt 0.739824 0.346504 0
vt 0.741849 0.355353 0
vt 0.739824 0.346504 0
vt 0.739856 0.346357 0
vt 0.741849 0.355353 0
vt 0.739824 0.346504 0
vt 0.739856 0.346357 0
vt 0.739824 0.346504 0
vt 0.739741 0.345446 0
vt 0.739856 0.346357 0
vt 0.739741 0.345446 0
vt 0.739771 0.345264 0
vt 0.739856 0.346357 0
vt 0.739741 0.345446 0
vt 0.739771 0.345264 0
vt 0.739741 0.345446 0
vt 0.741677 0.354223 0
vt 0.739771 0.345264 0
vt 0.741677 0.354223 0
vt 0.741781 0.354303 0
vt 0.739771 0.345264 0
vt 0.741677 0.354223 0
vt 0.741925 0.354314 0
vt 0.741994 0.355389 0
vt 0.743867 0.354696 0
vt 0.741925 0.354314 0
vt 0.743867 0.354696 0
vt 0.743811 0.353534 0
vt 0.741925 0.354314 0
vt 0.743867 0.354696 0
vt 0.741994 0.355389 0
vt 0.73995 0.346199 0
vt 0.741687 0.344816 0
vt 0.741994 0.355389 0
vt 0.741687 0.344816 0
vt 0.743867 0.354696 0
vt 0.741994 0.355389 0
vt 0.741687 0.344816 0
vt 0.73995 0.346199 0
vt 0.739863 0.345079 0
vt 0.74161 0.343602 0
vt 0.73995 0.346199 0
vt 0.74161 0.343602 0
vt 0.741687 0.344816 0
vt 0.73995 0.346199 0
vt 0.74161 0.343602 0
vt 0.739863 0.345079 0
vt 0.741925 0.354314 0
vt 0.743811 0.353534 0
vt 0.739863 0.345079 0
vt 0.743811 0.353534 0
vt 0.74161 0.343602 0
vt 0.739863 0.345079 0
vt 0.743811 0.353534 0
vt 0.739822 0.346641 0
vt 0.741681 0.355068 0
vt 0.741617 0.354099 0
vt 0.739822 0.346641 0
vt 0.741617 0.354099 0
vt 0.739743 0.345635 0
vt 0.739822 0.346641 0
vt 0.741617 0.354099 0
vt 0.743562 0.345736 0
vt 0.743556 0.345599 0
vt 0.74473 0.350917 0
vt 0.743562 0.345736 0
vt 0.74473 0.350917 0
vt 0.744736 0.351051 0
vt 0.743562 0.345736 0
vt 0.74473 0.350917 0
vt 0.744101 0.35252 0
vt 0.744641 0.35516 0
vt 0.743245 0.355943 0
vt 0.744101 0.35252 0
vt 0.743245 0.355943 0
vt 0.742695 0.353318 0
vt 0.744101 0.35252 0
vt 0.743245 0.355943 0
vt 0.744641 0.35516 0
vt 0.744617 0.35461 0
vt 0.743216 0.355396 0
vt 0.744641 0.35516 0
vt 0.743216 0.355396 0
vt 0.743245 0.355943 0
vt 0.744641 0.35516 0
vt 0.743216 0.355396 0
vt 0.744617 0.35461 0
vt 0.744075 0.351964 0
vt 0.742663 0.352765 0
vt 0.744617 0.35461 0
vt 0.742663 0.352765 0
vt 0.743216 0.355396 0
vt 0.744617 0.35461 0
vt 0.742663 0.352765 0
vt 0.744075 0.351964 0
vt 0.744101 0.35252 0
vt 0.742695 0.353318 0
vt 0.744075 0.351964 0
vt 0.742695 0.353318 0
vt 0.742663 0.352765 0
vt 0.744075 0.351964 0
vt 0.742695 0.353318 0
vt 0.743543 0.349358 0
vt 0.74299 0.346776 0
vt 0.74158 0.347557 0
vt 0.743543 0.349358 0
vt 0.74158 0.347557 0
vt 0.742132 0.350157 0
vt 0.743543 0.349358 0
vt 0.74158 0.347557 0
vt 0.74299 0.346776 0
vt 0.743021 0.347345 0
vt 0.741616 0.348123 0
vt 0.74299 0.346776 0
vt 0.741616 0.348123 0
vt 0.74158 0.347557 0
vt 0.74299 0.346776 0
vt 0.741616 0.348123 0
vt 0.743021 0.347345 0
vt 0.743571 0.349921 0
vt 0.742166 0.350717 0
vt 0.743021 0.347345 0
vt 0.742166 0.350717 0
vt 0.741616 0.348123 0
vt 0.743021 0.347345 0
vt 0.742166 0.350717 0
vt 0.743571 0.349921 0
vt 0.743543 0.349358 0
vt 0.742132 0.350157 0
vt 0.743571 0.349921 0
vt 0.742132 0.350157 0
vt 0.742166 0.350717 0
vt 0.743571 0.349921 0
vt 0.742132 0.350157 0
vt 0.743216 0.355396 0
vt 0.742663 0.352765 0
vt 0.74264 0.352355 0
vt 0.743216 0.355396 0
vt 0.74264 0.352355 0
vt 0.743194 0.354992 0
vt 0.743216 0.355396 0
vt 0.74264 0.352355 0
vt 0.742695 0.353318 0
vt 0.743245 0.355943 0
vt 0.743267 0.356342 0
vt 0.742695 0.353318 0
vt 0.743267 0.356342 0
vt 0.742719 0.353723 0
vt 0.742695 0.353318 0
vt 0.743267 0.356342 0
vt 0.742663 0.352765 0
vt 0.742132 0.350157 0
vt 0.742106 0.349742 0
vt 0.742663 0.352765 0
vt 0.742106 0.349742 0
vt 0.74264 0.352355 0
vt 0.742663 0.352765 0
vt 0.742106 0.349742 0
vt 0.742166 0.350717 0
vt 0.742695 0.353318 0
vt 0.742719 0.353723 0
vt 0.742166 0.350717 0
vt 0.742719 0.353723 0
vt 0.742191 0.351126 0
vt 0.742166 0.350717 0
vt 0.742719 0.353723 0
vt 0.742132 0.350157 0
vt 0.74158 0.347557 0
vt 0.741553 0.347138 0
vt 0.742132 0.350157 0
vt 0.741553 0.347138 0
vt 0.742106 0.349742 0
vt 0.742132 0.350157 0
vt 0.741553 0.347138 0
vt 0.741616 0.348123 0
vt 0.742166 0.350717 0
vt 0.742191 0.351126 0
vt 0.741616 0.348123 0
vt 0.742191 0.351126 0
vt 0.741643 0.348537 0
vt 0.741616 0.348123 0
vt 0.742191 0.351126 0
vt 0.740466 0.34777 0
vt 0.741643 0.348537 0
vt 0.740569 0.349164 0
vt 0.740466 0.34777 0
vt 0.740466 0.34777 0
vt 0.741616 0.348123 0
vt 0.741643 0.348537 0
vt 0.740466 0.34777 0
vt 0.740466 0.34777 0
vt 0.74158 0.347557 0
vt 0.741616 0.348123 0
vt 0.740466 0.34777 0
vt 0.740466 0.34777 0
vt 0.741553 0.347138 0
vt 0.74158 0.347557 0
vt 0.740466 0.34777 0
vt 0.740569 0.349164 0
vt 0.740619 0.352004 0
vt 0.740518 0.350628 0
vt 0.740569 0.349164 0
vt 0.740518 0.350628 0
vt 0.740466 0.34777 0
vt 0.740569 0.349164 0
vt 0.740518 0.350628 0
vt 0.740619 0.352004 0
vt 0.741167 0.354602 0
vt 0.741071 0.353242 0
vt 0.740619 0.352004 0
vt 0.741071 0.353242 0
vt 0.740518 0.350628 0
vt 0.740619 0.352004 0
vt 0.741071 0.353242 0
vt 0.741167 0.354602 0
vt 0.742191 0.356957 0
vt 0.742106 0.355612 0
vt 0.741167 0.354602 0
vt 0.742106 0.355612 0
vt 0.741071 0.353242 0
vt 0.741167 0.354602 0
vt 0.742106 0.355612 0
vt 0.743194 0.354992 0
vt 0.742191 0.356957 0
vt 0.743216 0.355396 0
vt 0.743194 0.354992 0
vt 0.742191 0.356957 0
vt 0.743245 0.355943 0
vt 0.743216 0.355396 0
vt 0.742191 0.356957 0
vt 0.742191 0.356957 0
vt 0.743267 0.356342 0
vt 0.743245 0.355943 0
vt 0.742191 0.356957 0
vt 0.743194 0.354992 0
vt 0.742106 0.355612 0
vt 0.742191 0.356957 0
vt 0.743194 0.354992 0
vt 0.744075 0.351964 0
vt 0.744617 0.35461 0
vt 0.744641 0.35516 0
vt 0.744075 0.351964 0
vt 0.744641 0.35516 0
vt 0.744101 0.35252 0
vt 0.744075 0.351964 0
vt 0.744641 0.35516 0
vt 0.742132 0.350157 0
vt 0.742663 0.352765 0
vt 0.742695 0.353318 0
vt 0.742132 0.350157 0
vt 0.742695 0.353318 0
vt 0.742166 0.350717 0
vt 0.742132 0.350157 0
vt 0.742695 0.353318 0
vt 0.74299 0.346776 0
vt 0.743543 0.349358 0
vt 0.743571 0.349921 0
vt 0.74299 0.346776 0
vt 0.743571 0.349921 0
vt 0.743021 0.347345 0
vt 0.74299 0.346776 0
vt 0.743571 0.349921 0
vt 0.742191 0.356957 0
vt 0.741167 0.354602 0
vt 0.742719 0.353723 0
vt 0.742191 0.356957 0
vt 0.742719 0.353723 0
vt 0.743267 0.356342 0
vt 0.742191 0.356957 0
vt 0.742719 0.353723 0
vt 0.741167 0.354602 0
vt 0.740619 0.352004 0
vt 0.742191 0.351126 0
vt 0.741167 0.354602 0
vt 0.742191 0.351126 0
vt 0.742719 0.353723 0
vt 0.741167 0.354602 0
vt 0.742191 0.351126 0
vt 0.740619 0.352004 0
vt 0.740569 0.349164 0
vt 0.741643 0.348537 0
vt 0.740619 0.352004 0
vt 0.741643 0.348537 0
vt 0.742191 0.351126 0
vt 0.740619 0.352004 0
vt 0.741643 0.348537 0
vt 0.742106 0.355612 0
vt 0.743194 0.354992 0
vt 0.74264 0.352355 0
vt 0.742106 0.355612 0
vt 0.74264 0.352355 0
vt 0.741071 0.353242 0
vt 0.742106 0.355612 0
vt 0.74264 0.352355 0
vt 0.741071 0.353242 0
vt 0.74264 0.352355 0
vt 0.742106 0.349742 0
vt 0.741071 0.353242 0
vt 0.742106 0.349742 0
vt 0.740518 0.350628 0
vt 0.741071 0.353242 0
vt 0.742106 0.349742 0
vt 0.740518 0.350628 0
vt 0.742106 0.349742 0
vt 0.741553 0.347138 0
vt 0.740518 0.350628 0
vt 0.741553 0.347138 0
vt 0.740466 0.34777 0
vt 0.740518 0.350628 0
vt 0.741553 0.347138 0
vt 0.707438 0.286484 0
vt 0.704625 0.284996 0
vt 0.703811 0.286435 0
vt 0.707438 0.286484 0
vt 0.703811 0.286435 0
vt 0.706621 0.287914 0
vt 0.707438 0.286484 0
vt 0.703811 0.286435 0
vt 0.704625 0.284996 0
vt 0.70467 0.285146 0
vt 0.704011 0.287086 0
vt 0.704625 0.284996 0
vt 0.704011 0.287086 0
vt 0.703811 0.286435 0
vt 0.704625 0.284996 0
vt 0.704011 0.287086 0
vt 0.70467 0.285146 0
vt 0.707481 0.286635 0
vt 0.706809 0.28857 0
vt 0.70467 0.285146 0
vt 0.706809 0.28857 0
vt 0.704011 0.287086 0
vt 0.70467 0.285146 0
vt 0.706809 0.28857 0
vt 0.707481 0.286635 0
vt 0.707438 0.286484 0
vt 0.706621 0.287914 0
vt 0.707481 0.286635 0
vt 0.706621 0.287914 0
vt 0.706809 0.28857 0
vt 0.707481 0.286635 0
vt 0.706621 0.287914 0
vt 0.706621 0.287914 0
vt 0.703811 0.286435 0
vt 0.702502 0.285489 0
vt 0.706621 0.287914 0
vt 0.702502 0.285489 0
vt 0.707747 0.288256 0
vt 0.706621 0.287914 0
vt 0.702502 0.285489 0
vt 0.703811 0.286435 0
vt 0.704011 0.287086 0
vt 0.702913 0.286796 0
vt 0.703811 0.286435 0
vt 0.702913 0.286796 0
vt 0.702502 0.285489 0
vt 0.703811 0.286435 0
vt 0.702913 0.286796 0
vt 0.704011 0.287086 0
vt 0.706809 0.28857 0
vt 0.708117 0.289582 0
vt 0.704011 0.287086 0
vt 0.708117 0.289582 0
vt 0.702913 0.286796 0
vt 0.704011 0.287086 0
vt 0.708117 0.289582 0
vt 0.706809 0.28857 0
vt 0.706621 0.287914 0
vt 0.707747 0.288256 0
vt 0.706809 0.28857 0
vt 0.707747 0.288256 0
vt 0.708117 0.289582 0
vt 0.706809 0.28857 0
vt 0.707747 0.288256 0
vt 0.706615 0.290427 0
vt 0.706513 0.290538 0
vt 0.706858 0.291732 0
vt 0.706615 0.290427 0
vt 0.706858 0.291732 0
vt 0.706967 0.29165 0
vt 0.706615 0.290427 0
vt 0.706858 0.291732 0
vt 0.706967 0.29165 0
vt 0.706858 0.291732 0
vt 0.702129 0.28916 0
vt 0.706967 0.29165 0
vt 0.702129 0.28916 0
vt 0.702151 0.289029 0
vt 0.706967 0.29165 0
vt 0.702129 0.28916 0
vt 0.702151 0.289029 0
vt 0.702129 0.28916 0
vt 0.701751 0.287982 0
vt 0.702151 0.289029 0
vt 0.701751 0.287982 0
vt 0.701764 0.287822 0
vt 0.702151 0.289029 0
vt 0.701751 0.287982 0
vt 0.701764 0.287822 0
vt 0.701751 0.287982 0
vt 0.706513 0.290538 0
vt 0.701764 0.287822 0
vt 0.706513 0.290538 0
vt 0.706615 0.290427 0
vt 0.701764 0.287822 0
vt 0.706513 0.290538 0
vt 0.706403 0.290601 0
vt 0.706314 0.290642 0
vt 0.706633 0.291743 0
vt 0.706403 0.290601 0
vt 0.706633 0.291743 0
vt 0.706738 0.291757 0
vt 0.706403 0.290601 0
vt 0.706633 0.291743 0
vt 0.706738 0.291757 0
vt 0.706633 0.291743 0
vt 0.702209 0.289345 0
vt 0.706738 0.291757 0
vt 0.702209 0.289345 0
vt 0.702152 0.289281 0
vt 0.706738 0.291757 0
vt 0.702209 0.289345 0
vt 0.702152 0.289281 0
vt 0.702209 0.289345 0
vt 0.701861 0.288259 0
vt 0.702152 0.289281 0
vt 0.701861 0.288259 0
vt 0.701785 0.28814 0
vt 0.702152 0.289281 0
vt 0.701861 0.288259 0
vt 0.701785 0.28814 0
vt 0.701861 0.288259 0
vt 0.706314 0.290642 0
vt 0.701785 0.28814 0
vt 0.706314 0.290642 0
vt 0.706403 0.290601 0
vt 0.701785 0.28814 0
vt 0.706314 0.290642 0
vt 0.706513 0.290538 0
vt 0.706403 0.290601 0
vt 0.706738 0.291757 0
vt 0.706513 0.290538 0
vt 0.706738 0.291757 0
vt 0.706858 0.291732 0
vt 0.706513 0.290538 0
vt 0.706738 0.291757 0
vt 0.706858 0.291732 0
vt 0.706738 0.291757 0
vt 0.702152 0.289281 0
vt 0.706858 0.291732 0
vt 0.702152 0.289281 0
vt 0.702129 0.28916 0
vt 0.706858 0.291732 0
vt 0.702152 0.289281 0
vt 0.702129 0.28916 0
vt 0.702152 0.289281 0
vt 0.701785 0.28814 0
vt 0.702129 0.28916 0
vt 0.701785 0.28814 0
vt 0.701751 0.287982 0
vt 0.702129 0.28916 0
vt 0.701785 0.28814 0
vt 0.701751 0.287982 0
vt 0.701785 0.28814 0
vt 0.706403 0.290601 0
vt 0.701751 0.287982 0
vt 0.706403 0.290601 0
vt 0.706513 0.290538 0
vt 0.701751 0.287982 0
vt 0.706403 0.290601 0
vt 0.706615 0.290427 0
vt 0.706967 0.29165 0
vt 0.708117 0.289582 0
vt 0.706615 0.290427 0
vt 0.708117 0.289582 0
vt 0.707747 0.288256 0
vt 0.706615 0.290427 0
vt 0.708117 0.289582 0
vt 0.706967 0.29165 0
vt 0.702151 0.289029 0
vt 0.702913 0.286796 0
vt 0.706967 0.29165 0
vt 0.702913 0.286796 0
vt 0.708117 0.289582 0
vt 0.706967 0.29165 0
vt 0.702913 0.286796 0
vt 0.702151 0.289029 0
vt 0.701764 0.287822 0
vt 0.702502 0.285489 0
vt 0.702151 0.289029 0
vt 0.702502 0.285489 0
vt 0.702913 0.286796 0
vt 0.702151 0.289029 0
vt 0.702502 0.285489 0
vt 0.701764 0.287822 0
vt 0.706615 0.290427 0
vt 0.707747 0.288256 0
vt 0.701764 0.287822 0
vt 0.707747 0.288256 0
vt 0.702502 0.285489 0
vt 0.701764 0.287822 0
vt 0.707747 0.288256 0
vt 0.702209 0.289345 0
vt 0.706633 0.291743 0
vt 0.706314 0.290642 0
vt 0.702209 0.289345 0
vt 0.706314 0.290642 0
vt 0.701861 0.288259 0
vt 0.702209 0.289345 0
vt 0.706314 0.290642 0
vt 0.70467 0.285146 0
vt 0.704625 0.284996 0
vt 0.707438 0.286484 0
vt 0.70467 0.285146 0
vt 0.707438 0.286484 0
vt 0.707481 0.286635 0
vt 0.70467 0.285146 0
vt 0.707438 0.286484 0
vt 0.70735 0.289601 0
vt 0.70871 0.290377 0
vt 0.707939 0.292074 0
vt 0.70735 0.289601 0
vt 0.707939 0.292074 0
vt 0.706601 0.291278 0
vt 0.70735 0.289601 0
vt 0.707939 0.292074 0
vt 0.70871 0.290377 0
vt 0.708537 0.289748 0
vt 0.707763 0.291449 0
vt 0.70871 0.290377 0
vt 0.707763 0.291449 0
vt 0.707939 0.292074 0
vt 0.70871 0.290377 0
vt 0.707763 0.291449 0
vt 0.708537 0.289748 0
vt 0.707172 0.288974 0
vt 0.706421 0.290655 0
vt 0.708537 0.289748 0
vt 0.706421 0.290655 0
vt 0.707763 0.291449 0
vt 0.708537 0.289748 0
vt 0.706421 0.290655 0
vt 0.707172 0.288974 0
vt 0.70735 0.289601 0
vt 0.706601 0.291278 0
vt 0.707172 0.288974 0
vt 0.706601 0.291278 0
vt 0.706421 0.290655 0
vt 0.707172 0.288974 0
vt 0.706601 0.291278 0
vt 0.705832 0.288176 0
vt 0.704499 0.287433 0
vt 0.703736 0.289124 0
vt 0.705832 0.288176 0
vt 0.703736 0.289124 0
vt 0.705066 0.289871 0
vt 0.705832 0.288176 0
vt 0.703736 0.289124 0
vt 0.704499 0.287433 0
vt 0.704687 0.288055 0
vt 0.703927 0.289743 0
vt 0.704499 0.287433 0
vt 0.703927 0.289743 0
vt 0.703736 0.289124 0
vt 0.704499 0.287433 0
vt 0.703927 0.289743 0
vt 0.704687 0.288055 0
vt 0.706015 0.288801 0
vt 0.705252 0.290492 0
vt 0.704687 0.288055 0
vt 0.705252 0.290492 0
vt 0.703927 0.289743 0
vt 0.704687 0.288055 0
vt 0.705252 0.290492 0
vt 0.706015 0.288801 0
vt 0.705832 0.288176 0
vt 0.705066 0.289871 0
vt 0.706015 0.288801 0
vt 0.705066 0.289871 0
vt 0.705252 0.290492 0
vt 0.706015 0.288801 0
vt 0.705066 0.289871 0
vt 0.707763 0.291449 0
vt 0.706421 0.290655 0
vt 0.706287 0.290194 0
vt 0.707763 0.291449 0
vt 0.706287 0.290194 0
vt 0.707633 0.290987 0
vt 0.707763 0.291449 0
vt 0.706287 0.290194 0
vt 0.706601 0.291278 0
vt 0.707939 0.292074 0
vt 0.708067 0.292532 0
vt 0.706601 0.291278 0
vt 0.708067 0.292532 0
vt 0.706733 0.291735 0
vt 0.706601 0.291278 0
vt 0.708067 0.292532 0
vt 0.706421 0.290655 0
vt 0.705066 0.289871 0
vt 0.704928 0.289412 0
vt 0.706421 0.290655 0
vt 0.704928 0.289412 0
vt 0.706287 0.290194 0
vt 0.706421 0.290655 0
vt 0.704928 0.289412 0
vt 0.705252 0.290492 0
vt 0.706601 0.291278 0
vt 0.706733 0.291735 0
vt 0.705252 0.290492 0
vt 0.706733 0.291735 0
vt 0.705387 0.290947 0
vt 0.705252 0.290492 0
vt 0.706733 0.291735 0
vt 0.705066 0.289871 0
vt 0.703736 0.289124 0
vt 0.703595 0.288667 0
vt 0.705066 0.289871 0
vt 0.703595 0.288667 0
vt 0.704928 0.289412 0
vt 0.705066 0.289871 0
vt 0.703595 0.288667 0
vt 0.703927 0.289743 0
vt 0.705252 0.290492 0
vt 0.705387 0.290947 0
vt 0.703927 0.289743 0
vt 0.705387 0.290947 0
vt 0.704066 0.290197 0
vt 0.703927 0.289743 0
vt 0.705387 0.290947 0
vt 0.70303 0.28996 0
vt 0.704066 0.290197 0
vt 0.703506 0.291482 0
vt 0.70303 0.28996 0
vt 0.70303 0.28996 0
vt 0.703927 0.289743 0
vt 0.704066 0.290197 0
vt 0.70303 0.28996 0
vt 0.70303 0.28996 0
vt 0.703736 0.289124 0
vt 0.703927 0.289743 0
vt 0.70303 0.28996 0
vt 0.70303 0.28996 0
vt 0.703595 0.288667 0
vt 0.703736 0.289124 0
vt 0.70303 0.28996 0
vt 0.703506 0.291482 0
vt 0.704571 0.29285 0
vt 0.704105 0.291325 0
vt 0.703506 0.291482 0
vt 0.704105 0.291325 0
vt 0.70303 0.28996 0
vt 0.703506 0.291482 0
vt 0.704105 0.291325 0
vt 0.704571 0.29285 0
vt 0.705895 0.293634 0
vt 0.705441 0.292103 0
vt 0.704571 0.29285 0
vt 0.705441 0.292103 0
vt 0.704105 0.291325 0
vt 0.704571 0.29285 0
vt 0.705441 0.292103 0
vt 0.705895 0.293634 0
vt 0.707499 0.293851 0
vt 0.707059 0.292312 0
vt 0.705895 0.293634 0
vt 0.707059 0.292312 0
vt 0.705441 0.292103 0
vt 0.705895 0.293634 0
vt 0.707059 0.292312 0
vt 0.707633 0.290987 0
vt 0.707499 0.293851 0
vt 0.707763 0.291449 0
vt 0.707633 0.290987 0
vt 0.707499 0.293851 0
vt 0.707939 0.292074 0
vt 0.707763 0.291449 0
vt 0.707499 0.293851 0
vt 0.707499 0.293851 0
vt 0.708067 0.292532 0
vt 0.707939 0.292074 0
vt 0.707499 0.293851 0
vt 0.707633 0.290987 0
vt 0.707059 0.292312 0
vt 0.707499 0.293851 0
vt 0.707633 0.290987 0
vt 0.707172 0.288974 0
vt 0.708537 0.289748 0
vt 0.70871 0.290377 0
vt 0.707172 0.288974 0
vt 0.70871 0.290377 0
vt 0.70735 0.289601 0
vt 0.707172 0.288974 0
vt 0.70871 0.290377 0
vt 0.705066 0.289871 0
vt 0.706421 0.290655 0
vt 0.706601 0.291278 0
vt 0.705066 0.289871 0
vt 0.706601 0.291278 0
vt 0.705252 0.290492 0
vt 0.705066 0.289871 0
vt 0.706601 0.291278 0
vt 0.704499 0.287433 0
vt 0.705832 0.288176 0
vt 0.706015 0.288801 0
vt 0.704499 0.287433 0
vt 0.706015 0.288801 0
vt 0.704687 0.288055 0
vt 0.704499 0.287433 0
vt 0.706015 0.288801 0
vt 0.707499 0.293851 0
vt 0.705895 0.293634 0
vt 0.706733 0.291735 0
vt 0.707499 0.293851 0
vt 0.706733 0.291735 0
vt 0.708067 0.292532 0
vt 0.707499 0.293851 0
vt 0.706733 0.291735 0
vt 0.705895 0.293634 0
vt 0.704571 0.29285 0
vt 0.705387 0.290947 0
vt 0.705895 0.293634 0
vt 0.705387 0.290947 0
vt 0.706733 0.291735 0
vt 0.705895 0.293634 0
vt 0.705387 0.290947 0
vt 0.704571 0.29285 0
vt 0.703506 0.291482 0
vt 0.704066 0.290197 0
vt 0.704571 0.29285 0
vt 0.704066 0.290197 0
vt 0.705387 0.290947 0
vt 0.704571 0.29285 0
vt 0.704066 0.290197 0
vt 0.707059 0.292312 0
vt 0.707633 0.290987 0
vt 0.706287 0.290194 0
vt 0.707059 0.292312 0
vt 0.706287 0.290194 0
vt 0.705441 0.292103 0
vt 0.707059 0.292312 0
vt 0.706287 0.290194 0
vt 0.705441 0.292103 0
vt 0.706287 0.290194 0
vt 0.704928 0.289412 0
vt 0.705441 0.292103 0
vt 0.704928 0.289412 0
vt 0.704105 0.291325 0
vt 0.705441 0.292103 0
vt 0.704928 0.289412 0
vt 0.704105 0.291325 0
vt 0.704928 0.289412 0
vt 0.703595 0.288667 0
vt 0.704105 0.291325 0
vt 0.703595 0.288667 0
vt 0.70303 0.28996 0
vt 0.704105 0.291325 0
vt 0.703595 0.288667 0
vt 0.733597 0.319984 0
vt 0.734506 0.322008 0
vt 0.733254 0.323248 0
vt 0.733597 0.319984 0
vt 0.733254 0.323248 0
vt 0.732356 0.32122 0
vt 0.733597 0.319984 0
vt 0.733254 0.323248 0
vt 0.734506 0.322008 0
vt 0.734439 0.321388 0
vt 0.733181 0.322632 0
vt 0.734506 0.322008 0
vt 0.733181 0.322632 0
vt 0.733254 0.323248 0
vt 0.734506 0.322008 0
vt 0.733181 0.322632 0
vt 0.734439 0.321388 0
vt 0.733526 0.319361 0
vt 0.73228 0.320601 0
vt 0.734439 0.321388 0
vt 0.73228 0.320601 0
vt 0.733181 0.322632 0
vt 0.734439 0.321388 0
vt 0.73228 0.320601 0
vt 0.733526 0.319361 0
vt 0.733597 0.319984 0
vt 0.732356 0.32122 0
vt 0.733526 0.319361 0
vt 0.732356 0.32122 0
vt 0.73228 0.320601 0
vt 0.733526 0.319361 0
vt 0.732356 0.32122 0
vt 0.732624 0.31737 0
vt 0.731703 0.315419 0
vt 0.730461 0.316625 0
vt 0.732624 0.31737 0
vt 0.730461 0.316625 0
vt 0.73138 0.318607 0
vt 0.732624 0.31737 0
vt 0.730461 0.316625 0
vt 0.731703 0.315419 0
vt 0.731782 0.316047 0
vt 0.730545 0.31725 0
vt 0.731703 0.315419 0
vt 0.730545 0.31725 0
vt 0.730461 0.316625 0
vt 0.731703 0.315419 0
vt 0.730545 0.31725 0
vt 0.731782 0.316047 0
vt 0.732699 0.317996 0
vt 0.73146 0.31923 0
vt 0.731782 0.316047 0
vt 0.73146 0.31923 0
vt 0.730545 0.31725 0
vt 0.731782 0.316047 0
vt 0.73146 0.31923 0
vt 0.732699 0.317996 0
vt 0.732624 0.31737 0
vt 0.73138 0.318607 0
vt 0.732699 0.317996 0
vt 0.73138 0.318607 0
vt 0.73146 0.31923 0
vt 0.732699 0.317996 0
vt 0.73138 0.318607 0
vt 0.733181 0.322632 0
vt 0.73228 0.320601 0
vt 0.732223 0.320143 0
vt 0.733181 0.322632 0
vt 0.732223 0.320143 0
vt 0.733127 0.322176 0
vt 0.733181 0.322632 0
vt 0.732223 0.320143 0
vt 0.732356 0.32122 0
vt 0.733254 0.323248 0
vt 0.733307 0.323699 0
vt 0.732356 0.32122 0
vt 0.733307 0.323699 0
vt 0.732412 0.321674 0
vt 0.732356 0.32122 0
vt 0.733307 0.323699 0
vt 0.73228 0.320601 0
vt 0.73138 0.318607 0
vt 0.73132 0.318147 0
vt 0.73228 0.320601 0
vt 0.73132 0.318147 0
vt 0.732223 0.320143 0
vt 0.73228 0.320601 0
vt 0.73132 0.318147 0
vt 0.73146 0.31923 0
vt 0.732356 0.32122 0
vt 0.732412 0.321674 0
vt 0.73146 0.31923 0
vt 0.732412 0.321674 0
vt 0.731519 0.319685 0
vt 0.73146 0.31923 0
vt 0.732412 0.321674 0
vt 0.73138 0.318607 0
vt 0.730461 0.316625 0
vt 0.730398 0.316163 0
vt 0.73138 0.318607 0
vt 0.730398 0.316163 0
vt 0.73132 0.318147 0
vt 0.73138 0.318607 0
vt 0.730398 0.316163 0
vt 0.730545 0.31725 0
vt 0.73146 0.31923 0
vt 0.731519 0.319685 0
vt 0.730545 0.31725 0
vt 0.731519 0.319685 0
vt 0.730606 0.317708 0
vt 0.730545 0.31725 0
vt 0.731519 0.319685 0
vt 0.729447 0.317148 0
vt 0.730606 0.317708 0
vt 0.729665 0.318686 0
vt 0.729447 0.317148 0
vt 0.729447 0.317148 0
vt 0.730545 0.31725 0
vt 0.730606 0.317708 0
vt 0.729447 0.317148 0
vt 0.729447 0.317148 0
vt 0.730461 0.316625 0
vt 0.730545 0.31725 0
vt 0.729447 0.317148 0
vt 0.729447 0.317148 0
vt 0.730398 0.316163 0
vt 0.730461 0.316625 0
vt 0.729447 0.317148 0
vt 0.729665 0.318686 0
vt 0.730136 0.321076 0
vt 0.729922 0.319548 0
vt 0.729665 0.318686 0
vt 0.729922 0.319548 0
vt 0.729447 0.317148 0
vt 0.729665 0.318686 0
vt 0.729922 0.319548 0
vt 0.730136 0.321076 0
vt 0.731027 0.323068 0
vt 0.730823 0.321546 0
vt 0.730136 0.321076 0
vt 0.730823 0.321546 0
vt 0.729922 0.319548 0
vt 0.730136 0.321076 0
vt 0.730823 0.321546 0
vt 0.731027 0.323068 0
vt 0.732362 0.324655 0
vt 0.732172 0.323138 0
vt 0.731027 0.323068 0
vt 0.732172 0.323138 0
vt 0.730823 0.321546 0
vt 0.731027 0.323068 0
vt 0.732172 0.323138 0
vt 0.733127 0.322176 0
vt 0.732362 0.324655 0
vt 0.733181 0.322632 0
vt 0.733127 0.322176 0
vt 0.732362 0.324655 0
vt 0.733254 0.323248 0
vt 0.733181 0.322632 0
vt 0.732362 0.324655 0
vt 0.732362 0.324655 0
vt 0.733307 0.323699 0
vt 0.733254 0.323248 0
vt 0.732362 0.324655 0
vt 0.733127 0.322176 0
vt 0.732172 0.323138 0
vt 0.732362 0.324655 0
vt 0.733127 0.322176 0
vt 0.733526 0.319361 0
vt 0.734439 0.321388 0
vt 0.734506 0.322008 0
vt 0.733526 0.319361 0
vt 0.734506 0.322008 0
vt 0.733597 0.319984 0
vt 0.733526 0.319361 0
vt 0.734506 0.322008 0
vt 0.73138 0.318607 0
vt 0.73228 0.320601 0
vt 0.732356 0.32122 0
vt 0.73138 0.318607 0
vt 0.732356 0.32122 0
vt 0.73146 0.31923 0
vt 0.73138 0.318607 0
vt 0.732356 0.32122 0
vt 0.731703 0.315419 0
vt 0.732624 0.31737 0
vt 0.732699 0.317996 0
vt 0.731703 0.315419 0
vt 0.732699 0.317996 0
vt 0.731782 0.316047 0
vt 0.731703 0.315419 0
vt 0.732699 0.317996 0
vt 0.732362 0.324655 0
vt 0.731027 0.323068 0
vt 0.732412 0.321674 0
vt 0.732362 0.324655 0
vt 0.732412 0.321674 0
vt 0.733307 0.323699 0
vt 0.732362 0.324655 0
vt 0.732412 0.321674 0
vt 0.731027 0.323068 0
vt 0.730136 0.321076 0
vt 0.731519 0.319685 0
vt 0.731027 0.323068 0
vt 0.731519 0.319685 0
vt 0.732412 0.321674 0
vt 0.731027 0.323068 0
vt 0.731519 0.319685 0
vt 0.730136 0.321076 0
vt 0.729665 0.318686 0
vt 0.730606 0.317708 0
vt 0.730136 0.321076 0
vt 0.730606 0.317708 0
vt 0.731519 0.319685 0
vt 0.730136 0.321076 0
vt 0.730606 0.317708 0
vt 0.732172 0.323138 0
vt 0.733127 0.322176 0
vt 0.732223 0.320143 0
vt 0.732172 0.323138 0
vt 0.732223 0.320143 0
vt 0.730823 0.321546 0
vt 0.732172 0.323138 0
vt 0.732223 0.320143 0
vt 0.730823 0.321546 0
vt 0.732223 0.320143 0
vt 0.73132 0.318147 0
vt 0.730823 0.321546 0
vt 0.73132 0.318147 0
vt 0.729922 0.319548 0
vt 0.730823 0.321546 0
vt 0.73132 0.318147 0
vt 0.729922 0.319548 0
vt 0.73132 0.318147 0
vt 0.730398 0.316163 0
vt 0.729922 0.319548 0
vt 0.730398 0.316163 0
vt 0.729447 0.317148 0
vt 0.729922 0.319548 0
vt 0.730398 0.316163 0
vt 0.734133 0.317625 0
vt 0.732208 0.313608 0
vt 0.730932 0.314624 0
vt 0.734133 0.317625 0
vt 0.730932 0.314624 0
vt 0.732857 0.318634 0
vt 0.734133 0.317625 0
vt 0.730932 0.314624 0
vt 0.732208 0.313608 0
vt 0.732227 0.313759 0
vt 0.731019 0.315283 0
vt 0.732208 0.313608 0
vt 0.731019 0.315283 0
vt 0.730932 0.314624 0
vt 0.732208 0.313608 0
vt 0.731019 0.315283 0
vt 0.732227 0.313759 0
vt 0.73415 0.317775 0
vt 0.732935 0.319287 0
vt 0.732227 0.313759 0
vt 0.732935 0.319287 0
vt 0.731019 0.315283 0
vt 0.732227 0.313759 0
vt 0.732935 0.319287 0
vt 0.73415 0.317775 0
vt 0.734133 0.317625 0
vt 0.732857 0.318634 0
vt 0.73415 0.317775 0
vt 0.732857 0.318634 0
vt 0.732935 0.319287 0
vt 0.73415 0.317775 0
vt 0.732857 0.318634 0
vt 0.732857 0.318634 0
vt 0.730932 0.314624 0
vt 0.730064 0.312563 0
vt 0.732857 0.318634 0
vt 0.730064 0.312563 0
vt 0.733664 0.320076 0
vt 0.732857 0.318634 0
vt 0.730064 0.312563 0
vt 0.730932 0.314624 0
vt 0.731019 0.315283 0
vt 0.730245 0.313895 0
vt 0.730932 0.314624 0
vt 0.730245 0.313895 0
vt 0.730064 0.312563 0
vt 0.730932 0.314624 0
vt 0.730245 0.313895 0
vt 0.731019 0.315283 0
vt 0.732935 0.319287 0
vt 0.733813 0.321386 0
vt 0.731019 0.315283 0
vt 0.733813 0.321386 0
vt 0.730245 0.313895 0
vt 0.731019 0.315283 0
vt 0.733813 0.321386 0
vt 0.732935 0.319287 0
vt 0.732857 0.318634 0
vt 0.733664 0.320076 0
vt 0.732935 0.319287 0
vt 0.733664 0.320076 0
vt 0.733813 0.321386 0
vt 0.732935 0.319287 0
vt 0.733664 0.320076 0
vt 0.731935 0.321481 0
vt 0.731803 0.321513 0
vt 0.731954 0.322695 0
vt 0.731935 0.321481 0
vt 0.731954 0.322695 0
vt 0.732088 0.322691 0
vt 0.731935 0.321481 0
vt 0.731954 0.322695 0
vt 0.732088 0.322691 0
vt 0.731954 0.322695 0
vt 0.728709 0.315899 0
vt 0.732088 0.322691 0
vt 0.728709 0.315899 0
vt 0.728782 0.315727 0
vt 0.732088 0.322691 0
vt 0.728709 0.315899 0
vt 0.728782 0.315727 0
vt 0.728709 0.315899 0
vt 0.728533 0.3147 0
vt 0.728782 0.315727 0
vt 0.728533 0.3147 0
vt 0.728602 0.314499 0
vt 0.728782 0.315727 0
vt 0.728533 0.3147 0
vt 0.728602 0.314499 0
vt 0.728533 0.3147 0
vt 0.731803 0.321513 0
vt 0.728602 0.314499 0
vt 0.731803 0.321513 0
vt 0.731935 0.321481 0
vt 0.728602 0.314499 0
vt 0.731803 0.321513 0
vt 0.731703 0.321498 0
vt 0.731613 0.321461 0
vt 0.731753 0.322551 0
vt 0.731703 0.321498 0
vt 0.731753 0.322551 0
vt 0.731849 0.322643 0
vt 0.731703 0.321498 0
vt 0.731753 0.322551 0
vt 0.731849 0.322643 0
vt 0.731753 0.322551 0
vt 0.728703 0.31617 0
vt 0.731849 0.322643 0
vt 0.728703 0.31617 0
vt 0.728686 0.316027 0
vt 0.731849 0.322643 0
vt 0.728703 0.31617 0
vt 0.728686 0.316027 0
vt 0.728703 0.31617 0
vt 0.72854 0.315065 0
vt 0.728686 0.316027 0
vt 0.72854 0.315065 0
vt 0.728515 0.314866 0
vt 0.728686 0.316027 0
vt 0.72854 0.315065 0
vt 0.728515 0.314866 0
vt 0.72854 0.315065 0
vt 0.731613 0.321461 0
vt 0.728515 0.314866 0
vt 0.731613 0.321461 0
vt 0.731703 0.321498 0
vt 0.728515 0.314866 0
vt 0.731613 0.321461 0
vt 0.731803 0.321513 0
vt 0.731703 0.321498 0
vt 0.731849 0.322643 0
vt 0.731803 0.321513 0
vt 0.731849 0.322643 0
vt 0.731954 0.322695 0
vt 0.731803 0.321513 0
vt 0.731849 0.322643 0
vt 0.731954 0.322695 0
vt 0.731849 0.322643 0
vt 0.728686 0.316027 0
vt 0.731954 0.322695 0
vt 0.728686 0.316027 0
vt 0.728709 0.315899 0
vt 0.731954 0.322695 0
vt 0.728686 0.316027 0
vt 0.728709 0.315899 0
vt 0.728686 0.316027 0
vt 0.728515 0.314866 0
vt 0.728709 0.315899 0
vt 0.728515 0.314866 0
vt 0.728533 0.3147 0
vt 0.728709 0.315899 0
vt 0.728515 0.314866 0
vt 0.728533 0.3147 0
vt 0.728515 0.314866 0
vt 0.731703 0.321498 0
vt 0.728533 0.3147 0
vt 0.731703 0.321498 0
vt 0.731803 0.321513 0
vt 0.728533 0.3147 0
vt 0.731703 0.321498 0
vt 0.731935 0.321481 0
vt 0.732088 0.322691 0
vt 0.733813 0.321386 0
vt 0.731935 0.321481 0
vt 0.733813 0.321386 0
vt 0.733664 0.320076 0
vt 0.731935 0.321481 0
vt 0.733813 0.321386 0
vt 0.732088 0.322691 0
vt 0.728782 0.315727 0
vt 0.730245 0.313895 0
vt 0.732088 0.322691 0
vt 0.730245 0.313895 0
vt 0.733813 0.321386 0
vt 0.732088 0.322691 0
vt 0.730245 0.313895 0
vt 0.728782 0.315727 0
vt 0.728602 0.314499 0
vt 0.730064 0.312563 0
vt 0.728782 0.315727 0
vt 0.730064 0.312563 0
vt 0.730245 0.313895 0
vt 0.728782 0.315727 0
vt 0.730064 0.312563 0
vt 0.728602 0.314499 0
vt 0.731935 0.321481 0
vt 0.733664 0.320076 0
vt 0.728602 0.314499 0
vt 0.733664 0.320076 0
vt 0.730064 0.312563 0
vt 0.728602 0.314499 0
vt 0.733664 0.320076 0
vt 0.728703 0.31617 0
vt 0.731753 0.322551 0
vt 0.731613 0.321461 0
vt 0.728703 0.31617 0
vt 0.731613 0.321461 0
vt 0.72854 0.315065 0
vt 0.728703 0.31617 0
vt 0.731613 0.321461 0
vt 0.732227 0.313759 0
vt 0.732208 0.313608 0
vt 0.734133 0.317625 0
vt 0.732227 0.313759 0
vt 0.734133 0.317625 0
vt 0.73415 0.317775 0
vt 0.732227 0.313759 0
vt 0.734133 0.317625 0
vt 0.748987 0.361791 0
vt 0.748072 0.356157 0
vt 0.251909 0.357399 0
vt 0.748987 0.361791 0
vt 0.251909 0.357399 0
vt 0.251003 0.362997 0
vt 0.748987 0.361791 0
vt 0.251909 0.357399 0
vt 0.748072 0.356157 0
vt 0.745204 0.357439 0
vt 0.254748 0.358672 0
vt 0.748072 0.356157 0
vt 0.254748 0.358672 0
vt 0.251909 0.357399 0
vt 0.748072 0.356157 0
vt 0.254748 0.358672 0
vt 0.745204 0.357439 0
vt 0.746119 0.363079 0
vt 0.253843 0.364277 0
vt 0.745204 0.357439 0
vt 0.253843 0.364277 0
vt 0.254748 0.358672 0
vt 0.745204 0.357439 0
vt 0.253843 0.364277 0
vt 0.746119 0.363079 0
vt 0.748987 0.361791 0
vt 0.251003 0.362997 0
vt 0.746119 0.363079 0
vt 0.251003 0.362997 0
vt 0.253843 0.364277 0
vt 0.746119 0.363079 0
vt 0.251003 0.362997 0
vt 0.745204 0.357439 0
vt 0.748072 0.356157 0
vt 0.748987 0.361791 0
vt 0.745204 0.357439 0
vt 0.748987 0.361791 0
vt 0.746119 0.363079 0
vt 0.745204 0.357439 0
vt 0.748987 0.361791 0
vt 0.254748 0.358672 0
vt 0.253843 0.364277 0
vt 0.251003 0.362997 0
vt 0.254748 0.358672 0
vt 0.251003 0.362997 0
vt 0.251909 0.357399 0
vt 0.254748 0.358672 0
vt 0.251003 0.362997 0
vt 0.683353 0.279606 0
vt 0.680459 0.279992 0
vt 0.318935 0.281273 0
vt 0.683353 0.279606 0
vt 0.318935 0.281273 0
vt 0.31606 0.280908 0
vt 0.683353 0.279606 0
vt 0.318935 0.281273 0
vt 0.680459 0.279992 0
vt 0.679894 0.283374 0
vt 0.319496 0.284645 0
vt 0.680459 0.279992 0
vt 0.319496 0.284645 0
vt 0.318935 0.281273 0
vt 0.680459 0.279992 0
vt 0.319496 0.284645 0
vt 0.679894 0.283374 0
vt 0.682762 0.283018 0
vt 0.316647 0.28431 0
vt 0.679894 0.283374 0
vt 0.316647 0.28431 0
vt 0.319496 0.284645 0
vt 0.679894 0.283374 0
vt 0.316647 0.28431 0
vt 0.682762 0.283018 0
vt 0.683353 0.279606 0
vt 0.31606 0.280908 0
vt 0.682762 0.283018 0
vt 0.31606 0.280908 0
vt 0.316647 0.28431 0
vt 0.682762 0.283018 0
vt 0.31606 0.280908 0
vt 0.679894 0.283374 0
vt 0.680459 0.279992 0
vt 0.683353 0.279606 0
vt 0.679894 0.283374 0
vt 0.683353 0.279606 0
vt 0.682762 0.283018 0
vt 0.679894 0.283374 0
vt 0.683353 0.279606 0
vt 0.319496 0.284645 0
vt 0.316647 0.28431 0
vt 0.31606 0.280908 0
vt 0.319496 0.284645 0
vt 0.31606 0.280908 0
vt 0.318935 0.281273 0
vt 0.319496 0.284645 0
vt 0.31606 0.280908 0
vt 0.368319 0.322311 0
vt 0.368654 0.322313 0
vt 0.631485 0.322449 0
vt 0.368319 0.322311 0
vt 0.631485 0.322449 0
vt 0.63182 0.322447 0
vt 0.368319 0.322311 0
vt 0.631485 0.322449 0
vt 0.63182 0.313092 0
vt 0.631485 0.313641 0
vt 0.368654 0.313502 0
vt 0.63182 0.313092 0
vt 0.368654 0.313502 0
vt 0.368319 0.312953 0
vt 0.63182 0.313092 0
vt 0.368654 0.313502 0
vt 0.364359 0.309661 0
vt 0.364007 0.309643 0
vt 0.636131 0.309791 0
vt 0.364359 0.309661 0
vt 0.636131 0.309791 0
vt 0.63578 0.309809 0
vt 0.364359 0.309661 0
vt 0.636131 0.309791 0
vt 0.63578 0.319248 0
vt 0.636131 0.318693 0
vt 0.364007 0.318548 0
vt 0.63578 0.319248 0
vt 0.364007 0.318548 0
vt 0.364359 0.319104 0
vt 0.63578 0.319248 0
vt 0.364007 0.318548 0
vt 0.368907 0.322028 0
vt 0.369041 0.321489 0
vt 0.631098 0.321624 0
vt 0.368907 0.322028 0
vt 0.631098 0.321624 0
vt 0.631232 0.322164 0
vt 0.368907 0.322028 0
vt 0.631098 0.321624 0
vt 0.631232 0.314334 0
vt 0.631098 0.315091 0
vt 0.369041 0.314953 0
vt 0.631232 0.314334 0
vt 0.369041 0.314953 0
vt 0.368907 0.314196 0
vt 0.631232 0.314334 0
vt 0.369041 0.314953 0
vt 0.363734 0.309906 0
vt 0.363586 0.310438 0
vt 0.636552 0.310586 0
vt 0.363734 0.309906 0
vt 0.636552 0.310586 0
vt 0.636404 0.310055 0
vt 0.363734 0.309906 0
vt 0.636552 0.310586 0
vt 0.636404 0.317976 0
vt 0.636552 0.3172 0
vt 0.363586 0.317054 0
vt 0.636404 0.317976 0
vt 0.363586 0.317054 0
vt 0.363734 0.317831 0
vt 0.636404 0.317976 0
vt 0.363586 0.317054 0
vt 0.368654 0.322313 0
vt 0.368907 0.322028 0
vt 0.631232 0.322164 0
vt 0.368654 0.322313 0
vt 0.631232 0.322164 0
vt 0.631485 0.322449 0
vt 0.368654 0.322313 0
vt 0.631232 0.322164 0
vt 0.631485 0.313641 0
vt 0.631232 0.314334 0
vt 0.368907 0.314196 0
vt 0.631485 0.313641 0
vt 0.368907 0.314196 0
vt 0.368654 0.313502 0
vt 0.631485 0.313641 0
vt 0.368907 0.314196 0
vt 0.364007 0.309643 0
vt 0.363734 0.309906 0
vt 0.636404 0.310055 0
vt 0.364007 0.309643 0
vt 0.636404 0.310055 0
vt 0.636131 0.309791 0
vt 0.364007 0.309643 0
vt 0.636404 0.310055 0
vt 0.636131 0.318693 0
vt 0.636404 0.317976 0
vt 0.363734 0.317831 0
vt 0.636131 0.318693 0
vt 0.363734 0.317831 0
vt 0.364007 0.318548 0
vt 0.636131 0.318693 0
vt 0.363734 0.317831 0
vt 0.368319 0.312953 0
vt 0.364359 0.309661 0
vt 0.63578 0.309809 0
vt 0.368319 0.312953 0
vt 0.63578 0.309809 0
vt 0.63182 0.313092 0
vt 0.368319 0.312953 0
vt 0.63578 0.309809 0
vt 0.636552 0.3172 0
vt 0.636404 0.317976 0
vt 0.636552 0.310586 0
vt 0.636552 0.3172 0
vt 0.636404 0.317976 0
vt 0.63578 0.319248 0
vt 0.636552 0.310586 0
vt 0.636404 0.317976 0
vt 0.63578 0.319248 0
vt 0.63182 0.313092 0
vt 0.636552 0.310586 0
vt 0.63578 0.319248 0
vt 0.63182 0.313092 0
vt 0.636131 0.309791 0
vt 0.636552 0.310586 0
vt 0.63182 0.313092 0
vt 0.636131 0.309791 0
vt 0.636404 0.310055 0
vt 0.636552 0.310586 0
vt 0.636131 0.309791 0
vt 0.63182 0.313092 0
vt 0.63578 0.309809 0
vt 0.636131 0.309791 0
vt 0.63182 0.313092 0
vt 0.63578 0.319248 0
vt 0.631098 0.321624 0
vt 0.63182 0.313092 0
vt 0.63578 0.319248 0
vt 0.631098 0.321624 0
vt 0.631232 0.314334 0
vt 0.63182 0.313092 0
vt 0.631098 0.321624 0
vt 0.631232 0.314334 0
vt 0.631485 0.313641 0
vt 0.63182 0.313092 0
vt 0.631232 0.314334 0
vt 0.631098 0.321624 0
vt 0.631098 0.315091 0
vt 0.631232 0.314334 0
vt 0.631098 0.321624 0
vt 0.63578 0.319248 0
vt 0.631485 0.322449 0
vt 0.631098 0.321624 0
vt 0.63578 0.319248 0
vt 0.631485 0.322449 0
vt 0.631232 0.322164 0
vt 0.631098 0.321624 0
vt 0.631485 0.322449 0
vt 0.63578 0.319248 0
vt 0.63182 0.322447 0
vt 0.631485 0.322449 0
vt 0.63578 0.319248 0
vt 0.636404 0.317976 0
vt 0.636131 0.318693 0
vt 0.63578 0.319248 0
vt 0.636404 0.317976 0
vt 0.63182 0.322447 0
vt 0.63578 0.319248 0
vt 0.364359 0.319104 0
vt 0.63182 0.322447 0
vt 0.364359 0.319104 0
vt 0.368319 0.322311 0
vt 0.63182 0.322447 0
vt 0.364359 0.319104 0
vt 0.363586 0.310438 0
vt 0.363734 0.309906 0
vt 0.363586 0.317054 0
vt 0.363586 0.310438 0
vt 0.363734 0.309906 0
vt 0.364359 0.309661 0
vt 0.363586 0.317054 0
vt 0.363734 0.309906 0
vt 0.364359 0.309661 0
vt 0.368319 0.322311 0
vt 0.363586 0.317054 0
vt 0.364359 0.309661 0
vt 0.368319 0.322311 0
vt 0.364007 0.318548 0
vt 0.363586 0.317054 0
vt 0.368319 0.322311 0
vt 0.364007 0.318548 0
vt 0.363734 0.317831 0
vt 0.363586 0.317054 0
vt 0.364007 0.318548 0
vt 0.368319 0.322311 0
vt 0.364359 0.319104 0
vt 0.364007 0.318548 0
vt 0.368319 0.322311 0
vt 0.364359 0.309661 0
vt 0.369041 0.314953 0
vt 0.368319 0.322311 0
vt 0.364359 0.309661 0
vt 0.369041 0.314953 0
vt 0.368907 0.322028 0
vt 0.368319 0.322311 0
vt 0.369041 0.314953 0
vt 0.368907 0.322028 0
vt 0.368654 0.322313 0
vt 0.368319 0.322311 0
vt 0.368907 0.322028 0
vt 0.369041 0.314953 0
vt 0.369041 0.321489 0
vt 0.368907 0.322028 0
vt 0.369041 0.314953 0
vt 0.364359 0.309661 0
vt 0.368654 0.313502 0
vt 0.369041 0.314953 0
vt 0.364359 0.309661 0
vt 0.368654 0.313502 0
vt 0.368907 0.314196 0
vt 0.369041 0.314953 0
vt 0.368654 0.313502 0
vt 0.364359 0.309661 0
vt 0.368319 0.312953 0
vt 0.368654 0.313502 0
vt 0.364359 0.309661 0
vt 0.363734 0.309906 0
vt 0.364007 0.309643 0
vt 0.364359 0.309661 0
vt 0.363734 0.309906 0
vt 0.631098 0.321624 0
vt 0.369041 0.321489 0
vt 0.369041 0.314953 0
vt 0.631098 0.321624 0
vt 0.369041 0.314953 0
vt 0.631098 0.315091 0
vt 0.631098 0.321624 0
vt 0.369041 0.314953 0
vt 0.636552 0.3172 0
vt 0.636552 0.310586 0
vt 0.363586 0.310438 0
vt 0.636552 0.3172 0
vt 0.363586 0.310438 0
vt 0.363586 0.317054 0
vt 0.636552 0.3172 0
vt 0.363586 0.310438 0
vt 0.255253 0.513758 0
vt 0.255871 0.513258 0
vt 0.744139 0.513235 0
vt 0.255253 0.513758 0
vt 0.744139 0.513235 0
vt 0.744756 0.513734 0
vt 0.255253 0.513758 0
vt 0.744139 0.513235 0
vt 0.744756 0.495818 0
vt 0.744139 0.496316 0
vt 0.255871 0.49631 0
vt 0.744756 0.495818 0
vt 0.255871 0.49631 0
vt 0.255253 0.495811 0
vt 0.744756 0.495818 0
vt 0.255871 0.49631 0
vt 0.248119 0.495809 0
vt 1.24749 0.496308 0
vt 0.24749 0.496308 0
vt 0.752506 0.496314 0
vt 1.248119 0.495809 0
vt 0.248119 0.495809 0
vt 0.752506 0.496314 0
vt 0.751878 0.495816 0
vt 1.248119 0.495809 0
vt 0.752506 0.496314 0
vt 0.751878 0.51374 0
vt 0.752506 0.513242 0
vt 1.24749 0.513265 0
vt 0.751878 0.51374 0
vt 0.24749 0.513265 0
vt 1.248119 0.513764 0
vt 0.248119 0.513764 0
vt 0.751878 0.51374 0
vt 1.24749 0.513265 0
vt 0.24749 0.513265 0
vt 0.256359 0.51232 0
vt 0.256609 0.511085 0
vt 0.743403 0.511065 0
vt 0.256359 0.51232 0
vt 0.743403 0.511065 0
vt 0.743652 0.512299 0
vt 0.256359 0.51232 0
vt 0.743403 0.511065 0
vt 0.743652 0.497252 0
vt 0.743403 0.498487 0
vt 0.256609 0.498484 0
vt 0.743652 0.497252 0
vt 0.256609 0.498484 0
vt 0.256359 0.497248 0
vt 0.743652 0.497252 0
vt 0.256609 0.498484 0
vt 0.247021 0.497246 0
vt 1.246772 0.498483 0
vt 0.246772 0.498483 0
vt 0.753233 0.498486 0
vt 1.247021 0.497246 0
vt 0.247021 0.497246 0
vt 0.753233 0.498486 0
vt 0.752974 0.497251 0
vt 1.247021 0.497246 0
vt 0.753233 0.498486 0
vt 0.752974 0.512306 0
vt 0.753233 0.511073 0
vt 1.246772 0.511092 0
vt 0.752974 0.512306 0
vt 0.246772 0.511092 0
vt 1.247021 0.512328 0
vt 0.247021 0.512328 0
vt 0.752974 0.512306 0
vt 1.246772 0.511092 0
vt 0.246772 0.511092 0
vt 0.255871 0.513258 0
vt 0.256359 0.51232 0
vt 0.743652 0.512299 0
vt 0.255871 0.513258 0
vt 0.743652 0.512299 0
vt 0.744139 0.513235 0
vt 0.255871 0.513258 0
vt 0.743652 0.512299 0
vt 0.744139 0.496316 0
vt 0.743652 0.497252 0
vt 0.256359 0.497248 0
vt 0.744139 0.496316 0
vt 0.256359 0.497248 0
vt 0.255871 0.49631 0
vt 0.744139 0.496316 0
vt 0.256359 0.497248 0
vt 0.24749 0.496308 0
vt 1.247021 0.497246 0
vt 0.247021 0.497246 0
vt 0.752974 0.497251 0
vt 1.24749 0.496308 0
vt 0.24749 0.496308 0
vt 0.752974 0.497251 0
vt 0.752506 0.496314 0
vt 1.24749 0.496308 0
vt 0.752974 0.497251 0
vt 0.752506 0.513242 0
vt 0.752974 0.512306 0
vt 1.247021 0.512328 0
vt 0.752506 0.513242 0
vt 0.247021 0.512328 0
vt 1.24749 0.513265 0
vt 0.24749 0.513265 0
vt 0.752506 0.513242 0
vt 1.247021 0.512328 0
vt 0.247021 0.512328 0
vt 0.255253 0.495811 0
vt 1.248119 0.495809 0
vt 0.248119 0.495809 0
vt 0.751878 0.495816 0
vt 1.255253 0.495811 0
vt 0.255253 0.495811 0
vt 0.751878 0.495816 0
vt 0.744756 0.495818 0
vt 0.255253 0.495811 0
vt 0.751878 0.495816 0
vt 0.753233 0.511073 0
vt 0.752974 0.512306 0
vt 0.753233 0.498486 0
vt 0.753233 0.511073 0
vt 0.752974 0.512306 0
vt 0.751878 0.51374 0
vt 0.753233 0.498486 0
vt 0.752974 0.512306 0
vt 0.751878 0.51374 0
vt 0.744756 0.495818 0
vt 0.753233 0.498486 0
vt 0.751878 0.51374 0
vt 0.744756 0.495818 0
vt 0.752506 0.496314 0
vt 0.753233 0.498486 0
vt 0.744756 0.495818 0
vt 0.752506 0.496314 0
vt 0.752974 0.497251 0
vt 0.753233 0.498486 0
vt 0.752506 0.496314 0
vt 0.744756 0.495818 0
vt 0.751878 0.495816 0
vt 0.752506 0.496314 0
vt 0.744756 0.495818 0
vt 0.751878 0.51374 0
vt 0.743403 0.511065 0
vt 0.744756 0.495818 0
vt 0.751878 0.51374 0
vt 0.743403 0.511065 0
vt 0.743652 0.497252 0
vt 0.744756 0.495818 0
vt 0.743403 0.511065 0
vt 0.743652 0.497252 0
vt 0.744139 0.496316 0
vt 0.744756 0.495818 0
vt 0.743652 0.497252 0
vt 0.743403 0.511065 0
vt 0.743403 0.498487 0
vt 0.743652 0.497252 0
vt 0.743403 0.511065 0
vt 0.751878 0.51374 0
vt 0.744139 0.513235 0
vt 0.743403 0.511065 0
vt 0.751878 0.51374 0
vt 0.744139 0.513235 0
vt 0.743652 0.512299 0
vt 0.743403 0.511065 0
vt 0.744139 0.513235 0
vt 0.751878 0.51374 0
vt 0.744756 0.513734 0
vt 0.744139 0.513235 0
vt 0.751878 0.51374 0
vt 0.752974 0.512306 0
vt 0.752506 0.513242 0
vt 0.751878 0.51374 0
vt 0.752974 0.512306 0
vt 0.744756 0.513734 0
vt 0.751878 0.51374 0
vt 1.248119 0.513764 0
vt 0.744756 0.513734 0
vt 0.248119 0.513764 0
vt 0.255253 0.513758 0
vt 0.744756 0.513734 0
vt 0.248119 0.513764 0
vt 0.246772 0.498483 0
vt 0.247021 0.497246 0
vt 0.246772 0.511092 0
vt 0.246772 0.498483 0
vt 0.247021 0.497246 0
vt 0.248119 0.495809 0
vt 0.246772 0.511092 0
vt 0.247021 0.497246 0
vt 0.248119 0.495809 0
vt 0.255253 0.513758 0
vt 0.246772 0.511092 0
vt 0.248119 0.495809 0
vt 0.255253 0.513758 0
vt 0.24749 0.513265 0
vt 0.246772 0.511092 0
vt 0.255253 0.513758 0
vt 0.24749 0.513265 0
vt 0.247021 0.512328 0
vt 0.246772 0.511092 0
vt 0.24749 0.513265 0
vt 0.255253 0.513758 0
vt 0.248119 0.513764 0
vt 0.24749 0.513265 0
vt 0.255253 0.513758 0
vt 0.248119 0.495809 0
vt 0.256609 0.498484 0
vt 0.255253 0.513758 0
vt 0.248119 0.495809 0
vt 0.256609 0.498484 0
vt 0.256359 0.51232 0
vt 0.255253 0.513758 0
vt 0.256609 0.498484 0
vt 0.256359 0.51232 0
vt 0.255871 0.513258 0
vt 0.255253 0.513758 0
vt 0.256359 0.51232 0
vt 0.256609 0.498484 0
vt 0.256609 0.511085 0
vt 0.256359 0.51232 0
vt 0.256609 0.498484 0
vt 0.248119 0.495809 0
vt 0.255871 0.49631 0
vt 0.256609 0.498484 0
vt 0.248119 0.495809 0
vt 0.255871 0.49631 0
vt 0.256359 0.497248 0
vt 0.256609 0.498484 0
vt 0.255871 0.49631 0
vt 0.248119 0.495809 0
vt 0.255253 0.495811 0
vt 0.255871 0.49631 0
vt 0.248119 0.495809 0
vt 0.247021 0.497246 0
vt 0.24749 0.496308 0
vt 0.248119 0.495809 0
vt 0.247021 0.497246 0
vt 0.743403 0.511065 0
vt 0.256609 0.511085 0
vt 0.256609 0.498484 0
vt 0.743403 0.511065 0
vt 0.256609 0.498484 0
vt 0.743403 0.498487 0
vt 0.743403 0.511065 0
vt 0.256609 0.498484 0
vt 0.753233 0.511073 0
vt 0.753233 0.498486 0
vt 1.246772 0.498483 0
vt 0.753233 0.511073 0
vt 0.246772 0.498483 0
vt 1.246772 0.511092 0
vt 0.246772 0.511092 0
vt 0.753233 0.511073 0
vt 1.246772 0.498483 0
vt 0.246772 0.498483 0
vt 0.280122 0.294088 0
vt 0.719874 0.294069 0
vt 0.719723 0.29445 0
vt 0.280122 0.294088 0
vt 0.719723 0.29445 0
vt 0.280273 0.294469 0
vt 0.280122 0.294088 0
vt 0.719723 0.29445 0
vt 0.719874 0.294069 0
vt 0.714055 0.288717 0
vt 0.713906 0.289079 0
vt 0.719874 0.294069 0
vt 0.713906 0.289079 0
vt 0.719723 0.29445 0
vt 0.719874 0.294069 0
vt 0.713906 0.289079 0
vt 0.714055 0.288717 0
vt 0.706318 0.283763 0
vt 0.706192 0.284127 0
vt 0.714055 0.288717 0
vt 0.706192 0.284127 0
vt 0.713906 0.289079 0
vt 0.714055 0.288717 0
vt 0.706192 0.284127 0
vt 0.706318 0.283763 0
vt 0.698289 0.280615 0
vt 0.698138 0.28096 0
vt 0.706318 0.283763 0
vt 0.698138 0.28096 0
vt 0.706192 0.284127 0
vt 0.706318 0.283763 0
vt 0.698138 0.28096 0
vt 0.698289 0.280615 0
vt 0.690106 0.279184 0
vt 0.689962 0.279552 0
vt 0.698289 0.280615 0
vt 0.689962 0.279552 0
vt 0.698138 0.28096 0
vt 0.698289 0.280615 0
vt 0.689962 0.279552 0
vt 0.690106 0.279184 0
vt 0.683523 0.279354 0
vt 0.683392 0.279717 0
vt 0.690106 0.279184 0
vt 0.683392 0.279717 0
vt 0.689962 0.279552 0
vt 0.690106 0.279184 0
vt 0.683392 0.279717 0
vt 0.316469 0.279371 0
vt 0.309887 0.279202 0
vt 0.310031 0.279569 0
vt 0.316469 0.279371 0
vt 0.310031 0.279569 0
vt 0.3166 0.279734 0
vt 0.316469 0.279371 0
vt 0.310031 0.279569 0
vt 0.309887 0.279202 0
vt 0.301705 0.280633 0
vt 0.301855 0.280978 0
vt 0.309887 0.279202 0
vt 0.301855 0.280978 0
vt 0.310031 0.279569 0
vt 0.309887 0.279202 0
vt 0.301855 0.280978 0
vt 0.301705 0.280633 0
vt 0.293677 0.283782 0
vt 0.293803 0.284146 0
vt 0.301705 0.280633 0
vt 0.293803 0.284146 0
vt 0.301855 0.280978 0
vt 0.301705 0.280633 0
vt 0.293803 0.284146 0
vt 0.293677 0.283782 0
vt 0.285941 0.288736 0
vt 0.28609 0.289099 0
vt 0.293677 0.283782 0
vt 0.28609 0.289099 0
vt 0.293803 0.284146 0
vt 0.293677 0.283782 0
vt 0.28609 0.289099 0
vt 0.285941 0.288736 0
vt 0.280122 0.294088 0
vt 0.280273 0.294469 0
vt 0.285941 0.288736 0
vt 0.280273 0.294469 0
vt 0.28609 0.289099 0
vt 0.285941 0.288736 0
vt 0.280273 0.294469 0
vt 0.280273 0.294469 0
vt 0.719723 0.29445 0
vt 0.72154 0.297693 0
vt 0.280273 0.294469 0
vt 0.72154 0.297693 0
vt 0.27846 0.297693 0
vt 0.280273 0.294469 0
vt 0.72154 0.297693 0
vt 0.719723 0.29445 0
vt 0.713906 0.289079 0
vt 0.714341 0.290916 0
vt 0.719723 0.29445 0
vt 0.714341 0.290916 0
vt 0.72154 0.297693 0
vt 0.719723 0.29445 0
vt 0.714341 0.290916 0
vt 0.713906 0.289079 0
vt 0.706192 0.284127 0
vt 0.706711 0.285933 0
vt 0.713906 0.289079 0
vt 0.706711 0.285933 0
vt 0.714341 0.290916 0
vt 0.713906 0.289079 0
vt 0.706711 0.285933 0
vt 0.706192 0.284127 0
vt 0.698138 0.28096 0
vt 0.698741 0.282718 0
vt 0.706192 0.284127 0
vt 0.698741 0.282718 0
vt 0.706711 0.285933 0
vt 0.706192 0.284127 0
vt 0.698741 0.282718 0
vt 0.698138 0.28096 0
vt 0.689962 0.279552 0
vt 0.690642 0.281248 0
vt 0.698138 0.28096 0
vt 0.690642 0.281248 0
vt 0.698741 0.282718 0
vt 0.698138 0.28096 0
vt 0.690642 0.281248 0
vt 0.3166 0.279734 0
vt 0.310031 0.279569 0
vt 0.309358 0.281248 0
vt 0.3166 0.279734 0
vt 0.309358 0.281248 0
vt 0.31743 0.281405 0
vt 0.3166 0.279734 0
vt 0.309358 0.281248 0
vt 0.310031 0.279569 0
vt 0.301855 0.280978 0
vt 0.301259 0.282718 0
vt 0.310031 0.279569 0
vt 0.301259 0.282718 0
vt 0.309358 0.281248 0
vt 0.310031 0.279569 0
vt 0.301259 0.282718 0
vt 0.301855 0.280978 0
vt 0.293803 0.284146 0
vt 0.293289 0.285933 0
vt 0.301855 0.280978 0
vt 0.293289 0.285933 0
vt 0.301259 0.282718 0
vt 0.301855 0.280978 0
vt 0.293289 0.285933 0
vt 0.293803 0.284146 0
vt 0.28609 0.289099 0
vt 0.285659 0.290916 0
vt 0.293803 0.284146 0
vt 0.285659 0.290916 0
vt 0.293289 0.285933 0
vt 0.293803 0.284146 0
vt 0.285659 0.290916 0
vt 0.28609 0.289099 0
vt 0.280273 0.294469 0
vt 0.27846 0.297693 0
vt 0.28609 0.289099 0
vt 0.27846 0.297693 0
vt 0.285659 0.290916 0
vt 0.28609 0.289099 0
vt 0.27846 0.297693 0
vt 0.745769 0.351801 0
vt 0.743241 0.339887 0
vt 0.742979 0.340137 0
vt 0.745769 0.351801 0
vt 0.742979 0.340137 0
vt 0.745508 0.352057 0
vt 0.745769 0.351801 0
vt 0.742979 0.340137 0
vt 0.743241 0.339887 0
vt 0.73909 0.326362 0
vt 0.738829 0.326607 0
vt 0.743241 0.339887 0
vt 0.738829 0.326607 0
vt 0.742979 0.340137 0
vt 0.743241 0.339887 0
vt 0.738829 0.326607 0
vt 0.73909 0.326362 0
vt 0.734011 0.314429 0
vt 0.733752 0.314671 0
vt 0.73909 0.326362 0
vt 0.733752 0.314671 0
vt 0.738829 0.326607 0
vt 0.73909 0.326362 0
vt 0.733752 0.314671 0
vt 0.734011 0.314429 0
vt 0.728112 0.304139 0
vt 0.727835 0.304382 0
vt 0.734011 0.314429 0
vt 0.727835 0.304382 0
vt 0.733752 0.314671 0
vt 0.734011 0.314429 0
vt 0.727835 0.304382 0
vt 0.728112 0.304139 0
vt 0.72275 0.297223 0
vt 0.722496 0.297465 0
vt 0.728112 0.304139 0
vt 0.722496 0.297465 0
vt 0.727835 0.304382 0
vt 0.728112 0.304139 0
vt 0.722496 0.297465 0
vt 0.72275 0.297223 0
vt 0.277247 0.297243 0
vt 0.277501 0.297485 0
vt 0.72275 0.297223 0
vt 0.277501 0.297485 0
vt 0.722496 0.297465 0
vt 0.72275 0.297223 0
vt 0.277501 0.297485 0
vt 0.277247 0.297243 0
vt 0.271885 0.304158 0
vt 0.272162 0.304402 0
vt 0.277247 0.297243 0
vt 0.272162 0.304402 0
vt 0.277501 0.297485 0
vt 0.277247 0.297243 0
vt 0.272162 0.304402 0
vt 0.271885 0.304158 0
vt 0.265987 0.314448 0
vt 0.266246 0.31469 0
vt 0.271885 0.304158 0
vt 0.266246 0.31469 0
vt 0.272162 0.304402 0
vt 0.271885 0.304158 0
vt 0.266246 0.31469 0
vt 0.265987 0.314448 0
vt 0.260909 0.32638 0
vt 0.261169 0.326625 0
vt 0.265987 0.314448 0
vt 0.261169 0.326625 0
vt 0.266246 0.31469 0
vt 0.265987 0.314448 0
vt 0.261169 0.326625 0
vt 0.260909 0.32638 0
vt 0.256759 0.339905 0
vt 0.25702 0.340155 0
vt 0.260909 0.32638 0
vt 0.25702 0.340155 0
vt 0.261169 0.326625 0
vt 0.260909 0.32638 0
vt 0.25702 0.340155 0
vt 0.256759 0.339905 0
vt 0.25423 0.351818 0
vt 0.254492 0.352074 0
vt 0.256759 0.339905 0
vt 0.254492 0.352074 0
vt 0.25702 0.340155 0
vt 0.256759 0.339905 0
vt 0.254492 0.352074 0
vt 0.745508 0.352057 0
vt 0.742979 0.340137 0
vt 0.743067 0.341813 0
vt 0.745508 0.352057 0
vt 0.743067 0.341813 0
vt 0.746194 0.35667 0
vt 0.745508 0.352057 0
vt 0.743067 0.341813 0
vt 0.742979 0.340137 0
vt 0.738829 0.326607 0
vt 0.738968 0.328362 0
vt 0.742979 0.340137 0
vt 0.738968 0.328362 0
vt 0.743067 0.341813 0
vt 0.742979 0.340137 0
vt 0.738968 0.328362 0
vt 0.738829 0.326607 0
vt 0.733752 0.314671 0
vt 0.733953 0.316482 0
vt 0.738829 0.326607 0
vt 0.733953 0.316482 0
vt 0.738968 0.328362 0
vt 0.738829 0.326607 0
vt 0.733953 0.316482 0
vt 0.733752 0.314671 0
vt 0.727835 0.304382 0
vt 0.728107 0.306223 0
vt 0.733752 0.314671 0
vt 0.728107 0.306223 0
vt 0.733953 0.316482 0
vt 0.733752 0.314671 0
vt 0.728107 0.306223 0
vt 0.727835 0.304382 0
vt 0.722496 0.297465 0
vt 0.72154 0.297693 0
vt 0.727835 0.304382 0
vt 0.72154 0.297693 0
vt 0.728107 0.306223 0
vt 0.727835 0.304382 0
vt 0.72154 0.297693 0
vt 0.722496 0.297465 0
vt 0.277501 0.297485 0
vt 0.27846 0.297693 0
vt 0.722496 0.297465 0
vt 0.27846 0.297693 0
vt 0.72154 0.297693 0
vt 0.722496 0.297465 0
vt 0.27846 0.297693 0
vt 0.277501 0.297485 0
vt 0.272162 0.304402 0
vt 0.271893 0.306223 0
vt 0.277501 0.297485 0
vt 0.271893 0.306223 0
vt 0.27846 0.297693 0
vt 0.277501 0.297485 0
vt 0.271893 0.306223 0
vt 0.272162 0.304402 0
vt 0.266246 0.31469 0
vt 0.266047 0.316482 0
vt 0.272162 0.304402 0
vt 0.266047 0.316482 0
vt 0.271893 0.306223 0
vt 0.272162 0.304402 0
vt 0.266047 0.316482 0
vt 0.266246 0.31469 0
vt 0.261169 0.326625 0
vt 0.261032 0.328362 0
vt 0.266246 0.31469 0
vt 0.261032 0.328362 0
vt 0.266047 0.316482 0
vt 0.266246 0.31469 0
vt 0.261032 0.328362 0
vt 0.261169 0.326625 0
vt 0.25702 0.340155 0
vt 0.256933 0.341813 0
vt 0.261169 0.326625 0
vt 0.256933 0.341813 0
vt 0.261032 0.328362 0
vt 0.261169 0.326625 0
vt 0.256933 0.341813 0
vt 0.25702 0.340155 0
vt 0.254492 0.352074 0
vt 0.253806 0.35667 0
vt 0.25702 0.340155 0
vt 0.253806 0.35667 0
vt 0.256933 0.341813 0
vt 0.25702 0.340155 0
vt 0.253806 0.35667 0
vt 0.285742 0.288781 0
vt 0.293589 0.283758 0
vt 0.293153 0.282641 0
vt 0.285742 0.288781 0
vt 0.293153 0.282641 0
vt 0.285284 0.287644 0
vt 0.285742 0.288781 0
vt 0.293153 0.282641 0
vt 0.293589 0.283758 0
vt 0.301743 0.280563 0
vt 0.30131 0.279431 0
vt 0.293589 0.283758 0
vt 0.30131 0.279431 0
vt 0.293153 0.282641 0
vt 0.293589 0.283758 0
vt 0.30131 0.279431 0
vt 0.301743 0.280563 0
vt 0.31004 0.279124 0
vt 0.309615 0.277996 0
vt 0.301743 0.280563 0
vt 0.309615 0.277996 0
vt 0.30131 0.279431 0
vt 0.301743 0.280563 0
vt 0.309615 0.277996 0
vt 0.31004 0.279124 0
vt 0.316731 0.279316 0
vt 0.31632 0.278189 0
vt 0.31004 0.279124 0
vt 0.31632 0.278189 0
vt 0.309615 0.277996 0
vt 0.31004 0.279124 0
vt 0.31632 0.278189 0
vt 0.683261 0.279299 0
vt 0.689953 0.279106 0
vt 0.690378 0.277978 0
vt 0.683261 0.279299 0
vt 0.690378 0.277978 0
vt 0.683672 0.278172 0
vt 0.683261 0.279299 0
vt 0.690378 0.277978 0
vt 0.689953 0.279106 0
vt 0.698251 0.280544 0
vt 0.698684 0.279413 0
vt 0.689953 0.279106 0
vt 0.698684 0.279413 0
vt 0.690378 0.277978 0
vt 0.689953 0.279106 0
vt 0.698684 0.279413 0
vt 0.698251 0.280544 0
vt 0.706405 0.283739 0
vt 0.706842 0.282622 0
vt 0.698251 0.280544 0
vt 0.706842 0.282622 0
vt 0.698684 0.279413 0
vt 0.698251 0.280544 0
vt 0.706842 0.282622 0
vt 0.706405 0.283739 0
vt 0.714254 0.288761 0
vt 0.714711 0.287625 0
vt 0.706405 0.283739 0
vt 0.714711 0.287625 0
vt 0.706842 0.282622 0
vt 0.706405 0.283739 0
vt 0.714711 0.287625 0
vt 0.714254 0.288761 0
vt 0.720187 0.294234 0
vt 0.720642 0.293067 0
vt 0.714254 0.288761 0
vt 0.720642 0.293067 0
vt 0.714711 0.287625 0
vt 0.714254 0.288761 0
vt 0.720642 0.293067 0
vt 0.720187 0.294234 0
vt 0.279809 0.294253 0
vt 0.279354 0.293087 0
vt 0.720187 0.294234 0
vt 0.279354 0.293087 0
vt 0.720642 0.293067 0
vt 0.720187 0.294234 0
vt 0.279354 0.293087 0
vt 0.279809 0.294253 0
vt 0.285742 0.288781 0
vt 0.285284 0.287644 0
vt 0.279809 0.294253 0
vt 0.285284 0.287644 0
vt 0.279354 0.293087 0
vt 0.279809 0.294253 0
vt 0.285284 0.287644 0
vt 0.285284 0.287644 0
vt 0.293153 0.282641 0
vt 0.292646 0.284436 0
vt 0.285284 0.287644 0
vt 0.292646 0.284436 0
vt 0.284863 0.28947 0
vt 0.285284 0.287644 0
vt 0.292646 0.284436 0
vt 0.293153 0.282641 0
vt 0.30131 0.279431 0
vt 0.30072 0.281178 0
vt 0.293153 0.282641 0
vt 0.30072 0.281178 0
vt 0.292646 0.284436 0
vt 0.293153 0.282641 0
vt 0.30072 0.281178 0
vt 0.30131 0.279431 0
vt 0.309615 0.277996 0
vt 0.308945 0.279681 0
vt 0.30131 0.279431 0
vt 0.308945 0.279681 0
vt 0.30072 0.281178 0
vt 0.30131 0.279431 0
vt 0.308945 0.279681 0
vt 0.309615 0.277996 0
vt 0.31632 0.278189 0
vt 0.317173 0.279877 0
vt 0.309615 0.277996 0
vt 0.317173 0.279877 0
vt 0.308945 0.279681 0
vt 0.309615 0.277996 0
vt 0.317173 0.279877 0
vt 0.683672 0.278172 0
vt 0.690378 0.277978 0
vt 0.691055 0.279681 0
vt 0.683672 0.278172 0
vt 0.690378 0.277978 0
vt 0.698684 0.279413 0
vt 0.69928 0.281178 0
vt 0.690378 0.277978 0
vt 0.69928 0.281178 0
vt 0.691055 0.279681 0
vt 0.690378 0.277978 0
vt 0.69928 0.281178 0
vt 0.698684 0.279413 0
vt 0.706842 0.282622 0
vt 0.707354 0.284436 0
vt 0.698684 0.279413 0
vt 0.707354 0.284436 0
vt 0.69928 0.281178 0
vt 0.698684 0.279413 0
vt 0.707354 0.284436 0
vt 0.706842 0.282622 0
vt 0.714711 0.287625 0
vt 0.715137 0.28947 0
vt 0.706842 0.282622 0
vt 0.715137 0.28947 0
vt 0.707354 0.284436 0
vt 0.706842 0.282622 0
vt 0.715137 0.28947 0
vt 0.714711 0.287625 0
vt 0.720642 0.293067 0
vt 0.722431 0.296307 0
vt 0.714711 0.287625 0
vt 0.722431 0.296307 0
vt 0.715137 0.28947 0
vt 0.714711 0.287625 0
vt 0.722431 0.296307 0
vt 0.720642 0.293067 0
vt 0.279354 0.293087 0
vt 0.277569 0.296307 0
vt 0.720642 0.293067 0
vt 0.277569 0.296307 0
vt 0.722431 0.296307 0
vt 0.720642 0.293067 0
vt 0.277569 0.296307 0
vt 0.279354 0.293087 0
vt 0.285284 0.287644 0
vt 0.284863 0.28947 0
vt 0.279354 0.293087 0
vt 0.284863 0.28947 0
vt 0.277569 0.296307 0
vt 0.279354 0.293087 0
vt 0.284863 0.28947 0
vt 0.256612 0.340173 0
vt 0.260836 0.326452 0
vt 0.259982 0.325656 0
vt 0.256612 0.340173 0
vt 0.259982 0.325656 0
vt 0.255766 0.339359 0
vt 0.256612 0.340173 0
vt 0.259982 0.325656 0
vt 0.260836 0.326452 0
vt 0.265987 0.314318 0
vt 0.265127 0.313545 0
vt 0.260836 0.326452 0
vt 0.265127 0.313545 0
vt 0.259982 0.325656 0
vt 0.260836 0.326452 0
vt 0.265127 0.313545 0
vt 0.265987 0.314318 0
vt 0.271978 0.303894 0
vt 0.271136 0.30311 0
vt 0.265987 0.314318 0
vt 0.271136 0.30311 0
vt 0.265127 0.313545 0
vt 0.265987 0.314318 0
vt 0.271136 0.30311 0
vt 0.271978 0.303894 0
vt 0.27743 0.296887 0
vt 0.276596 0.296113 0
vt 0.271978 0.303894 0
vt 0.276596 0.296113 0
vt 0.271136 0.30311 0
vt 0.271978 0.303894 0
vt 0.276596 0.296113 0
vt 0.27743 0.296887 0
vt 0.722567 0.296867 0
vt 0.7234 0.296093 0
vt 0.27743 0.296887 0
vt 0.7234 0.296093 0
vt 0.276596 0.296113 0
vt 0.27743 0.296887 0
vt 0.7234 0.296093 0
vt 0.722567 0.296867 0
vt 0.728019 0.303874 0
vt 0.728862 0.303091 0
vt 0.722567 0.296867 0
vt 0.728862 0.303091 0
vt 0.7234 0.296093 0
vt 0.722567 0.296867 0
vt 0.728862 0.303091 0
vt 0.728019 0.303874 0
vt 0.734011 0.314299 0
vt 0.734871 0.313526 0
vt 0.728019 0.303874 0
vt 0.734871 0.313526 0
vt 0.728862 0.303091 0
vt 0.728019 0.303874 0
vt 0.734871 0.313526 0
vt 0.734011 0.314299 0
vt 0.739163 0.326433 0
vt 0.740017 0.325637 0
vt 0.734011 0.314299 0
vt 0.740017 0.325637 0
vt 0.734871 0.313526 0
vt 0.734011 0.314299 0
vt 0.740017 0.325637 0
vt 0.739163 0.326433 0
vt 0.743387 0.340155 0
vt 0.744233 0.339341 0
vt 0.739163 0.326433 0
vt 0.744233 0.339341 0
vt 0.740017 0.325637 0
vt 0.739163 0.326433 0
vt 0.744233 0.339341 0
vt 0.743387 0.340155 0
vt 0.745947 0.352315 0
vt 0.746804 0.351481 0
vt 0.743387 0.340155 0
vt 0.746804 0.351481 0
vt 0.744233 0.339341 0
vt 0.743387 0.340155 0
vt 0.746804 0.351481 0
vt 0.254053 0.352332 0
vt 0.256612 0.340173 0
vt 0.255766 0.339359 0
vt 0.254053 0.352332 0
vt 0.255766 0.339359 0
vt 0.253195 0.351498 0
vt 0.254053 0.352332 0
vt 0.255766 0.339359 0
vt 0.255766 0.339359 0
vt 0.259982 0.325656 0
vt 0.259859 0.3274 0
vt 0.255766 0.339359 0
vt 0.259859 0.3274 0
vt 0.255695 0.341023 0
vt 0.255766 0.339359 0
vt 0.259859 0.3274 0
vt 0.259982 0.325656 0
vt 0.265127 0.313545 0
vt 0.264942 0.315344 0
vt 0.259982 0.325656 0
vt 0.264942 0.315344 0
vt 0.259859 0.3274 0
vt 0.259982 0.325656 0
vt 0.264942 0.315344 0
vt 0.265127 0.313545 0
vt 0.271136 0.30311 0
vt 0.270878 0.30494 0
vt 0.265127 0.313545 0
vt 0.270878 0.30494 0
vt 0.264942 0.315344 0
vt 0.265127 0.313545 0
vt 0.270878 0.30494 0
vt 0.271136 0.30311 0
vt 0.276596 0.296113 0
vt 0.277569 0.296307 0
vt 0.271136 0.30311 0
vt 0.277569 0.296307 0
vt 0.270878 0.30494 0
vt 0.271136 0.30311 0
vt 0.277569 0.296307 0
vt 0.276596 0.296113 0
vt 0.7234 0.296093 0
vt 0.722431 0.296307 0
vt 0.276596 0.296113 0
vt 0.722431 0.296307 0
vt 0.277569 0.296307 0
vt 0.276596 0.296113 0
vt 0.722431 0.296307 0
vt 0.7234 0.296093 0
vt 0.728862 0.303091 0
vt 0.729122 0.30494 0
vt 0.7234 0.296093 0
vt 0.729122 0.30494 0
vt 0.722431 0.296307 0
vt 0.7234 0.296093 0
vt 0.729122 0.30494 0
vt 0.728862 0.303091 0
vt 0.734871 0.313526 0
vt 0.735058 0.315344 0
vt 0.728862 0.303091 0
vt 0.735058 0.315344 0
vt 0.729122 0.30494 0
vt 0.728862 0.303091 0
vt 0.735058 0.315344 0
vt 0.734871 0.313526 0
vt 0.740017 0.325637 0
vt 0.740141 0.3274 0
vt 0.734871 0.313526 0
vt 0.740141 0.3274 0
vt 0.735058 0.315344 0
vt 0.734871 0.313526 0
vt 0.740141 0.3274 0
vt 0.740017 0.325637 0
vt 0.744233 0.339341 0
vt 0.744305 0.341023 0
vt 0.740017 0.325637 0
vt 0.744305 0.341023 0
vt 0.740141 0.3274 0
vt 0.740017 0.325637 0
vt 0.744305 0.341023 0
vt 0.744233 0.339341 0
vt 0.746804 0.351481 0
vt 0.747474 0.356081 0
vt 0.744233 0.339341 0
vt 0.747474 0.356081 0
vt 0.744305 0.341023 0
vt 0.744233 0.339341 0
vt 0.747474 0.356081 0
vt 0.253195 0.351498 0
vt 0.255766 0.339359 0
vt 0.255695 0.341023 0
vt 0.253195 0.351498 0
vt 0.255695 0.341023 0
vt 0.252526 0.356081 0
vt 0.253195 0.351498 0
vt 0.255695 0.341023 0

f 4/4 2/2 1/1 
f 4/4 3/3 2/2 
f 8/8 6/6 5/5 
f 8/8 7/7 6/6 
f 12/12 10/10 9/9 
f 12/12 11/11 10/10 
f 16/16 14/14 13/13 
f 16/16 15/15 14/14 
f 20/20 18/18 17/17 
f 20/20 19/19 18/18 
f 24/24 22/22 21/21 
f 24/24 23/23 22/22 
f 28/28 26/26 25/25 
f 28/28 27/27 26/26 
f 32/32 30/30 29/29 
f 32/32 31/31 30/30 
f 36/36 34/34 33/33 
f 36/36 35/35 34/34 
f 40/40 38/38 37/37 
f 40/40 39/39 38/38 
f 44/44 42/42 41/41 
f 44/44 43/43 42/42 
f 48/48 46/46 45/45 
f 48/48 47/47 46/46 
f 52/52 50/50 49/49 
f 52/52 51/51 50/50 
f 56/56 54/54 53/53 
f 56/56 55/55 54/54 
f 60/60 58/58 57/57 
f 60/60 59/59 58/58 
f 64/64 62/62 61/61 
f 64/64 63/63 62/62 
f 68/68 66/66 65/65 
f 68/68 67/67 66/66 
f 72/72 70/70 69/69 
f 72/72 71/71 70/70 
f 76/76 74/74 73/73 
f 76/76 75/75 74/74 
f 80/80 78/78 77/77 
f 80/80 79/79 78/78 
f 84/84 82/82 81/81 
f 84/84 83/83 82/82 
f 88/88 86/86 85/85 
f 88/88 87/87 86/86 
f 92/92 90/90 89/89 
f 92/92 91/91 90/90 
f 96/96 94/94 93/93 
f 96/96 95/95 94/94 
f 100/100 98/98 97/97 
f 100/100 99/99 98/98 
f 104/104 102/102 101/101 
f 104/104 103/103 102/102 
f 108/108 106/106 105/105 
f 108/108 107/107 106/106 
f 112/112 110/110 109/109 
f 112/112 111/111 110/110 
f 116/116 114/114 113/113 
f 116/116 115/115 114/114 
f 120/120 118/118 117/117 
f 120/120 119/119 118/118 
f 124/124 122/122 121/121 
f 124/124 123/123 122/122 
f 128/128 126/126 125/125 
f 128/128 127/127 126/126 
f 132/132 130/130 129/129 
f 132/132 131/131 130/130 
f 136/136 134/134 133/133 
f 136/136 135/135 134/134 
f 140/140 138/138 137/137 
f 140/140 139/139 138/138 
f 144/144 142/142 141/141 
f 144/144 143/143 142/142 
f 148/148 146/146 145/145 
f 148/148 147/147 146/146 
f 152/152 150/150 149/149 
f 152/152 151/151 150/150 
f 156/156 154/154 153/153 
f 156/156 155/155 154/154 
f 160/160 158/158 157/157 
f 160/160 159/159 158/158 
f 164/164 162/162 161/161 
f 164/164 163/163 162/162 
f 168/168 166/166 165/165 
f 168/168 167/167 166/166 
f 172/172 170/170 169/169 
f 172/172 171/171 170/170 
f 176/176 174/174 173/173 
f 176/176 175/175 174/174 
f 180/180 178/178 177/177 
f 180/180 179/179 178/178 
f 184/184 182/182 181/181 
f 184/184 183/183 182/182 
f 188/188 186/186 185/185 
f 188/188 187/187 186/186 
f 192/192 190/190 189/189 
f 192/192 191/191 190/190 
f 196/196 194/194 193/193 
f 196/196 195/195 194/194 
f 200/200 198/198 197/197 
f 200/200 199/199 198/198 
f 204/204 202/202 201/201 
f 204/204 203/203 202/202 
f 208/208 206/206 205/205 
f 208/208 207/207 206/206 
f 212/212 210/210 209/209 
f 212/212 211/211 210/210 
f 216/216 214/214 213/213 
f 216/216 215/215 214/214 
f 220/220 218/218 217/217 
f 220/220 219/219 218/218 
f 224/224 222/222 221/221 
f 224/224 223/223 222/222 
f 228/228 226/226 225/225 
f 228/228 227/227 226/226 
f 232/232 230/230 229/229 
f 232/232 231/231 230/230 
f 236/236 234/234 233/233 
f 236/236 235/235 234/234 
f 240/240 238/238 237/237 
f 240/240 239/239 238/238 
f 244/244 242/242 241/241 
f 244/244 243/243 242/242 
f 248/248 246/246 245/245 
f 248/248 247/247 246/246 
f 252/252 250/250 249/249 
f 252/252 251/251 250/250 
f 256/256 254/254 253/253 
f 256/256 255/255 254/254 
f 260/260 258/258 257/257 
f 260/260 259/259 258/258 
f 264/264 262/262 261/261 
f 264/264 263/263 262/262 
f 268/268 266/266 265/265 
f 268/268 267/267 266/266 
f 272/272 270/270 269/269 
f 272/272 271/271 270/270 
f 276/276 274/274 273/273 
f 276/276 275/275 274/274 
f 280/280 278/278 277/277 
f 280/280 279/279 278/278 
f 284/284 282/282 281/281 
f 284/284 283/283 282/282 
f 288/288 286/286 285/285 
f 288/288 287/287 286/286 
f 292/292 290/290 289/289 
f 292/292 291/291 290/290 
f 296/296 294/294 293/293 
f 296/296 295/295 294/294 
f 300/300 298/298 297/297 
f 300/300 299/299 298/298 
f 304/304 302/302 301/301 
f 304/304 303/303 302/302 
f 308/308 306/306 305/305 
f 308/308 307/307 306/306 
f 312/312 310/310 309/309 
f 312/312 311/311 310/310 
f 316/316 314/314 313/313 
f 316/316 315/315 314/314 
f 320/320 318/318 317/317 
f 320/320 319/319 318/318 
f 324/324 322/322 321/321 
f 324/324 323/323 322/322 
f 328/328 326/326 325/325 
f 328/328 327/327 326/326 
f 332/332 330/330 329/329 
f 332/332 331/331 330/330 
f 336/336 334/334 333/333 
f 336/336 335/335 334/334 
f 340/340 338/338 337/337 
f 340/340 339/339 338/338 
f 344/344 342/342 341/341 
f 344/344 343/343 342/342 
f 348/348 346/346 345/345 
f 348/348 347/347 346/346 
f 352/352 350/350 349/349 
f 352/352 351/351 350/350 
f 356/356 354/354 353/353 
f 356/356 355/355 354/354 
f 360/360 358/358 357/357 
f 360/360 359/359 358/358 
f 364/364 362/362 361/361 
f 364/364 363/363 362/362 
f 368/368 366/366 365/365 
f 368/368 367/367 366/366 
f 372/372 370/370 369/369 
f 372/372 371/371 370/370 
f 376/376 374/374 373/373 
f 376/376 375/375 374/374 
f 380/380 378/378 377/377 
f 380/380 379/379 378/378 
f 384/384 382/382 381/381 
f 384/384 383/383 382/382 
f 388/388 386/386 385/385 
f 388/388 387/387 386/386 
f 392/392 390/390 389/389 
f 392/392 391/391 390/390 
f 396/396 394/394 393/393 
f 396/396 395/395 394/394 
f 400/400 398/398 397/397 
f 400/400 399/399 398/398 
f 404/404 402/402 401/401 
f 404/404 403/403 402/402 
f 408/408 406/406 405/405 
f 408/408 407/407 406/406 
f 412/412 410/410 409/409 
f 412/412 411/411 410/410 
f 416/416 414/414 413/413 
f 416/416 415/415 414/414 
f 420/420 418/418 417/417 
f 420/420 419/419 418/418 
f 424/424 422/422 421/421 
f 424/424 423/423 422/422 
f 428/428 426/426 425/425 
f 428/428 427/427 426/426 
f 432/432 430/430 429/429 
f 432/432 431/431 430/430 
f 436/436 434/434 433/433 
f 436/436 435/435 434/434 
f 440/440 438/438 437/437 
f 440/440 439/439 438/438 
f 444/444 442/442 441/441 
f 444/444 443/443 442/442 
f 448/448 446/446 445/445 
f 448/448 447/447 446/446 
f 452/452 450/450 449/449 
f 452/452 451/451 450/450 
f 456/456 454/454 453/453 
f 456/456 455/455 454/454 
f 460/460 458/458 457/457 
f 460/460 459/459 458/458 
f 464/464 462/462 461/461 
f 464/464 463/463 462/462 
f 468/468 466/466 465/465 
f 468/468 467/467 466/466 
f 472/472 470/470 469/469 
f 472/472 471/471 470/470 
f 476/476 474/474 473/473 
f 476/476 475/475 474/474 
f 480/480 478/478 477/477 
f 480/480 479/479 478/478 
f 484/484 482/482 481/481 
f 484/484 483/483 482/482 
f 488/488 486/486 485/485 
f 488/488 487/487 486/486 
f 492/492 490/490 489/489 
f 492/492 491/491 490/490 
f 496/496 494/494 493/493 
f 496/496 495/495 494/494 
f 500/500 498/498 497/497 
f 500/500 499/499 498/498 
f 504/504 502/502 501/501 
f 504/504 503/503 502/502 
f 508/508 506/506 505/505 
f 508/508 507/507 506/506 
f 512/512 510/510 509/509 
f 512/512 511/511 510/510 
f 516/516 514/514 513/513 
f 516/516 515/515 514/514 
f 520/520 518/518 517/517 
f 520/520 519/519 518/518 
f 524/524 522/522 521/521 
f 524/524 523/523 522/522 
f 528/528 526/526 525/525 
f 528/528 527/527 526/526 
f 532/532 530/530 529/529 
f 532/532 531/531 530/530 
f 536/536 534/534 533/533 
f 536/536 535/535 534/534 
f 540/540 538/538 537/537 
f 540/540 539/539 538/538 
f 544/544 542/542 541/541 
f 544/544 543/543 542/542 
f 548/548 546/546 545/545 
f 548/548 547/547 546/546 
f 552/552 550/550 549/549 
f 552/552 551/551 550/550 
f 556/556 554/554 553/553 
f 556/556 555/555 554/554 
f 560/560 558/558 557/557 
f 560/560 559/559 558/558 
f 564/564 562/562 561/561 
f 564/564 563/563 562/562 
f 568/568 566/566 565/565 
f 568/568 567/567 566/566 
f 572/572 570/570 569/569 
f 572/572 571/571 570/570 
f 576/576 574/574 573/573 
f 576/576 575/575 574/574 
f 580/580 578/578 577/577 
f 580/580 579/579 578/578 
f 584/584 582/582 581/581 
f 584/584 583/583 582/582 
f 588/588 586/586 585/585 
f 588/588 587/587 586/586 
f 592/592 590/590 589/589 
f 592/592 591/591 590/590 
f 596/596 594/594 593/593 
f 596/596 595/595 594/594 
f 600/600 598/598 597/597 
f 600/600 599/599 598/598 
f 604/604 602/602 601/601 
f 604/604 603/603 602/602 
f 608/608 606/606 605/605 
f 608/608 607/607 606/606 
f 612/612 610/610 609/609 
f 612/612 611/611 610/610 
f 616/616 614/614 613/613 
f 616/616 615/615 614/614 
f 620/620 618/618 617/617 
f 620/620 619/619 618/618 
f 624/624 622/622 621/621 
f 624/624 623/623 622/622 
f 628/628 626/626 625/625 
f 628/628 627/627 626/626 
f 632/632 630/630 629/629 
f 632/632 631/631 630/630 
f 636/636 634/634 633/633 
f 636/636 635/635 634/634 
f 640/640 638/638 637/637 
f 640/640 639/639 638/638 
f 644/644 642/642 641/641 
f 644/644 643/643 642/642 
f 648/648 646/646 645/645 
f 648/648 647/647 646/646 
f 652/652 650/650 649/649 
f 652/652 651/651 650/650 
f 656/656 654/654 653/653 
f 656/656 655/655 654/654 
f 660/660 658/658 657/657 
f 660/660 659/659 658/658 
f 664/664 662/662 661/661 
f 664/664 663/663 662/662 
f 668/668 666/666 665/665 
f 668/668 667/667 666/666 
f 672/672 670/670 669/669 
f 672/672 671/671 670/670 
f 676/676 674/674 673/673 
f 676/676 675/675 674/674 
f 680/680 678/678 677/677 
f 680/680 679/679 678/678 
f 684/684 682/682 681/681 
f 684/684 683/683 682/682 
f 688/688 686/686 685/685 
f 688/688 687/687 686/686 
f 692/692 690/690 689/689 
f 692/692 691/691 690/690 
f 696/696 694/694 693/693 
f 696/696 695/695 694/694 
f 700/700 698/698 697/697 
f 700/700 699/699 698/698 
f 704/704 702/702 701/701 
f 704/704 703/703 702/702 
f 708/708 706/706 705/705 
f 708/708 707/707 706/706 
f 712/712 710/710 709/709 
f 712/712 711/711 710/710 
f 716/716 714/714 713/713 
f 716/716 715/715 714/714 
f 720/720 718/718 717/717 
f 720/720 719/719 718/718 
f 724/724 722/722 721/721 
f 724/724 723/723 722/722 
f 728/728 726/726 725/725 
f 728/728 727/727 726/726 
f 732/732 730/730 729/729 
f 732/732 731/731 730/730 
f 736/736 734/734 733/733 
f 736/736 735/735 734/734 
f 740/740 738/738 737/737 
f 740/740 739/739 738/738 
f 744/744 742/742 741/741 
f 744/744 743/743 742/742 
f 748/748 746/746 745/745 
f 748/748 747/747 746/746 
f 752/752 750/750 749/749 
f 752/752 751/751 750/750 
f 756/756 754/754 753/753 
f 756/756 755/755 754/754 
f 760/760 758/758 757/757 
f 760/760 759/759 758/758 
f 764/764 762/762 761/761 
f 764/764 763/763 762/762 
f 768/768 766/766 765/765 
f 768/768 767/767 766/766 
f 772/772 770/770 769/769 
f 772/772 771/771 770/770 
f 776/776 774/774 773/773 
f 776/776 775/775 774/774 
f 780/780 778/778 777/777 
f 780/780 779/779 778/778 
f 784/784 782/782 781/781 
f 784/784 783/783 782/782 
f 788/788 786/786 785/785 
f 788/788 787/787 786/786 
f 792/792 790/790 789/789 
f 792/792 791/791 790/790 
f 796/796 794/794 793/793 
f 796/796 795/795 794/794 
f 800/800 798/798 797/797 
f 800/800 799/799 798/798 
f 804/804 802/802 801/801 
f 804/804 803/803 802/802 
f 808/808 806/806 805/805 
f 808/808 807/807 806/806 
f 812/812 810/810 809/809 
f 812/812 811/811 810/810 
f 816/816 814/814 813/813 
f 816/816 815/815 814/814 
f 820/820 818/818 817/817 
f 820/820 819/819 818/818 
f 824/824 822/822 821/821 
f 824/824 823/823 822/822 
f 828/828 826/826 825/825 
f 828/828 827/827 826/826 
f 832/832 830/830 829/829 
f 832/832 831/831 830/830 
f 836/836 834/834 833/833 
f 836/836 835/835 834/834 
f 840/840 838/838 837/837 
f 840/840 839/839 838/838 
f 844/844 842/842 841/841 
f 844/844 843/843 842/842 
f 848/848 846/846 845/845 
f 848/848 847/847 846/846 
f 852/852 850/850 849/849 
f 852/852 851/851 850/850 
f 856/856 854/854 853/853 
f 856/856 855/855 854/854 
f 860/860 858/858 857/857 
f 860/860 859/859 858/858 
f 864/864 862/862 861/861 
f 864/864 863/863 862/862 
f 868/868 866/866 865/865 
f 868/868 867/867 866/866 
f 872/872 870/870 869/869 
f 872/872 871/871 870/870 
f 876/876 874/874 873/873 
f 876/876 875/875 874/874 
f 880/880 878/878 877/877 
f 880/880 879/879 878/878 
f 884/884 882/882 881/881 
f 884/884 883/883 882/882 
f 888/888 886/886 885/885 
f 888/888 887/887 886/886 
f 892/892 890/890 889/889 
f 892/892 891/891 890/890 
f 896/896 894/894 893/893 
f 896/896 895/895 894/894 
f 900/900 898/898 897/897 
f 900/900 899/899 898/898 
f 904/904 902/902 901/901 
f 904/904 903/903 902/902 
f 908/908 906/906 905/905 
f 908/908 907/907 906/906 
f 912/912 910/910 909/909 
f 912/912 911/911 910/910 
f 916/916 914/914 913/913 
f 916/916 915/915 914/914 
f 920/920 918/918 917/917 
f 920/920 919/919 918/918 
f 924/924 922/922 921/921 
f 924/924 923/923 922/922 
f 928/928 926/926 925/925 
f 928/928 927/927 926/926 
f 932/932 930/930 929/929 
f 932/932 931/931 930/930 
f 936/936 934/934 933/933 
f 936/936 935/935 934/934 
f 940/940 938/938 937/937 
f 940/940 939/939 938/938 
f 944/944 942/942 941/941 
f 944/944 943/943 942/942 
f 948/948 946/946 945/945 
f 948/948 947/947 946/946 
f 952/952 950/950 949/949 
f 952/952 951/951 950/950 
f 956/956 954/954 953/953 
f 956/956 955/955 954/954 
f 960/960 958/958 957/957 
f 960/960 959/959 958/958 
f 964/964 962/962 961/961 
f 964/964 963/963 962/962 
f 968/968 966/966 965/965 
f 968/968 967/967 966/966 
f 972/972 970/970 969/969 
f 972/972 971/971 970/970 
f 976/976 974/974 973/973 
f 976/976 975/975 974/974 
f 980/980 978/978 977/977 
f 980/980 979/979 978/978 
f 984/984 982/982 981/981 
f 984/984 983/983 982/982 
f 988/988 986/986 985/985 
f 988/988 987/987 986/986 
f 992/992 990/990 989/989 
f 992/992 991/991 990/990 
f 996/996 994/994 993/993 
f 996/996 995/995 994/994 
f 1000/1000 998/998 997/997 
f 1000/1000 999/999 998/998 
f 1004/1004 1002/1002 1001/1001 
f 1004/1004 1003/1003 1002/1002 
f 1008/1008 1006/1006 1005/1005 
f 1008/1008 1007/1007 1006/1006 
f 1012/1012 1010/1010 1009/1009 
f 1012/1012 1011/1011 1010/1010 
f 1016/1016 1014/1014 1013/1013 
f 1016/1016 1015/1015 1014/1014 
f 1020/1020 1018/1018 1017/1017 
f 1020/1020 1019/1019 1018/1018 
f 1024/1024 1022/1022 1021/1021 
f 1024/1024 1023/1023 1022/1022 
f 1028/1028 1026/1026 1025/1025 
f 1028/1028 1027/1027 1026/1026 
f 1032/1032 1030/1030 1029/1029 
f 1032/1032 1031/1031 1030/1030 
f 1036/1036 1034/1034 1033/1033 
f 1036/1036 1035/1035 1034/1034 
f 1040/1040 1038/1038 1037/1037 
f 1040/1040 1039/1039 1038/1038 
f 1044/1044 1042/1042 1041/1041 
f 1044/1044 1043/1043 1042/1042 
f 1048/1048 1046/1046 1045/1045 
f 1048/1048 1047/1047 1046/1046 
f 1052/1052 1050/1050 1049/1049 
f 1052/1052 1051/1051 1050/1050 
f 1056/1056 1054/1054 1053/1053 
f 1056/1056 1055/1055 1054/1054 
f 1060/1060 1058/1058 1057/1057 
f 1060/1060 1059/1059 1058/1058 
f 1064/1064 1062/1062 1061/1061 
f 1064/1064 1063/1063 1062/1062 
f 1068/1068 1066/1066 1065/1065 
f 1068/1068 1067/1067 1066/1066 
f 1072/1072 1070/1070 1069/1069 
f 1072/1072 1071/1071 1070/1070 
f 1076/1076 1074/1074 1073/1073 
f 1076/1076 1075/1075 1074/1074 
f 1080/1080 1078/1078 1077/1077 
f 1080/1080 1079/1079 1078/1078 
f 1084/1084 1082/1082 1081/1081 
f 1084/1084 1083/1083 1082/1082 
f 1088/1088 1086/1086 1085/1085 
f 1088/1088 1087/1087 1086/1086 
f 1092/1092 1090/1090 1089/1089 
f 1092/1092 1091/1091 1090/1090 
f 1096/1096 1094/1094 1093/1093 
f 1096/1096 1095/1095 1094/1094 
f 1100/1100 1098/1098 1097/1097 
f 1100/1100 1099/1099 1098/1098 
f 1104/1104 1102/1102 1101/1101 
f 1104/1104 1103/1103 1102/1102 
f 1108/1108 1106/1106 1105/1105 
f 1108/1108 1107/1107 1106/1106 
f 1112/1112 1110/1110 1109/1109 
f 1112/1112 1111/1111 1110/1110 
f 1116/1116 1114/1114 1113/1113 
f 1116/1116 1115/1115 1114/1114 
f 1120/1120 1118/1118 1117/1117 
f 1120/1120 1119/1119 1118/1118 
f 1124/1124 1122/1122 1121/1121 
f 1124/1124 1123/1123 1122/1122 
f 1128/1128 1126/1126 1125/1125 
f 1128/1128 1127/1127 1126/1126 
f 1132/1132 1130/1130 1129/1129 
f 1132/1132 1131/1131 1130/1130 
f 1136/1136 1134/1134 1133/1133 
f 1136/1136 1135/1135 1134/1134 
f 1140/1140 1138/1138 1137/1137 
f 1140/1140 1139/1139 1138/1138 
f 1144/1144 1142/1142 1141/1141 
f 1144/1144 1143/1143 1142/1142 
f 1148/1148 1146/1146 1145/1145 
f 1148/1148 1147/1147 1146/1146 
f 1152/1152 1150/1150 1149/1149 
f 1152/1152 1151/1151 1150/1150 
f 1156/1156 1154/1154 1153/1153 
f 1156/1156 1155/1155 1154/1154 
f 1160/1160 1158/1158 1157/1157 
f 1160/1160 1159/1159 1158/1158 
f 1164/1164 1162/1162 1161/1161 
f 1164/1164 1163/1163 1162/1162 
f 1168/1168 1166/1166 1165/1165 
f 1168/1168 1167/1167 1166/1166 
f 1172/1172 1170/1170 1169/1169 
f 1172/1172 1171/1171 1170/1170 
f 1176/1176 1174/1174 1173/1173 
f 1176/1176 1175/1175 1174/1174 
f 1180/1180 1178/1178 1177/1177 
f 1180/1180 1179/1179 1178/1178 
f 1184/1184 1182/1182 1181/1181 
f 1184/1184 1183/1183 1182/1182 
f 1188/1188 1186/1186 1185/1185 
f 1188/1188 1187/1187 1186/1186 
f 1192/1192 1190/1190 1189/1189 
f 1192/1192 1191/1191 1190/1190 
f 1196/1196 1194/1194 1193/1193 
f 1196/1196 1195/1195 1194/1194 
f 1200/1200 1198/1198 1197/1197 
f 1200/1200 1199/1199 1198/1198 
f 1204/1204 1202/1202 1201/1201 
f 1204/1204 1203/1203 1202/1202 
f 1208/1208 1206/1206 1205/1205 
f 1208/1208 1207/1207 1206/1206 
f 1212/1212 1210/1210 1209/1209 
f 1212/1212 1211/1211 1210/1210 
f 1216/1216 1214/1214 1213/1213 
f 1216/1216 1215/1215 1214/1214 
f 1220/1220 1218/1218 1217/1217 
f 1220/1220 1219/1219 1218/1218 
f 1224/1224 1222/1222 1221/1221 
f 1224/1224 1223/1223 1222/1222 
f 1228/1228 1226/1226 1225/1225 
f 1228/1228 1227/1227 1226/1226 
f 1232/1232 1230/1230 1229/1229 
f 1232/1232 1231/1231 1230/1230 
f 1236/1236 1234/1234 1233/1233 
f 1236/1236 1235/1235 1234/1234 
f 1240/1240 1238/1238 1237/1237 
f 1240/1240 1239/1239 1238/1238 
f 1244/1244 1242/1242 1241/1241 
f 1244/1244 1243/1243 1242/1242 
f 1248/1248 1246/1246 1245/1245 
f 1248/1248 1247/1247 1246/1246 
f 1252/1252 1250/1250 1249/1249 
f 1252/1252 1251/1251 1250/1250 
f 1256/1256 1254/1254 1253/1253 
f 1256/1256 1255/1255 1254/1254 
f 1260/1260 1258/1258 1257/1257 
f 1260/1260 1259/1259 1258/1258 
f 1264/1264 1262/1262 1261/1261 
f 1264/1264 1263/1263 1262/1262 
f 1268/1268 1266/1266 1265/1265 
f 1268/1268 1267/1267 1266/1266 
f 1272/1272 1270/1270 1269/1269 
f 1272/1272 1271/1271 1270/1270 
f 1276/1276 1274/1274 1273/1273 
f 1276/1276 1275/1275 1274/1274 
f 1280/1280 1278/1278 1277/1277 
f 1280/1280 1279/1279 1278/1278 
f 1284/1284 1282/1282 1281/1281 
f 1284/1284 1283/1283 1282/1282 
f 1288/1288 1286/1286 1285/1285 
f 1288/1288 1287/1287 1286/1286 
f 1292/1292 1290/1290 1289/1289 
f 1292/1292 1291/1291 1290/1290 
f 1296/1296 1294/1294 1293/1293 
f 1296/1296 1295/1295 1294/1294 
f 1300/1300 1298/1298 1297/1297 
f 1300/1300 1299/1299 1298/1298 
f 1304/1304 1302/1302 1301/1301 
f 1304/1304 1303/1303 1302/1302 
f 1308/1308 1306/1306 1305/1305 
f 1308/1308 1307/1307 1306/1306 
f 1312/1312 1310/1310 1309/1309 
f 1312/1312 1311/1311 1310/1310 
f 1316/1316 1314/1314 1313/1313 
f 1316/1316 1315/1315 1314/1314 
f 1320/1320 1318/1318 1317/1317 
f 1320/1320 1319/1319 1318/1318 
f 1324/1324 1322/1322 1321/1321 
f 1324/1324 1323/1323 1322/1322 
f 1328/1328 1326/1326 1325/1325 
f 1328/1328 1327/1327 1326/1326 
f 1332/1332 1330/1330 1329/1329 
f 1332/1332 1331/1331 1330/1330 
f 1336/1336 1334/1334 1333/1333 
f 1336/1336 1335/1335 1334/1334 
f 1340/1340 1338/1338 1337/1337 
f 1340/1340 1339/1339 1338/1338 
f 1344/1344 1342/1342 1341/1341 
f 1344/1344 1343/1343 1342/1342 
f 1348/1348 1346/1346 1345/1345 
f 1348/1348 1347/1347 1346/1346 
f 1352/1352 1350/1350 1349/1349 
f 1352/1352 1351/1351 1350/1350 
f 1356/1356 1354/1354 1353/1353 
f 1356/1356 1355/1355 1354/1354 
f 1360/1360 1358/1358 1357/1357 
f 1360/1360 1359/1359 1358/1358 
f 1364/1364 1362/1362 1361/1361 
f 1364/1364 1363/1363 1362/1362 
f 1368/1368 1366/1366 1365/1365 
f 1368/1368 1367/1367 1366/1366 
f 1372/1372 1370/1370 1369/1369 
f 1372/1372 1371/1371 1370/1370 
f 1376/1376 1374/1374 1373/1373 
f 1376/1376 1375/1375 1374/1374 
f 1380/1380 1378/1378 1377/1377 
f 1380/1380 1379/1379 1378/1378 
f 1384/1384 1382/1382 1381/1381 
f 1384/1384 1383/1383 1382/1382 
f 1388/1388 1386/1386 1385/1385 
f 1388/1388 1387/1387 1386/1386 
f 1392/1392 1390/1390 1389/1389 
f 1392/1392 1391/1391 1390/1390 
f 1396/1396 1394/1394 1393/1393 
f 1396/1396 1395/1395 1394/1394 
f 1400/1400 1398/1398 1397/1397 
f 1400/1400 1399/1399 1398/1398 
f 1404/1404 1402/1402 1401/1401 
f 1404/1404 1403/1403 1402/1402 
f 1408/1408 1406/1406 1405/1405 
f 1408/1408 1407/1407 1406/1406 
f 1412/1412 1410/1410 1409/1409 
f 1412/1412 1411/1411 1410/1410 
f 1416/1416 1414/1414 1413/1413 
f 1416/1416 1415/1415 1414/1414 
f 1420/1420 1418/1418 1417/1417 
f 1420/1420 1419/1419 1418/1418 
f 1424/1424 1422/1422 1421/1421 
f 1424/1424 1423/1423 1422/1422 
f 1428/1428 1426/1426 1425/1425 
f 1428/1428 1427/1427 1426/1426 
f 1432/1432 1430/1430 1429/1429 
f 1432/1432 1431/1431 1430/1430 
f 1436/1436 1434/1434 1433/1433 
f 1436/1436 1435/1435 1434/1434 
f 1440/1440 1438/1438 1437/1437 
f 1440/1440 1439/1439 1438/1438 
f 1444/1444 1442/1442 1441/1441 
f 1444/1444 1443/1443 1442/1442 
f 1448/1448 1446/1446 1445/1445 
f 1448/1448 1447/1447 1446/1446 
f 1452/1452 1450/1450 1449/1449 
f 1452/1452 1451/1451 1450/1450 
f 1456/1456 1454/1454 1453/1453 
f 1456/1456 1455/1455 1454/1454 
f 1460/1460 1458/1458 1457/1457 
f 1460/1460 1459/1459 1458/1458 
f 1464/1464 1462/1462 1461/1461 
f 1464/1464 1463/1463 1462/1462 
f 1468/1468 1466/1466 1465/1465 
f 1468/1468 1467/1467 1466/1466 
f 1472/1472 1470/1470 1469/1469 
f 1472/1472 1471/1471 1470/1470 
f 1476/1476 1474/1474 1473/1473 
f 1476/1476 1475/1475 1474/1474 
f 1480/1480 1478/1478 1477/1477 
f 1480/1480 1479/1479 1478/1478 
f 1484/1484 1482/1482 1481/1481 
f 1484/1484 1483/1483 1482/1482 
f 1488/1488 1486/1486 1485/1485 
f 1488/1488 1487/1487 1486/1486 
f 1492/1492 1490/1490 1489/1489 
f 1492/1492 1491/1491 1490/1490 
f 1496/1496 1494/1494 1493/1493 
f 1496/1496 1495/1495 1494/1494 
f 1500/1500 1498/1498 1497/1497 
f 1500/1500 1499/1499 1498/1498 
f 1504/1504 1502/1502 1501/1501 
f 1504/1504 1503/1503 1502/1502 
f 1508/1508 1506/1506 1505/1505 
f 1508/1508 1507/1507 1506/1506 
f 1512/1512 1510/1510 1509/1509 
f 1512/1512 1511/1511 1510/1510 
f 1516/1516 1514/1514 1513/1513 
f 1516/1516 1515/1515 1514/1514 
f 1520/1520 1518/1518 1517/1517 
f 1520/1520 1519/1519 1518/1518 
f 1524/1524 1522/1522 1521/1521 
f 1524/1524 1523/1523 1522/1522 
f 1528/1528 1526/1526 1525/1525 
f 1528/1528 1527/1527 1526/1526 
f 1532/1532 1530/1530 1529/1529 
f 1532/1532 1531/1531 1530/1530 
f 1536/1536 1534/1534 1533/1533 
f 1536/1536 1535/1535 1534/1534 
f 1540/1540 1538/1538 1537/1537 
f 1540/1540 1539/1539 1538/1538 
f 1544/1544 1542/1542 1541/1541 
f 1544/1544 1543/1543 1542/1542 
f 1548/1548 1546/1546 1545/1545 
f 1548/1548 1547/1547 1546/1546 
f 1552/1552 1550/1550 1549/1549 
f 1552/1552 1551/1551 1550/1550 
f 1556/1556 1554/1554 1553/1553 
f 1556/1556 1555/1555 1554/1554 
f 1560/1560 1558/1558 1557/1557 
f 1560/1560 1559/1559 1558/1558 
f 1564/1564 1562/1562 1561/1561 
f 1564/1564 1563/1563 1562/1562 
f 1568/1568 1566/1566 1565/1565 
f 1568/1568 1567/1567 1566/1566 
f 1572/1572 1570/1570 1569/1569 
f 1572/1572 1571/1571 1570/1570 
f 1576/1576 1574/1574 1573/1573 
f 1576/1576 1575/1575 1574/1574 
f 1580/1580 1578/1578 1577/1577 
f 1580/1580 1579/1579 1578/1578 
f 1584/1584 1582/1582 1581/1581 
f 1584/1584 1583/1583 1582/1582 
f 1588/1588 1586/1586 1585/1585 
f 1588/1588 1587/1587 1586/1586 
f 1592/1592 1590/1590 1589/1589 
f 1592/1592 1591/1591 1590/1590 
f 1596/1596 1594/1594 1593/1593 
f 1596/1596 1595/1595 1594/1594 
f 1600/1600 1598/1598 1597/1597 
f 1600/1600 1599/1599 1598/1598 
f 1604/1604 1602/1602 1601/1601 
f 1604/1604 1603/1603 1602/1602 
f 1608/1608 1606/1606 1605/1605 
f 1608/1608 1607/1607 1606/1606 
f 1612/1612 1610/1610 1609/1609 
f 1612/1612 1611/1611 1610/1610 
f 1616/1616 1614/1614 1613/1613 
f 1616/1616 1615/1615 1614/1614 
f 1620/1620 1618/1618 1617/1617 
f 1620/1620 1619/1619 1618/1618 
f 1624/1624 1622/1622 1621/1621 
f 1624/1624 1623/1623 1622/1622 
f 1628/1628 1626/1626 1625/1625 
f 1628/1628 1627/1627 1626/1626 
f 1632/1632 1630/1630 1629/1629 
f 1632/1632 1631/1631 1630/1630 
f 1636/1636 1634/1634 1633/1633 
f 1636/1636 1635/1635 1634/1634 
f 1640/1640 1638/1638 1637/1637 
f 1640/1640 1639/1639 1638/1638 
f 1644/1644 1642/1642 1641/1641 
f 1644/1644 1643/1643 1642/1642 
f 1648/1648 1646/1646 1645/1645 
f 1648/1648 1647/1647 1646/1646 
f 1652/1652 1650/1650 1649/1649 
f 1652/1652 1651/1651 1650/1650 
f 1656/1656 1654/1654 1653/1653 
f 1656/1656 1655/1655 1654/1654 
f 1660/1660 1658/1658 1657/1657 
f 1660/1660 1659/1659 1658/1658 
f 1664/1664 1662/1662 1661/1661 
f 1664/1664 1663/1663 1662/1662 
f 1668/1668 1666/1666 1665/1665 
f 1668/1668 1667/1667 1666/1666 
f 1672/1672 1670/1670 1669/1669 
f 1672/1672 1671/1671 1670/1670 
f 1676/1676 1674/1674 1673/1673 
f 1676/1676 1675/1675 1674/1674 
f 1680/1680 1678/1678 1677/1677 
f 1680/1680 1679/1679 1678/1678 
f 1684/1684 1682/1682 1681/1681 
f 1684/1684 1683/1683 1682/1682 
f 1688/1688 1686/1686 1685/1685 
f 1688/1688 1687/1687 1686/1686 
f 1692/1692 1690/1690 1689/1689 
f 1692/1692 1691/1691 1690/1690 
f 1696/1696 1694/1694 1693/1693 
f 1696/1696 1695/1695 1694/1694 
f 1700/1700 1698/1698 1697/1697 
f 1700/1700 1699/1699 1698/1698 
f 1704/1704 1702/1702 1701/1701 
f 1704/1704 1703/1703 1702/1702 
f 1708/1708 1706/1706 1705/1705 
f 1708/1708 1707/1707 1706/1706 
f 1712/1712 1710/1710 1709/1709 
f 1712/1712 1711/1711 1710/1710 
f 1716/1716 1714/1714 1713/1713 
f 1716/1716 1715/1715 1714/1714 
f 1720/1720 1718/1718 1717/1717 
f 1720/1720 1719/1719 1718/1718 
f 1724/1724 1722/1722 1721/1721 
f 1724/1724 1723/1723 1722/1722 
f 1728/1728 1726/1726 1725/1725 
f 1728/1728 1727/1727 1726/1726 
f 1732/1732 1730/1730 1729/1729 
f 1732/1732 1731/1731 1730/1730 
f 1736/1736 1734/1734 1733/1733 
f 1736/1736 1735/1735 1734/1734 
f 1740/1740 1738/1738 1737/1737 
f 1740/1740 1739/1739 1738/1738 
f 1744/1744 1742/1742 1741/1741 
f 1744/1744 1743/1743 1742/1742 
f 1748/1748 1746/1746 1745/1745 
f 1748/1748 1747/1747 1746/1746 
f 1752/1752 1750/1750 1749/1749 
f 1752/1752 1751/1751 1750/1750 
f 1756/1756 1754/1754 1753/1753 
f 1756/1756 1755/1755 1754/1754 
f 1760/1760 1758/1758 1757/1757 
f 1760/1760 1759/1759 1758/1758 
f 1764/1764 1762/1762 1761/1761 
f 1764/1764 1763/1763 1762/1762 
f 1768/1768 1766/1766 1765/1765 
f 1768/1768 1767/1767 1766/1766 
f 1772/1772 1770/1770 1769/1769 
f 1772/1772 1771/1771 1770/1770 
f 1776/1776 1774/1774 1773/1773 
f 1776/1776 1775/1775 1774/1774 
f 1780/1780 1778/1778 1777/1777 
f 1780/1780 1779/1779 1778/1778 
f 1784/1784 1782/1782 1781/1781 
f 1784/1784 1783/1783 1782/1782 
f 1788/1788 1786/1786 1785/1785 
f 1788/1788 1787/1787 1786/1786 
f 1792/1792 1790/1790 1789/1789 
f 1792/1792 1791/1791 1790/1790 
f 1796/1796 1794/1794 1793/1793 
f 1796/1796 1795/1795 1794/1794 
f 1800/1800 1798/1798 1797/1797 
f 1800/1800 1799/1799 1798/1798 
f 1804/1804 1802/1802 1801/1801 
f 1804/1804 1803/1803 1802/1802 
f 1808/1808 1806/1806 1805/1805 
f 1808/1808 1807/1807 1806/1806 
f 1812/1812 1810/1810 1809/1809 
f 1812/1812 1811/1811 1810/1810 
f 1816/1816 1814/1814 1813/1813 
f 1816/1816 1815/1815 1814/1814 
f 1820/1820 1818/1818 1817/1817 
f 1820/1820 1819/1819 1818/1818 
f 1824/1824 1822/1822 1821/1821 
f 1824/1824 1823/1823 1822/1822 
f 1828/1828 1826/1826 1825/1825 
f 1828/1828 1827/1827 1826/1826 
f 1832/1832 1830/1830 1829/1829 
f 1832/1832 1831/1831 1830/1830 
f 1836/1836 1834/1834 1833/1833 
f 1836/1836 1835/1835 1834/1834 
f 1840/1840 1838/1838 1837/1837 
f 1840/1840 1839/1839 1838/1838 
f 1844/1844 1842/1842 1841/1841 
f 1844/1844 1843/1843 1842/1842 
f 1848/1848 1846/1846 1845/1845 
f 1848/1848 1847/1847 1846/1846 
f 1852/1852 1850/1850 1849/1849 
f 1852/1852 1851/1851 1850/1850 
f 1856/1856 1854/1854 1853/1853 
f 1856/1856 1855/1855 1854/1854 
f 1860/1860 1858/1858 1857/1857 
f 1860/1860 1859/1859 1858/1858 
f 1864/1864 1862/1862 1861/1861 
f 1864/1864 1863/1863 1862/1862 
f 1868/1868 1866/1866 1865/1865 
f 1868/1868 1867/1867 1866/1866 
f 1872/1872 1870/1870 1869/1869 
f 1872/1872 1871/1871 1870/1870 
f 1876/1876 1874/1874 1873/1873 
f 1876/1876 1875/1875 1874/1874 
f 1880/1880 1878/1878 1877/1877 
f 1880/1880 1879/1879 1878/1878 
f 1884/1884 1882/1882 1881/1881 
f 1884/1884 1883/1883 1882/1882 
f 1888/1888 1886/1886 1885/1885 
f 1888/1888 1887/1887 1886/1886 
f 1892/1892 1890/1890 1889/1889 
f 1892/1892 1891/1891 1890/1890 
f 1896/1896 1894/1894 1893/1893 
f 1896/1896 1895/1895 1894/1894 
f 1900/1900 1898/1898 1897/1897 
f 1900/1900 1899/1899 1898/1898 
f 1904/1904 1902/1902 1901/1901 
f 1904/1904 1903/1903 1902/1902 
f 1908/1908 1906/1906 1905/1905 
f 1908/1908 1907/1907 1906/1906 
f 1912/1912 1910/1910 1909/1909 
f 1912/1912 1911/1911 1910/1910 
f 1916/1916 1914/1914 1913/1913 
f 1916/1916 1915/1915 1914/1914 
f 1920/1920 1918/1918 1917/1917 
f 1920/1920 1919/1919 1918/1918 
f 1924/1924 1922/1922 1921/1921 
f 1924/1924 1923/1923 1922/1922 
f 1928/1928 1926/1926 1925/1925 
f 1928/1928 1927/1927 1926/1926 
f 1932/1932 1930/1930 1929/1929 
f 1932/1932 1931/1931 1930/1930 
f 1936/1936 1934/1934 1933/1933 
f 1936/1936 1935/1935 1934/1934 
f 1940/1940 1938/1938 1937/1937 
f 1940/1940 1939/1939 1938/1938 
f 1944/1944 1942/1942 1941/1941 
f 1944/1944 1943/1943 1942/1942 
f 1948/1948 1946/1946 1945/1945 
f 1948/1948 1947/1947 1946/1946 
f 1952/1952 1950/1950 1949/1949 
f 1952/1952 1951/1951 1950/1950 
f 1956/1956 1954/1954 1953/1953 
f 1956/1956 1955/1955 1954/1954 
f 1960/1960 1958/1958 1957/1957 
f 1960/1960 1959/1959 1958/1958 
f 1964/1964 1962/1962 1961/1961 
f 1964/1964 1963/1963 1962/1962 
f 1968/1968 1966/1966 1965/1965 
f 1968/1968 1967/1967 1966/1966 
f 1972/1972 1970/1970 1969/1969 
f 1972/1972 1971/1971 1970/1970 
f 1976/1976 1974/1974 1973/1973 
f 1976/1976 1975/1975 1974/1974 
f 1980/1980 1978/1978 1977/1977 
f 1980/1980 1979/1979 1978/1978 
f 1984/1984 1982/1982 1981/1981 
f 1984/1984 1983/1983 1982/1982 
f 1988/1988 1986/1986 1985/1985 
f 1988/1988 1987/1987 1986/1986 
f 1992/1992 1990/1990 1989/1989 
f 1992/1992 1991/1991 1990/1990 
f 1996/1996 1994/1994 1993/1993 
f 1996/1996 1995/1995 1994/1994 
f 2000/2000 1998/1998 1997/1997 
f 2000/2000 1999/1999 1998/1998 
f 2004/2004 2002/2002 2001/2001 
f 2004/2004 2003/2003 2002/2002 
f 2008/2008 2006/2006 2005/2005 
f 2008/2008 2007/2007 2006/2006 
f 2012/2012 2010/2010 2009/2009 
f 2012/2012 2011/2011 2010/2010 
f 2016/2016 2014/2014 2013/2013 
f 2016/2016 2015/2015 2014/2014 
f 2020/2020 2018/2018 2017/2017 
f 2020/2020 2019/2019 2018/2018 
f 2024/2024 2022/2022 2021/2021 
f 2024/2024 2023/2023 2022/2022 
f 2028/2028 2026/2026 2025/2025 
f 2028/2028 2027/2027 2026/2026 
f 2032/2032 2030/2030 2029/2029 
f 2032/2032 2031/2031 2030/2030 
f 2036/2036 2034/2034 2033/2033 
f 2036/2036 2035/2035 2034/2034 
f 2040/2040 2038/2038 2037/2037 
f 2040/2040 2039/2039 2038/2038 
f 2044/2044 2042/2042 2041/2041 
f 2044/2044 2043/2043 2042/2042 
f 2048/2048 2046/2046 2045/2045 
f 2048/2048 2047/2047 2046/2046 
f 2052/2052 2050/2050 2049/2049 
f 2052/2052 2051/2051 2050/2050 
f 2056/2056 2054/2054 2053/2053 
f 2056/2056 2055/2055 2054/2054 
f 2060/2060 2058/2058 2057/2057 
f 2060/2060 2059/2059 2058/2058 
f 2064/2064 2062/2062 2061/2061 
f 2064/2064 2063/2063 2062/2062 
f 2068/2068 2066/2066 2065/2065 
f 2068/2068 2067/2067 2066/2066 
f 2072/2072 2070/2070 2069/2069 
f 2072/2072 2071/2071 2070/2070 
f 2076/2076 2074/2074 2073/2073 
f 2076/2076 2075/2075 2074/2074 
f 2080/2080 2078/2078 2077/2077 
f 2080/2080 2079/2079 2078/2078 
f 2084/2084 2082/2082 2081/2081 
f 2084/2084 2083/2083 2082/2082 
f 2088/2088 2086/2086 2085/2085 
f 2088/2088 2087/2087 2086/2086 
f 2092/2092 2090/2090 2089/2089 
f 2092/2092 2091/2091 2090/2090 
f 2096/2096 2094/2094 2093/2093 
f 2096/2096 2095/2095 2094/2094 
f 2100/2100 2098/2098 2097/2097 
f 2100/2100 2099/2099 2098/2098 
f 2104/2104 2102/2102 2101/2101 
f 2104/2104 2103/2103 2102/2102 
f 2108/2108 2106/2106 2105/2105 
f 2108/2108 2107/2107 2106/2106 
f 2112/2112 2110/2110 2109/2109 
f 2112/2112 2111/2111 2110/2110 
f 2116/2116 2114/2114 2113/2113 
f 2116/2116 2115/2115 2114/2114 
f 2120/2120 2118/2118 2117/2117 
f 2120/2120 2119/2119 2118/2118 
f 2124/2124 2122/2122 2121/2121 
f 2124/2124 2123/2123 2122/2122 
f 2128/2128 2126/2126 2125/2125 
f 2128/2128 2127/2127 2126/2126 
f 2132/2132 2130/2130 2129/2129 
f 2132/2132 2131/2131 2130/2130 
f 2136/2136 2134/2134 2133/2133 
f 2136/2136 2135/2135 2134/2134 
f 2140/2140 2138/2138 2137/2137 
f 2140/2140 2139/2139 2138/2138 
f 2144/2144 2142/2142 2141/2141 
f 2144/2144 2143/2143 2142/2142 
f 2148/2148 2146/2146 2145/2145 
f 2148/2148 2147/2147 2146/2146 
f 2152/2152 2150/2150 2149/2149 
f 2152/2152 2151/2151 2150/2150 
f 2156/2156 2154/2154 2153/2153 
f 2156/2156 2155/2155 2154/2154 
f 2160/2160 2158/2158 2157/2157 
f 2160/2160 2159/2159 2158/2158 
f 2164/2164 2162/2162 2161/2161 
f 2164/2164 2163/2163 2162/2162 
f 2168/2168 2166/2166 2165/2165 
f 2168/2168 2167/2167 2166/2166 
f 2172/2172 2170/2170 2169/2169 
f 2172/2172 2171/2171 2170/2170 
f 2176/2176 2174/2174 2173/2173 
f 2176/2176 2175/2175 2174/2174 
f 2180/2180 2178/2178 2177/2177 
f 2180/2180 2179/2179 2178/2178 
f 2184/2184 2182/2182 2181/2181 
f 2184/2184 2183/2183 2182/2182 
f 2188/2188 2186/2186 2185/2185 
f 2188/2188 2187/2187 2186/2186 
f 2192/2192 2190/2190 2189/2189 
f 2192/2192 2191/2191 2190/2190 
f 2196/2196 2194/2194 2193/2193 
f 2196/2196 2195/2195 2194/2194 
f 2200/2200 2198/2198 2197/2197 
f 2200/2200 2199/2199 2198/2198 
f 2204/2204 2202/2202 2201/2201 
f 2204/2204 2203/2203 2202/2202 
f 2208/2208 2206/2206 2205/2205 
f 2208/2208 2207/2207 2206/2206 
f 2212/2212 2210/2210 2209/2209 
f 2212/2212 2211/2211 2210/2210 
f 2216/2216 2214/2214 2213/2213 
f 2216/2216 2215/2215 2214/2214 
f 2220/2220 2218/2218 2217/2217 
f 2220/2220 2219/2219 2218/2218 
f 2224/2224 2222/2222 2221/2221 
f 2224/2224 2223/2223 2222/2222 
f 2228/2228 2226/2226 2225/2225 
f 2228/2228 2227/2227 2226/2226 
f 2232/2232 2230/2230 2229/2229 
f 2232/2232 2231/2231 2230/2230 
f 2236/2236 2234/2234 2233/2233 
f 2236/2236 2235/2235 2234/2234 
f 2240/2240 2238/2238 2237/2237 
f 2240/2240 2239/2239 2238/2238 
f 2244/2244 2242/2242 2241/2241 
f 2244/2244 2243/2243 2242/2242 
f 2248/2248 2246/2246 2245/2245 
f 2248/2248 2247/2247 2246/2246 
f 2252/2252 2250/2250 2249/2249 
f 2252/2252 2251/2251 2250/2250 
f 2256/2256 2254/2254 2253/2253 
f 2256/2256 2255/2255 2254/2254 
f 2260/2260 2258/2258 2257/2257 
f 2260/2260 2259/2259 2258/2258 
f 2264/2264 2262/2262 2261/2261 
f 2264/2264 2263/2263 2262/2262 
f 2268/2268 2266/2266 2265/2265 
f 2268/2268 2267/2267 2266/2266 
f 2272/2272 2270/2270 2269/2269 
f 2272/2272 2271/2271 2270/2270 
f 2276/2276 2274/2274 2273/2273 
f 2276/2276 2275/2275 2274/2274 
f 2280/2280 2278/2278 2277/2277 
f 2280/2280 2279/2279 2278/2278 
f 2284/2284 2282/2282 2281/2281 
f 2284/2284 2283/2283 2282/2282 
f 2288/2288 2286/2286 2285/2285 
f 2288/2288 2287/2287 2286/2286 
f 2292/2292 2290/2290 2289/2289 
f 2292/2292 2291/2291 2290/2290 
f 2296/2296 2294/2294 2293/2293 
f 2296/2296 2295/2295 2294/2294 
f 2300/2300 2298/2298 2297/2297 
f 2300/2300 2299/2299 2298/2298 
f 2304/2304 2302/2302 2301/2301 
f 2304/2304 2303/2303 2302/2302 
f 2308/2308 2306/2306 2305/2305 
f 2308/2308 2307/2307 2306/2306 
f 2312/2312 2310/2310 2309/2309 
f 2312/2312 2311/2311 2310/2310 
f 2316/2316 2314/2314 2313/2313 
f 2316/2316 2315/2315 2314/2314 
f 2320/2320 2318/2318 2317/2317 
f 2320/2320 2319/2319 2318/2318 
f 2324/2324 2322/2322 2321/2321 
f 2324/2324 2323/2323 2322/2322 
f 2328/2328 2326/2326 2325/2325 
f 2328/2328 2327/2327 2326/2326 
f 2332/2332 2330/2330 2329/2329 
f 2332/2332 2331/2331 2330/2330 
f 2336/2336 2334/2334 2333/2333 
f 2336/2336 2335/2335 2334/2334 
f 2340/2340 2338/2338 2337/2337 
f 2340/2340 2339/2339 2338/2338 
f 2344/2344 2342/2342 2341/2341 
f 2344/2344 2343/2343 2342/2342 
f 2348/2348 2346/2346 2345/2345 
f 2348/2348 2347/2347 2346/2346 
f 2352/2352 2350/2350 2349/2349 
f 2352/2352 2351/2351 2350/2350 
f 2356/2356 2354/2354 2353/2353 
f 2356/2356 2355/2355 2354/2354 
f 2360/2360 2358/2358 2357/2357 
f 2360/2360 2359/2359 2358/2358 
f 2364/2364 2362/2362 2361/2361 
f 2364/2364 2363/2363 2362/2362 
f 2368/2368 2366/2366 2365/2365 
f 2368/2368 2367/2367 2366/2366 
f 2372/2372 2370/2370 2369/2369 
f 2372/2372 2371/2371 2370/2370 
f 2376/2376 2374/2374 2373/2373 
f 2376/2376 2375/2375 2374/2374 
f 2380/2380 2378/2378 2377/2377 
f 2380/2380 2379/2379 2378/2378 
f 2384/2384 2382/2382 2381/2381 
f 2384/2384 2383/2383 2382/2382 
f 2388/2388 2386/2386 2385/2385 
f 2388/2388 2387/2387 2386/2386 
f 2392/2392 2390/2390 2389/2389 
f 2392/2392 2391/2391 2390/2390 
f 2396/2396 2394/2394 2393/2393 
f 2396/2396 2395/2395 2394/2394 
f 2400/2400 2398/2398 2397/2397 
f 2400/2400 2399/2399 2398/2398 
f 2404/2404 2402/2402 2401/2401 
f 2404/2404 2403/2403 2402/2402 
f 2408/2408 2406/2406 2405/2405 
f 2408/2408 2407/2407 2406/2406 
f 2412/2412 2410/2410 2409/2409 
f 2412/2412 2411/2411 2410/2410 
f 2416/2416 2414/2414 2413/2413 
f 2416/2416 2415/2415 2414/2414 
f 2420/2420 2418/2418 2417/2417 
f 2420/2420 2419/2419 2418/2418 
f 2424/2424 2422/2422 2421/2421 
f 2424/2424 2423/2423 2422/2422 
f 2428/2428 2426/2426 2425/2425 
f 2428/2428 2427/2427 2426/2426 
f 2432/2432 2430/2430 2429/2429 
f 2432/2432 2431/2431 2430/2430 
f 2436/2436 2434/2434 2433/2433 
f 2436/2436 2435/2435 2434/2434 
f 2440/2440 2438/2438 2437/2437 
f 2440/2440 2439/2439 2438/2438 
f 2444/2444 2442/2442 2441/2441 
f 2444/2444 2443/2443 2442/2442 
f 2448/2448 2446/2446 2445/2445 
f 2448/2448 2447/2447 2446/2446 
f 2452/2452 2450/2450 2449/2449 
f 2452/2452 2451/2451 2450/2450 
f 2456/2456 2454/2454 2453/2453 
f 2456/2456 2455/2455 2454/2454 
f 2460/2460 2458/2458 2457/2457 
f 2460/2460 2459/2459 2458/2458 
f 2464/2464 2462/2462 2461/2461 
f 2464/2464 2463/2463 2462/2462 
f 2468/2468 2466/2466 2465/2465 
f 2468/2468 2467/2467 2466/2466 
f 2472/2472 2470/2470 2469/2469 
f 2472/2472 2471/2471 2470/2470 
f 2476/2476 2474/2474 2473/2473 
f 2476/2476 2475/2475 2474/2474 
f 2480/2480 2478/2478 2477/2477 
f 2480/2480 2479/2479 2478/2478 
f 2484/2484 2482/2482 2481/2481 
f 2484/2484 2483/2483 2482/2482 
f 2488/2488 2486/2486 2485/2485 
f 2488/2488 2487/2487 2486/2486 
f 2492/2492 2490/2490 2489/2489 
f 2492/2492 2491/2491 2490/2490 
f 2496/2496 2494/2494 2493/2493 
f 2496/2496 2495/2495 2494/2494 
f 2500/2500 2498/2498 2497/2497 
f 2500/2500 2499/2499 2498/2498 
f 2504/2504 2502/2502 2501/2501 
f 2504/2504 2503/2503 2502/2502 
f 2508/2508 2506/2506 2505/2505 
f 2508/2508 2507/2507 2506/2506 
f 2512/2512 2510/2510 2509/2509 
f 2512/2512 2511/2511 2510/2510 
f 2516/2516 2514/2514 2513/2513 
f 2516/2516 2515/2515 2514/2514 
f 2520/2520 2518/2518 2517/2517 
f 2520/2520 2519/2519 2518/2518 
f 2524/2524 2522/2522 2521/2521 
f 2524/2524 2523/2523 2522/2522 
f 2528/2528 2526/2526 2525/2525 
f 2528/2528 2527/2527 2526/2526 
f 2532/2532 2530/2530 2529/2529 
f 2532/2532 2531/2531 2530/2530 
f 2536/2536 2534/2534 2533/2533 
f 2536/2536 2535/2535 2534/2534 
f 2540/2540 2538/2538 2537/2537 
f 2540/2540 2539/2539 2538/2538 
f 2544/2544 2542/2542 2541/2541 
f 2544/2544 2543/2543 2542/2542 
f 2548/2548 2546/2546 2545/2545 
f 2548/2548 2547/2547 2546/2546 
f 2552/2552 2550/2550 2549/2549 
f 2552/2552 2551/2551 2550/2550 
f 2556/2556 2554/2554 2553/2553 
f 2556/2556 2555/2555 2554/2554 
f 2560/2560 2558/2558 2557/2557 
f 2560/2560 2559/2559 2558/2558 
f 2564/2564 2562/2562 2561/2561 
f 2564/2564 2563/2563 2562/2562 
f 2568/2568 2566/2566 2565/2565 
f 2568/2568 2567/2567 2566/2566 
f 2572/2572 2570/2570 2569/2569 
f 2572/2572 2571/2571 2570/2570 
f 2576/2576 2574/2574 2573/2573 
f 2576/2576 2575/2575 2574/2574 
f 2580/2580 2578/2578 2577/2577 
f 2580/2580 2579/2579 2578/2578 
f 2584/2584 2582/2582 2581/2581 
f 2584/2584 2583/2583 2582/2582 
f 2588/2588 2586/2586 2585/2585 
f 2588/2588 2587/2587 2586/2586 
f 2592/2592 2590/2590 2589/2589 
f 2592/2592 2591/2591 2590/2590 
f 2596/2596 2594/2594 2593/2593 
f 2596/2596 2595/2595 2594/2594 
f 2600/2600 2598/2598 2597/2597 
f 2600/2600 2599/2599 2598/2598 
f 2604/2604 2602/2602 2601/2601 
f 2604/2604 2603/2603 2602/2602 
f 2608/2608 2606/2606 2605/2605 
f 2608/2608 2607/2607 2606/2606 
f 2612/2612 2610/2610 2609/2609 
f 2612/2612 2611/2611 2610/2610 
f 2616/2616 2614/2614 2613/2613 
f 2616/2616 2615/2615 2614/2614 
f 2620/2620 2618/2618 2617/2617 
f 2620/2620 2619/2619 2618/2618 
f 2624/2624 2622/2622 2621/2621 
f 2624/2624 2623/2623 2622/2622 
f 2628/2628 2626/2626 2625/2625 
f 2628/2628 2627/2627 2626/2626 
f 2632/2632 2630/2630 2629/2629 
f 2632/2632 2631/2631 2630/2630 
f 2636/2636 2634/2634 2633/2633 
f 2636/2636 2635/2635 2634/2634 
f 2640/2640 2638/2638 2637/2637 
f 2640/2640 2639/2639 2638/2638 
f 2644/2644 2642/2642 2641/2641 
f 2644/2644 2643/2643 2642/2642 
f 2648/2648 2646/2646 2645/2645 
f 2648/2648 2647/2647 2646/2646 
f 2652/2652 2650/2650 2649/2649 
f 2652/2652 2651/2651 2650/2650 
f 2656/2656 2654/2654 2653/2653 
f 2656/2656 2655/2655 2654/2654 
f 2660/2660 2658/2658 2657/2657 
f 2660/2660 2659/2659 2658/2658 
f 2664/2664 2662/2662 2661/2661 
f 2664/2664 2663/2663 2662/2662 
f 2668/2668 2666/2666 2665/2665 
f 2668/2668 2667/2667 2666/2666 
f 2672/2672 2670/2670 2669/2669 
f 2672/2672 2671/2671 2670/2670 
f 2676/2676 2674/2674 2673/2673 
f 2676/2676 2675/2675 2674/2674 
f 2680/2680 2678/2678 2677/2677 
f 2680/2680 2679/2679 2678/2678 
f 2684/2684 2682/2682 2681/2681 
f 2684/2684 2683/2683 2682/2682 
f 2688/2688 2686/2686 2685/2685 
f 2688/2688 2687/2687 2686/2686 
f 2692/2692 2690/2690 2689/2689 
f 2692/2692 2691/2691 2690/2690 
f 2696/2696 2694/2694 2693/2693 
f 2696/2696 2695/2695 2694/2694 
f 2700/2700 2698/2698 2697/2697 
f 2700/2700 2699/2699 2698/2698 
f 2704/2704 2702/2702 2701/2701 
f 2704/2704 2703/2703 2702/2702 
f 2708/2708 2706/2706 2705/2705 
f 2708/2708 2707/2707 2706/2706 
f 2712/2712 2710/2710 2709/2709 
f 2712/2712 2711/2711 2710/2710 
f 2716/2716 2714/2714 2713/2713 
f 2716/2716 2715/2715 2714/2714 
f 2720/2720 2718/2718 2717/2717 
f 2720/2720 2719/2719 2718/2718 
f 2724/2724 2722/2722 2721/2721 
f 2724/2724 2723/2723 2722/2722 
f 2728/2728 2726/2726 2725/2725 
f 2728/2728 2727/2727 2726/2726 
f 2732/2732 2730/2730 2729/2729 
f 2732/2732 2731/2731 2730/2730 
f 2736/2736 2734/2734 2733/2733 
f 2736/2736 2735/2735 2734/2734 
f 2740/2740 2738/2738 2737/2737 
f 2740/2740 2739/2739 2738/2738 
f 2744/2744 2742/2742 2741/2741 
f 2744/2744 2743/2743 2742/2742 
f 2748/2748 2746/2746 2745/2745 
f 2748/2748 2747/2747 2746/2746 
f 2752/2752 2750/2750 2749/2749 
f 2752/2752 2751/2751 2750/2750 
f 2756/2756 2754/2754 2753/2753 
f 2756/2756 2755/2755 2754/2754 
f 2760/2760 2758/2758 2757/2757 
f 2760/2760 2759/2759 2758/2758 
f 2764/2764 2762/2762 2761/2761 
f 2764/2764 2763/2763 2762/2762 
f 2768/2768 2766/2766 2765/2765 
f 2768/2768 2767/2767 2766/2766 
f 2772/2772 2770/2770 2769/2769 
f 2772/2772 2771/2771 2770/2770 
f 2776/2776 2774/2774 2773/2773 
f 2776/2776 2775/2775 2774/2774 
f 2780/2780 2778/2778 2777/2777 
f 2780/2780 2779/2779 2778/2778 
f 2784/2784 2782/2782 2781/2781 
f 2784/2784 2783/2783 2782/2782 
f 2788/2788 2786/2786 2785/2785 
f 2788/2788 2787/2787 2786/2786 
f 2792/2792 2790/2790 2789/2789 
f 2792/2792 2791/2791 2790/2790 
f 2796/2796 2794/2794 2793/2793 
f 2796/2796 2795/2795 2794/2794 
f 2800/2800 2798/2798 2797/2797 
f 2800/2800 2799/2799 2798/2798 
f 2804/2804 2802/2802 2801/2801 
f 2804/2804 2803/2803 2802/2802 
f 2808/2808 2806/2806 2805/2805 
f 2808/2808 2807/2807 2806/2806 
f 2812/2812 2810/2810 2809/2809 
f 2812/2812 2811/2811 2810/2810 
f 2816/2816 2814/2814 2813/2813 
f 2816/2816 2815/2815 2814/2814 
f 2820/2820 2818/2818 2817/2817 
f 2820/2820 2819/2819 2818/2818 
f 2824/2824 2822/2822 2821/2821 
f 2824/2824 2823/2823 2822/2822 
f 2828/2828 2826/2826 2825/2825 
f 2828/2828 2827/2827 2826/2826 
f 2832/2832 2830/2830 2829/2829 
f 2832/2832 2831/2831 2830/2830 
f 2836/2836 2834/2834 2833/2833 
f 2836/2836 2835/2835 2834/2834 
f 2840/2840 2838/2838 2837/2837 
f 2840/2840 2839/2839 2838/2838 
f 2844/2844 2842/2842 2841/2841 
f 2844/2844 2843/2843 2842/2842 
f 2848/2848 2846/2846 2845/2845 
f 2848/2848 2847/2847 2846/2846 
f 2852/2852 2850/2850 2849/2849 
f 2852/2852 2851/2851 2850/2850 
f 2856/2856 2854/2854 2853/2853 
f 2856/2856 2855/2855 2854/2854 
f 2860/2860 2858/2858 2857/2857 
f 2860/2860 2859/2859 2858/2858 
f 2864/2864 2862/2862 2861/2861 
f 2864/2864 2863/2863 2862/2862 
f 2868/2868 2866/2866 2865/2865 
f 2868/2868 2867/2867 2866/2866 
f 2872/2872 2870/2870 2869/2869 
f 2872/2872 2871/2871 2870/2870 
f 2876/2876 2874/2874 2873/2873 
f 2876/2876 2875/2875 2874/2874 
f 2880/2880 2878/2878 2877/2877 
f 2880/2880 2879/2879 2878/2878 
f 2884/2884 2882/2882 2881/2881 
f 2884/2884 2883/2883 2882/2882 
f 2888/2888 2886/2886 2885/2885 
f 2888/2888 2887/2887 2886/2886 
f 2892/2892 2890/2890 2889/2889 
f 2892/2892 2891/2891 2890/2890 
f 2896/2896 2894/2894 2893/2893 
f 2896/2896 2895/2895 2894/2894 
f 2900/2900 2898/2898 2897/2897 
f 2900/2900 2899/2899 2898/2898 
f 2904/2904 2902/2902 2901/2901 
f 2904/2904 2903/2903 2902/2902 
f 2908/2908 2906/2906 2905/2905 
f 2908/2908 2907/2907 2906/2906 
f 2912/2912 2910/2910 2909/2909 
f 2912/2912 2911/2911 2910/2910 
f 2916/2916 2914/2914 2913/2913 
f 2916/2916 2915/2915 2914/2914 
f 2920/2920 2918/2918 2917/2917 
f 2920/2920 2919/2919 2918/2918 
f 2924/2924 2922/2922 2921/2921 
f 2924/2924 2923/2923 2922/2922 
f 2928/2928 2926/2926 2925/2925 
f 2928/2928 2927/2927 2926/2926 
f 2932/2932 2930/2930 2929/2929 
f 2932/2932 2931/2931 2930/2930 
f 2936/2936 2934/2934 2933/2933 
f 2936/2936 2935/2935 2934/2934 
f 2940/2940 2938/2938 2937/2937 
f 2940/2940 2939/2939 2938/2938 
f 2944/2944 2942/2942 2941/2941 
f 2944/2944 2943/2943 2942/2942 
f 2948/2948 2946/2946 2945/2945 
f 2948/2948 2947/2947 2946/2946 
f 2952/2952 2950/2950 2949/2949 
f 2952/2952 2951/2951 2950/2950 
f 2956/2956 2954/2954 2953/2953 
f 2956/2956 2955/2955 2954/2954 
f 2960/2960 2958/2958 2957/2957 
f 2960/2960 2959/2959 2958/2958 
f 2964/2964 2962/2962 2961/2961 
f 2964/2964 2963/2963 2962/2962 
f 2968/2968 2966/2966 2965/2965 
f 2968/2968 2967/2967 2966/2966 
f 2972/2972 2970/2970 2969/2969 
f 2972/2972 2971/2971 2970/2970 
f 2976/2976 2974/2974 2973/2973 
f 2976/2976 2975/2975 2974/2974 
f 2980/2980 2978/2978 2977/2977 
f 2980/2980 2979/2979 2978/2978 
f 2984/2984 2982/2982 2981/2981 
f 2984/2984 2983/2983 2982/2982 
f 2988/2988 2986/2986 2985/2985 
f 2988/2988 2987/2987 2986/2986 
f 2992/2992 2990/2990 2989/2989 
f 2992/2992 2991/2991 2990/2990 
f 2996/2996 2994/2994 2993/2993 
f 2996/2996 2995/2995 2994/2994 
f 3000/3000 2998/2998 2997/2997 
f 3000/3000 2999/2999 2998/2998 
f 3004/3004 3002/3002 3001/3001 
f 3004/3004 3003/3003 3002/3002 
f 3008/3008 3006/3006 3005/3005 
f 3008/3008 3007/3007 3006/3006 
f 3012/3012 3010/3010 3009/3009 
f 3012/3012 3011/3011 3010/3010 
f 3016/3016 3014/3014 3013/3013 
f 3016/3016 3015/3015 3014/3014 
f 3020/3020 3018/3018 3017/3017 
f 3020/3020 3019/3019 3018/3018 
f 3024/3024 3022/3022 3021/3021 
f 3024/3024 3023/3023 3022/3022 
f 3028/3028 3026/3026 3025/3025 
f 3028/3028 3027/3027 3026/3026 
f 3032/3032 3030/3030 3029/3029 
f 3032/3032 3031/3031 3030/3030 
f 3036/3036 3034/3034 3033/3033 
f 3036/3036 3035/3035 3034/3034 
f 3040/3040 3038/3038 3037/3037 
f 3040/3040 3039/3039 3038/3038 
f 3044/3044 3042/3042 3041/3041 
f 3044/3044 3043/3043 3042/3042 
f 3048/3048 3046/3046 3045/3045 
f 3048/3048 3047/3047 3046/3046 
f 3052/3052 3050/3050 3049/3049 
f 3052/3052 3051/3051 3050/3050 
f 3056/3056 3054/3054 3053/3053 
f 3056/3056 3055/3055 3054/3054 
f 3060/3060 3058/3058 3057/3057 
f 3060/3060 3059/3059 3058/3058 
f 3064/3064 3062/3062 3061/3061 
f 3064/3064 3063/3063 3062/3062 
f 3068/3068 3066/3066 3065/3065 
f 3068/3068 3067/3067 3066/3066 
f 3072/3072 3070/3070 3069/3069 
f 3072/3072 3071/3071 3070/3070 
f 3076/3076 3074/3074 3073/3073 
f 3076/3076 3075/3075 3074/3074 
f 3080/3080 3078/3078 3077/3077 
f 3080/3080 3079/3079 3078/3078 
f 3084/3084 3082/3082 3081/3081 
f 3084/3084 3083/3083 3082/3082 
f 3088/3088 3086/3086 3085/3085 
f 3088/3088 3087/3087 3086/3086 
f 3092/3092 3090/3090 3089/3089 
f 3092/3092 3091/3091 3090/3090 
f 3096/3096 3094/3094 3093/3093 
f 3096/3096 3095/3095 3094/3094 
f 3100/3100 3098/3098 3097/3097 
f 3100/3100 3099/3099 3098/3098 
f 3104/3104 3102/3102 3101/3101 
f 3104/3104 3103/3103 3102/3102 
f 3108/3108 3106/3106 3105/3105 
f 3108/3108 3107/3107 3106/3106 
f 3112/3112 3110/3110 3109/3109 
f 3112/3112 3111/3111 3110/3110 
f 3116/3116 3114/3114 3113/3113 
f 3116/3116 3115/3115 3114/3114 
f 3120/3120 3118/3118 3117/3117 
f 3120/3120 3119/3119 3118/3118 
f 3124/3124 3122/3122 3121/3121 
f 3124/3124 3123/3123 3122/3122 
f 3128/3128 3126/3126 3125/3125 
f 3128/3128 3127/3127 3126/3126 
f 3132/3132 3130/3130 3129/3129 
f 3132/3132 3131/3131 3130/3130 
f 3136/3136 3134/3134 3133/3133 
f 3136/3136 3135/3135 3134/3134 
f 3140/3140 3138/3138 3137/3137 
f 3140/3140 3139/3139 3138/3138 
f 3144/3144 3142/3142 3141/3141 
f 3144/3144 3143/3143 3142/3142 
f 3148/3148 3146/3146 3145/3145 
f 3148/3148 3147/3147 3146/3146 
f 3152/3152 3150/3150 3149/3149 
f 3152/3152 3151/3151 3150/3150 
f 3156/3156 3154/3154 3153/3153 
f 3156/3156 3155/3155 3154/3154 
f 3160/3160 3158/3158 3157/3157 
f 3160/3160 3159/3159 3158/3158 
f 3164/3164 3162/3162 3161/3161 
f 3164/3164 3163/3163 3162/3162 
f 3168/3168 3166/3166 3165/3165 
f 3168/3168 3167/3167 3166/3166 
f 3172/3172 3170/3170 3169/3169 
f 3172/3172 3171/3171 3170/3170 
f 3176/3176 3174/3174 3173/3173 
f 3176/3176 3175/3175 3174/3174 
f 3180/3180 3178/3178 3177/3177 
f 3180/3180 3179/3179 3178/3178 
f 3184/3184 3182/3182 3181/3181 
f 3184/3184 3183/3183 3182/3182 
f 3188/3188 3186/3186 3185/3185 
f 3188/3188 3187/3187 3186/3186 
f 3192/3192 3190/3190 3189/3189 
f 3192/3192 3191/3191 3190/3190 
f 3196/3196 3194/3194 3193/3193 
f 3196/3196 3195/3195 3194/3194 
f 3200/3200 3198/3198 3197/3197 
f 3200/3200 3199/3199 3198/3198 
f 3204/3204 3202/3202 3201/3201 
f 3204/3204 3203/3203 3202/3202 
f 3208/3208 3206/3206 3205/3205 
f 3208/3208 3207/3207 3206/3206 
f 3212/3212 3210/3210 3209/3209 
f 3212/3212 3211/3211 3210/3210 
f 3216/3216 3214/3214 3213/3213 
f 3216/3216 3215/3215 3214/3214 
f 3220/3220 3218/3218 3217/3217 
f 3220/3220 3219/3219 3218/3218 
f 3224/3224 3222/3222 3221/3221 
f 3224/3224 3223/3223 3222/3222 
f 3228/3228 3226/3226 3225/3225 
f 3228/3228 3227/3227 3226/3226 
f 3232/3232 3230/3230 3229/3229 
f 3232/3232 3231/3231 3230/3230 
f 3236/3236 3234/3234 3233/3233 
f 3236/3236 3235/3235 3234/3234 
f 3240/3240 3238/3238 3237/3237 
f 3240/3240 3239/3239 3238/3238 
f 3244/3244 3242/3242 3241/3241 
f 3244/3244 3243/3243 3242/3242 
f 3248/3248 3246/3246 3245/3245 
f 3248/3248 3247/3247 3246/3246 
f 3252/3252 3250/3250 3249/3249 
f 3252/3252 3251/3251 3250/3250 
f 3256/3256 3254/3254 3253/3253 
f 3256/3256 3255/3255 3254/3254 
f 3260/3260 3258/3258 3257/3257 
f 3260/3260 3259/3259 3258/3258 
f 3264/3264 3262/3262 3261/3261 
f 3264/3264 3263/3263 3262/3262 
f 3268/3268 3266/3266 3265/3265 
f 3268/3268 3267/3267 3266/3266 
f 3272/3272 3270/3270 3269/3269 
f 3272/3272 3271/3271 3270/3270 
f 3276/3276 3274/3274 3273/3273 
f 3276/3276 3275/3275 3274/3274 
f 3280/3280 3278/3278 3277/3277 
f 3280/3280 3279/3279 3278/3278 
f 3284/3284 3282/3282 3281/3281 
f 3284/3284 3283/3283 3282/3282 
f 3288/3288 3286/3286 3285/3285 
f 3288/3288 3287/3287 3286/3286 
f 3292/3292 3290/3290 3289/3289 
f 3292/3292 3291/3291 3290/3290 
f 3296/3296 3294/3294 3293/3293 
f 3296/3296 3295/3295 3294/3294 
f 3300/3300 3298/3298 3297/3297 
f 3300/3300 3299/3299 3298/3298 
f 3304/3304 3302/3302 3301/3301 
f 3304/3304 3303/3303 3302/3302 
f 3308/3308 3306/3306 3305/3305 
f 3308/3308 3307/3307 3306/3306 
f 3312/3312 3310/3310 3309/3309 
f 3312/3312 3311/3311 3310/3310 
f 3316/3316 3314/3314 3313/3313 
f 3316/3316 3315/3315 3314/3314 
f 3320/3320 3318/3318 3317/3317 
f 3320/3320 3319/3319 3318/3318 
f 3324/3324 3322/3322 3321/3321 
f 3324/3324 3323/3323 3322/3322 
f 3328/3328 3326/3326 3325/3325 
f 3328/3328 3327/3327 3326/3326 
f 3332/3332 3330/3330 3329/3329 
f 3332/3332 3331/3331 3330/3330 
f 3336/3336 3334/3334 3333/3333 
f 3336/3336 3335/3335 3334/3334 
f 3340/3340 3338/3338 3337/3337 
f 3340/3340 3339/3339 3338/3338 
f 3344/3344 3342/3342 3341/3341 
f 3344/3344 3343/3343 3342/3342 
f 3348/3348 3346/3346 3345/3345 
f 3348/3348 3347/3347 3346/3346 
f 3352/3352 3350/3350 3349/3349 
f 3352/3352 3351/3351 3350/3350 
f 3356/3356 3354/3354 3353/3353 
f 3356/3356 3355/3355 3354/3354 
f 3360/3360 3358/3358 3357/3357 
f 3360/3360 3359/3359 3358/3358 
f 3364/3364 3362/3362 3361/3361 
f 3364/3364 3363/3363 3362/3362 
f 3368/3368 3366/3366 3365/3365 
f 3368/3368 3367/3367 3366/3366 
f 3372/3372 3370/3370 3369/3369 
f 3372/3372 3371/3371 3370/3370 
f 3376/3376 3374/3374 3373/3373 
f 3376/3376 3375/3375 3374/3374 
f 3380/3380 3378/3378 3377/3377 
f 3380/3380 3379/3379 3378/3378 
f 3384/3384 3382/3382 3381/3381 
f 3384/3384 3383/3383 3382/3382 
f 3388/3388 3386/3386 3385/3385 
f 3388/3388 3387/3387 3386/3386 
f 3392/3392 3390/3390 3389/3389 
f 3392/3392 3391/3391 3390/3390 
f 3396/3396 3394/3394 3393/3393 
f 3396/3396 3395/3395 3394/3394 
f 3400/3400 3398/3398 3397/3397 
f 3400/3400 3399/3399 3398/3398 
f 3404/3404 3402/3402 3401/3401 
f 3404/3404 3403/3403 3402/3402 
f 3408/3408 3406/3406 3405/3405 
f 3408/3408 3407/3407 3406/3406 
f 3412/3412 3410/3410 3409/3409 
f 3412/3412 3411/3411 3410/3410 
f 3416/3416 3414/3414 3413/3413 
f 3416/3416 3415/3415 3414/3414 
f 3420/3420 3418/3418 3417/3417 
f 3420/3420 3419/3419 3418/3418 
f 3424/3424 3422/3422 3421/3421 
f 3424/3424 3423/3423 3422/3422 
f 3428/3428 3426/3426 3425/3425 
f 3428/3428 3427/3427 3426/3426 
f 3432/3432 3430/3430 3429/3429 
f 3432/3432 3431/3431 3430/3430 
f 3436/3436 3434/3434 3433/3433 
f 3436/3436 3435/3435 3434/3434 
f 3440/3440 3438/3438 3437/3437 
f 3440/3440 3439/3439 3438/3438 
f 3444/3444 3442/3442 3441/3441 
f 3444/3444 3443/3443 3442/3442 
f 3448/3448 3446/3446 3445/3445 
f 3448/3448 3447/3447 3446/3446 
f 3452/3452 3450/3450 3449/3449 
f 3452/3452 3451/3451 3450/3450 
f 3456/3456 3454/3454 3453/3453 
f 3456/3456 3455/3455 3454/3454 
f 3460/3460 3458/3458 3457/3457 
f 3460/3460 3459/3459 3458/3458 
f 3464/3464 3462/3462 3461/3461 
f 3464/3464 3463/3463 3462/3462 
f 3468/3468 3466/3466 3465/3465 
f 3468/3468 3467/3467 3466/3466 
f 3472/3472 3470/3470 3469/3469 
f 3472/3472 3471/3471 3470/3470 
f 3476/3476 3474/3474 3473/3473 
f 3476/3476 3475/3475 3474/3474 
f 3480/3480 3478/3478 3477/3477 
f 3480/3480 3479/3479 3478/3478 
f 3484/3484 3482/3482 3481/3481 
f 3484/3484 3483/3483 3482/3482 
f 3488/3488 3486/3486 3485/3485 
f 3488/3488 3487/3487 3486/3486 
f 3492/3492 3490/3490 3489/3489 
f 3492/3492 3491/3491 3490/3490 
f 3496/3496 3494/3494 3493/3493 
f 3496/3496 3495/3495 3494/3494 
f 3500/3500 3498/3498 3497/3497 
f 3500/3500 3499/3499 3498/3498 
f 3504/3504 3502/3502 3501/3501 
f 3504/3504 3503/3503 3502/3502 
f 3508/3508 3506/3506 3505/3505 
f 3508/3508 3507/3507 3506/3506 
f 3512/3512 3510/3510 3509/3509 
f 3512/3512 3511/3511 3510/3510 
f 3516/3516 3514/3514 3513/3513 
f 3516/3516 3515/3515 3514/3514 
f 3520/3520 3518/3518 3517/3517 
f 3520/3520 3519/3519 3518/3518 
f 3524/3524 3522/3522 3521/3521 
f 3524/3524 3523/3523 3522/3522 
f 3528/3528 3526/3526 3525/3525 
f 3528/3528 3527/3527 3526/3526 
f 3532/3532 3530/3530 3529/3529 
f 3532/3532 3531/3531 3530/3530 
f 3536/3536 3534/3534 3533/3533 
f 3536/3536 3535/3535 3534/3534 
f 3540/3540 3538/3538 3537/3537 
f 3540/3540 3539/3539 3538/3538 
f 3544/3544 3542/3542 3541/3541 
f 3544/3544 3543/3543 3542/3542 
f 3548/3548 3546/3546 3545/3545 
f 3548/3548 3547/3547 3546/3546 
f 3552/3552 3550/3550 3549/3549 
f 3552/3552 3551/3551 3550/3550 
f 3556/3556 3554/3554 3553/3553 
f 3556/3556 3555/3555 3554/3554 
f 3560/3560 3558/3558 3557/3557 
f 3560/3560 3559/3559 3558/3558 
f 3564/3564 3562/3562 3561/3561 
f 3564/3564 3563/3563 3562/3562 
f 3568/3568 3566/3566 3565/3565 
f 3568/3568 3567/3567 3566/3566 
f 3572/3572 3570/3570 3569/3569 
f 3572/3572 3571/3571 3570/3570 
f 3576/3576 3574/3574 3573/3573 
f 3576/3576 3575/3575 3574/3574 
f 3580/3580 3578/3578 3577/3577 
f 3580/3580 3579/3579 3578/3578 
f 3584/3584 3582/3582 3581/3581 
f 3584/3584 3583/3583 3582/3582 
f 3588/3588 3586/3586 3585/3585 
f 3588/3588 3587/3587 3586/3586 
f 3592/3592 3590/3590 3589/3589 
f 3592/3592 3591/3591 3590/3590 
f 3596/3596 3594/3594 3593/3593 
f 3596/3596 3595/3595 3594/3594 
f 3600/3600 3598/3598 3597/3597 
f 3600/3600 3599/3599 3598/3598 
f 3604/3604 3602/3602 3601/3601 
f 3604/3604 3603/3603 3602/3602 
f 3608/3608 3606/3606 3605/3605 
f 3608/3608 3607/3607 3606/3606 
f 3612/3612 3610/3610 3609/3609 
f 3612/3612 3611/3611 3610/3610 
f 3616/3616 3614/3614 3613/3613 
f 3616/3616 3615/3615 3614/3614 
f 3620/3620 3618/3618 3617/3617 
f 3620/3620 3619/3619 3618/3618 
f 3624/3624 3622/3622 3621/3621 
f 3624/3624 3623/3623 3622/3622 
f 3628/3628 3626/3626 3625/3625 
f 3628/3628 3627/3627 3626/3626 
f 3632/3632 3630/3630 3629/3629 
f 3632/3632 3631/3631 3630/3630 
f 3636/3636 3634/3634 3633/3633 
f 3636/3636 3635/3635 3634/3634 
f 3640/3640 3638/3638 3637/3637 
f 3640/3640 3639/3639 3638/3638 
f 3644/3644 3642/3642 3641/3641 
f 3644/3644 3643/3643 3642/3642 
f 3648/3648 3646/3646 3645/3645 
f 3648/3648 3647/3647 3646/3646 
f 3652/3652 3650/3650 3649/3649 
f 3652/3652 3651/3651 3650/3650 
f 3656/3656 3654/3654 3653/3653 
f 3656/3656 3655/3655 3654/3654 
f 3660/3660 3658/3658 3657/3657 
f 3660/3660 3659/3659 3658/3658 
f 3664/3664 3662/3662 3661/3661 
f 3664/3664 3663/3663 3662/3662 
f 3668/3668 3666/3666 3665/3665 
f 3668/3668 3667/3667 3666/3666 
f 3672/3672 3670/3670 3669/3669 
f 3672/3672 3671/3671 3670/3670 
f 3676/3676 3674/3674 3673/3673 
f 3676/3676 3675/3675 3674/3674 
f 3680/3680 3678/3678 3677/3677 
f 3680/3680 3679/3679 3678/3678 
f 3684/3684 3682/3682 3681/3681 
f 3684/3684 3683/3683 3682/3682 
f 3688/3688 3686/3686 3685/3685 
f 3688/3688 3687/3687 3686/3686 
f 3692/3692 3690/3690 3689/3689 
f 3692/3692 3691/3691 3690/3690 
f 3696/3696 3694/3694 3693/3693 
f 3696/3696 3695/3695 3694/3694 
f 3700/3700 3698/3698 3697/3697 
f 3700/3700 3699/3699 3698/3698 
f 3704/3704 3702/3702 3701/3701 
f 3704/3704 3703/3703 3702/3702 
f 3708/3708 3706/3706 3705/3705 
f 3708/3708 3707/3707 3706/3706 
f 3712/3712 3710/3710 3709/3709 
f 3712/3712 3711/3711 3710/3710 
f 3716/3716 3714/3714 3713/3713 
f 3716/3716 3715/3715 3714/3714 
f 3720/3720 3718/3718 3717/3717 
f 3720/3720 3719/3719 3718/3718 
f 3724/3724 3722/3722 3721/3721 
f 3724/3724 3723/3723 3722/3722 
f 3728/3728 3726/3726 3725/3725 
f 3728/3728 3727/3727 3726/3726 
f 3732/3732 3730/3730 3729/3729 
f 3732/3732 3731/3731 3730/3730 
f 3736/3736 3734/3734 3733/3733 
f 3736/3736 3735/3735 3734/3734 
f 3740/3740 3738/3738 3737/3737 
f 3740/3740 3739/3739 3738/3738 
f 3744/3744 3742/3742 3741/3741 
f 3744/3744 3743/3743 3742/3742 
f 3748/3748 3746/3746 3745/3745 
f 3748/3748 3747/3747 3746/3746 
f 3752/3752 3750/3750 3749/3749 
f 3752/3752 3751/3751 3750/3750 
f 3756/3756 3754/3754 3753/3753 
f 3756/3756 3755/3755 3754/3754 
f 3760/3760 3758/3758 3757/3757 
f 3760/3760 3759/3759 3758/3758 
f 3764/3764 3762/3762 3761/3761 
f 3764/3764 3763/3763 3762/3762 
f 3768/3768 3766/3766 3765/3765 
f 3768/3768 3767/3767 3766/3766 
f 3772/3772 3770/3770 3769/3769 
f 3772/3772 3771/3771 3770/3770 
f 3776/3776 3774/3774 3773/3773 
f 3776/3776 3775/3775 3774/3774 
f 3780/3780 3778/3778 3777/3777 
f 3780/3780 3779/3779 3778/3778 
f 3784/3784 3782/3782 3781/3781 
f 3784/3784 3783/3783 3782/3782 
f 3788/3788 3786/3786 3785/3785 
f 3788/3788 3787/3787 3786/3786 
f 3792/3792 3790/3790 3789/3789 
f 3792/3792 3791/3791 3790/3790 
f 3796/3796 3794/3794 3793/3793 
f 3796/3796 3795/3795 3794/3794 
f 3800/3800 3798/3798 3797/3797 
f 3800/3800 3799/3799 3798/3798 
f 3804/3804 3802/3802 3801/3801 
f 3804/3804 3803/3803 3802/3802 
f 3808/3808 3806/3806 3805/3805 
f 3808/3808 3807/3807 3806/3806 
f 3812/3812 3810/3810 3809/3809 
f 3812/3812 3811/3811 3810/3810 
f 3816/3816 3814/3814 3813/3813 
f 3816/3816 3815/3815 3814/3814 
f 3820/3820 3818/3818 3817/3817 
f 3820/3820 3819/3819 3818/3818 
f 3824/3824 3822/3822 3821/3821 
f 3824/3824 3823/3823 3822/3822 
f 3828/3828 3826/3826 3825/3825 
f 3828/3828 3827/3827 3826/3826 
f 3832/3832 3830/3830 3829/3829 
f 3832/3832 3831/3831 3830/3830 
f 3836/3836 3834/3834 3833/3833 
f 3836/3836 3835/3835 3834/3834 
f 3840/3840 3838/3838 3837/3837 
f 3840/3840 3839/3839 3838/3838 
f 3844/3844 3842/3842 3841/3841 
f 3844/3844 3843/3843 3842/3842 
f 3848/3848 3846/3846 3845/3845 
f 3848/3848 3847/3847 3846/3846 
f 3852/3852 3850/3850 3849/3849 
f 3852/3852 3851/3851 3850/3850 
f 3856/3856 3854/3854 3853/3853 
f 3856/3856 3855/3855 3854/3854 
f 3860/3860 3858/3858 3857/3857 
f 3860/3860 3859/3859 3858/3858 
f 3864/3864 3862/3862 3861/3861 
f 3864/3864 3863/3863 3862/3862 
f 3868/3868 3866/3866 3865/3865 
f 3868/3868 3867/3867 3866/3866 
f 3872/3872 3870/3870 3869/3869 
f 3872/3872 3871/3871 3870/3870 
f 3876/3876 3874/3874 3873/3873 
f 3876/3876 3875/3875 3874/3874 
f 3880/3880 3878/3878 3877/3877 
f 3880/3880 3879/3879 3878/3878 
f 3884/3884 3882/3882 3881/3881 
f 3884/3884 3883/3883 3882/3882 
f 3888/3888 3886/3886 3885/3885 
f 3888/3888 3887/3887 3886/3886 
f 3892/3892 3890/3890 3889/3889 
f 3892/3892 3891/3891 3890/3890 
f 3896/3896 3894/3894 3893/3893 
f 3896/3896 3895/3895 3894/3894 
f 3900/3900 3898/3898 3897/3897 
f 3900/3900 3899/3899 3898/3898 
f 3904/3904 3902/3902 3901/3901 
f 3904/3904 3903/3903 3902/3902 
f 3908/3908 3906/3906 3905/3905 
f 3908/3908 3907/3907 3906/3906 
f 3912/3912 3910/3910 3909/3909 
f 3912/3912 3911/3911 3910/3910 
f 3916/3916 3914/3914 3913/3913 
f 3916/3916 3915/3915 3914/3914 
f 3920/3920 3918/3918 3917/3917 
f 3920/3920 3919/3919 3918/3918 
f 3924/3924 3922/3922 3921/3921 
f 3924/3924 3923/3923 3922/3922 
f 3928/3928 3926/3926 3925/3925 
f 3928/3928 3927/3927 3926/3926 
f 3932/3932 3930/3930 3929/3929 
f 3932/3932 3931/3931 3930/3930 
f 3936/3936 3934/3934 3933/3933 
f 3936/3936 3935/3935 3934/3934 
f 3940/3940 3938/3938 3937/3937 
f 3940/3940 3939/3939 3938/3938 
f 3944/3944 3942/3942 3941/3941 
f 3944/3944 3943/3943 3942/3942 
f 3948/3948 3946/3946 3945/3945 
f 3948/3948 3947/3947 3946/3946 
f 3952/3952 3950/3950 3949/3949 
f 3952/3952 3951/3951 3950/3950 
f 3956/3956 3954/3954 3953/3953 
f 3956/3956 3955/3955 3954/3954 
f 3960/3960 3958/3958 3957/3957 
f 3960/3960 3959/3959 3958/3958 
f 3964/3964 3962/3962 3961/3961 
f 3964/3964 3963/3963 3962/3962 
f 3968/3968 3966/3966 3965/3965 
f 3968/3968 3967/3967 3966/3966 
f 3972/3972 3970/3970 3969/3969 
f 3972/3972 3971/3971 3970/3970 
f 3976/3976 3974/3974 3973/3973 
f 3976/3976 3975/3975 3974/3974 
f 3980/3980 3978/3978 3977/3977 
f 3980/3980 3979/3979 3978/3978 
f 3984/3984 3982/3982 3981/3981 
f 3984/3984 3983/3983 3982/3982 
f 3988/3988 3986/3986 3985/3985 
f 3988/3988 3987/3987 3986/3986 
f 3992/3992 3990/3990 3989/3989 
f 3992/3992 3991/3991 3990/3990 
f 3996/3996 3994/3994 3993/3993 
f 3996/3996 3995/3995 3994/3994 
f 4000/4000 3998/3998 3997/3997 
f 4000/4000 3999/3999 3998/3998 
f 4004/4004 4002/4002 4001/4001 
f 4004/4004 4003/4003 4002/4002 
f 4008/4008 4006/4006 4005/4005 
f 4008/4008 4007/4007 4006/4006 
f 4012/4012 4010/4010 4009/4009 
f 4012/4012 4011/4011 4010/4010 
f 4016/4016 4014/4014 4013/4013 
f 4016/4016 4015/4015 4014/4014 
f 4020/4020 4018/4018 4017/4017 
f 4020/4020 4019/4019 4018/4018 
f 4024/4024 4022/4022 4021/4021 
f 4024/4024 4023/4023 4022/4022 
f 4028/4028 4026/4026 4025/4025 
f 4028/4028 4027/4027 4026/4026 
f 4032/4032 4030/4030 4029/4029 
f 4032/4032 4031/4031 4030/4030 
f 4036/4036 4034/4034 4033/4033 
f 4036/4036 4035/4035 4034/4034 
f 4040/4040 4038/4038 4037/4037 
f 4040/4040 4039/4039 4038/4038 
f 4044/4044 4042/4042 4041/4041 
f 4044/4044 4043/4043 4042/4042 
f 4048/4048 4046/4046 4045/4045 
f 4048/4048 4047/4047 4046/4046 
f 4052/4052 4050/4050 4049/4049 
f 4052/4052 4051/4051 4050/4050 
f 4056/4056 4054/4054 4053/4053 
f 4056/4056 4055/4055 4054/4054 
f 4060/4060 4058/4058 4057/4057 
f 4060/4060 4059/4059 4058/4058 
f 4064/4064 4062/4062 4061/4061 
f 4064/4064 4063/4063 4062/4062 
f 4068/4068 4066/4066 4065/4065 
f 4068/4068 4067/4067 4066/4066 
f 4072/4072 4070/4070 4069/4069 
f 4072/4072 4071/4071 4070/4070 
f 4076/4076 4074/4074 4073/4073 
f 4076/4076 4075/4075 4074/4074 
f 4080/4080 4078/4078 4077/4077 
f 4080/4080 4079/4079 4078/4078 
f 4084/4084 4082/4082 4081/4081 
f 4084/4084 4083/4083 4082/4082 
f 4088/4088 4086/4086 4085/4085 
f 4088/4088 4087/4087 4086/4086 
f 4092/4092 4090/4090 4089/4089 
f 4092/4092 4091/4091 4090/4090 
f 4096/4096 4094/4094 4093/4093 
f 4096/4096 4095/4095 4094/4094 
f 4100/4100 4098/4098 4097/4097 
f 4100/4100 4099/4099 4098/4098 
f 4104/4104 4102/4102 4101/4101 
f 4104/4104 4103/4103 4102/4102 
f 4108/4108 4106/4106 4105/4105 
f 4108/4108 4107/4107 4106/4106 
f 4112/4112 4110/4110 4109/4109 
f 4112/4112 4111/4111 4110/4110 
f 4116/4116 4114/4114 4113/4113 
f 4116/4116 4115/4115 4114/4114 
f 4120/4120 4118/4118 4117/4117 
f 4120/4120 4119/4119 4118/4118 
f 4124/4124 4122/4122 4121/4121 
f 4124/4124 4123/4123 4122/4122 
f 4128/4128 4126/4126 4125/4125 
f 4128/4128 4127/4127 4126/4126 
f 4132/4132 4130/4130 4129/4129 
f 4132/4132 4131/4131 4130/4130 
f 4136/4136 4134/4134 4133/4133 
f 4136/4136 4135/4135 4134/4134 
f 4140/4140 4138/4138 4137/4137 
f 4140/4140 4139/4139 4138/4138 
f 4144/4144 4142/4142 4141/4141 
f 4144/4144 4143/4143 4142/4142 
f 4148/4148 4146/4146 4145/4145 
f 4148/4148 4147/4147 4146/4146 
f 4152/4152 4150/4150 4149/4149 
f 4152/4152 4151/4151 4150/4150 
f 4156/4156 4154/4154 4153/4153 
f 4156/4156 4155/4155 4154/4154 
f 4160/4160 4158/4158 4157/4157 
f 4160/4160 4159/4159 4158/4158 
f 4164/4164 4162/4162 4161/4161 
f 4164/4164 4163/4163 4162/4162 
f 4168/4168 4166/4166 4165/4165 
f 4168/4168 4167/4167 4166/4166 
f 4172/4172 4170/4170 4169/4169 
f 4172/4172 4171/4171 4170/4170 
f 4176/4176 4174/4174 4173/4173 
f 4176/4176 4175/4175 4174/4174 
f 4180/4180 4178/4178 4177/4177 
f 4180/4180 4179/4179 4178/4178 
f 4184/4184 4182/4182 4181/4181 
f 4184/4184 4183/4183 4182/4182 
f 4188/4188 4186/4186 4185/4185 
f 4188/4188 4187/4187 4186/4186 
f 4192/4192 4190/4190 4189/4189 
f 4192/4192 4191/4191 4190/4190 
f 4196/4196 4194/4194 4193/4193 
f 4196/4196 4195/4195 4194/4194 
f 4200/4200 4198/4198 4197/4197 
f 4200/4200 4199/4199 4198/4198 
f 4204/4204 4202/4202 4201/4201 
f 4204/4204 4203/4203 4202/4202 
f 4208/4208 4206/4206 4205/4205 
f 4208/4208 4207/4207 4206/4206 
f 4212/4212 4210/4210 4209/4209 
f 4212/4212 4211/4211 4210/4210 
f 4216/4216 4214/4214 4213/4213 
f 4216/4216 4215/4215 4214/4214 
f 4220/4220 4218/4218 4217/4217 
f 4220/4220 4219/4219 4218/4218 
f 4224/4224 4222/4222 4221/4221 
f 4224/4224 4223/4223 4222/4222 
f 4228/4228 4226/4226 4225/4225 
f 4228/4228 4227/4227 4226/4226 
f 4232/4232 4230/4230 4229/4229 
f 4232/4232 4231/4231 4230/4230 
f 4236/4236 4234/4234 4233/4233 
f 4236/4236 4235/4235 4234/4234 
f 4240/4240 4238/4238 4237/4237 
f 4240/4240 4239/4239 4238/4238 
f 4244/4244 4242/4242 4241/4241 
f 4244/4244 4243/4243 4242/4242 
f 4248/4248 4246/4246 4245/4245 
f 4248/4248 4247/4247 4246/4246 
f 4252/4252 4250/4250 4249/4249 
f 4252/4252 4251/4251 4250/4250 
f 4256/4256 4254/4254 4253/4253 
f 4256/4256 4255/4255 4254/4254 
f 4260/4260 4258/4258 4257/4257 
f 4260/4260 4259/4259 4258/4258 
f 4264/4264 4262/4262 4261/4261 
f 4264/4264 4263/4263 4262/4262 
f 4268/4268 4266/4266 4265/4265 
f 4268/4268 4267/4267 4266/4266 
f 4272/4272 4270/4270 4269/4269 
f 4272/4272 4271/4271 4270/4270 
f 4276/4276 4274/4274 4273/4273 
f 4276/4276 4275/4275 4274/4274 
f 4280/4280 4278/4278 4277/4277 
f 4280/4280 4279/4279 4278/4278 
f 4284/4284 4282/4282 4281/4281 
f 4284/4284 4283/4283 4282/4282 
f 4288/4288 4286/4286 4285/4285 
f 4288/4288 4287/4287 4286/4286 
f 4292/4292 4290/4290 4289/4289 
f 4292/4292 4291/4291 4290/4290 
f 4296/4296 4294/4294 4293/4293 
f 4296/4296 4295/4295 4294/4294 
f 4300/4300 4298/4298 4297/4297 
f 4300/4300 4299/4299 4298/4298 
f 4304/4304 4302/4302 4301/4301 
f 4304/4304 4303/4303 4302/4302 
f 4308/4308 4306/4306 4305/4305 
f 4308/4308 4307/4307 4306/4306 
f 4312/4312 4310/4310 4309/4309 
f 4312/4312 4311/4311 4310/4310 
f 4316/4316 4314/4314 4313/4313 
f 4316/4316 4315/4315 4314/4314 
f 4320/4320 4318/4318 4317/4317 
f 4320/4320 4319/4319 4318/4318 
f 4324/4324 4322/4322 4321/4321 
f 4324/4324 4323/4323 4322/4322 
f 4328/4328 4326/4326 4325/4325 
f 4328/4328 4327/4327 4326/4326 
f 4332/4332 4330/4330 4329/4329 
f 4332/4332 4331/4331 4330/4330 
f 4336/4336 4334/4334 4333/4333 
f 4336/4336 4335/4335 4334/4334 
f 4340/4340 4338/4338 4337/4337 
f 4340/4340 4339/4339 4338/4338 
f 4344/4344 4342/4342 4341/4341 
f 4344/4344 4343/4343 4342/4342 
f 4348/4348 4346/4346 4345/4345 
f 4348/4348 4347/4347 4346/4346 
f 4352/4352 4350/4350 4349/4349 
f 4352/4352 4351/4351 4350/4350 
f 4356/4356 4354/4354 4353/4353 
f 4356/4356 4355/4355 4354/4354 
f 4360/4360 4358/4358 4357/4357 
f 4360/4360 4359/4359 4358/4358 
f 4364/4364 4362/4362 4361/4361 
f 4364/4364 4363/4363 4362/4362 
f 4368/4368 4366/4366 4365/4365 
f 4368/4368 4367/4367 4366/4366 
f 4372/4372 4370/4370 4369/4369 
f 4372/4372 4371/4371 4370/4370 
f 4376/4376 4374/4374 4373/4373 
f 4376/4376 4375/4375 4374/4374 
f 4380/4380 4378/4378 4377/4377 
f 4380/4380 4379/4379 4378/4378 
f 4384/4384 4382/4382 4381/4381 
f 4384/4384 4383/4383 4382/4382 
f 4388/4388 4386/4386 4385/4385 
f 4388/4388 4387/4387 4386/4386 
f 4392/4392 4390/4390 4389/4389 
f 4392/4392 4391/4391 4390/4390 
f 4396/4396 4394/4394 4393/4393 
f 4396/4396 4395/4395 4394/4394 
f 4400/4400 4398/4398 4397/4397 
f 4400/4400 4399/4399 4398/4398 
f 4404/4404 4402/4402 4401/4401 
f 4404/4404 4403/4403 4402/4402 
f 4408/4408 4406/4406 4405/4405 
f 4408/4408 4407/4407 4406/4406 
f 4412/4412 4410/4410 4409/4409 
f 4412/4412 4411/4411 4410/4410 
f 4416/4416 4414/4414 4413/4413 
f 4416/4416 4415/4415 4414/4414 
f 4420/4420 4418/4418 4417/4417 
f 4420/4420 4419/4419 4418/4418 
f 4424/4424 4422/4422 4421/4421 
f 4424/4424 4423/4423 4422/4422 
f 4428/4428 4426/4426 4425/4425 
f 4428/4428 4427/4427 4426/4426 
f 4432/4432 4430/4430 4429/4429 
f 4432/4432 4431/4431 4430/4430 
f 4436/4436 4434/4434 4433/4433 
f 4436/4436 4435/4435 4434/4434 
f 4440/4440 4438/4438 4437/4437 
f 4440/4440 4439/4439 4438/4438 
f 4444/4444 4442/4442 4441/4441 
f 4444/4444 4443/4443 4442/4442 
f 4448/4448 4446/4446 4445/4445 
f 4448/4448 4447/4447 4446/4446 
f 4452/4452 4450/4450 4449/4449 
f 4452/4452 4451/4451 4450/4450 
f 4456/4456 4454/4454 4453/4453 
f 4456/4456 4455/4455 4454/4454 
f 4460/4460 4458/4458 4457/4457 
f 4460/4460 4459/4459 4458/4458 
f 4464/4464 4462/4462 4461/4461 
f 4464/4464 4463/4463 4462/4462 
f 4468/4468 4466/4466 4465/4465 
f 4468/4468 4467/4467 4466/4466 
f 4472/4472 4470/4470 4469/4469 
f 4472/4472 4471/4471 4470/4470 
f 4476/4476 4474/4474 4473/4473 
f 4476/4476 4475/4475 4474/4474 
f 4480/4480 4478/4478 4477/4477 
f 4480/4480 4479/4479 4478/4478 
f 4484/4484 4482/4482 4481/4481 
f 4484/4484 4483/4483 4482/4482 
f 4488/4488 4486/4486 4485/4485 
f 4488/4488 4487/4487 4486/4486 
f 4492/4492 4490/4490 4489/4489 
f 4492/4492 4491/4491 4490/4490 
f 4496/4496 4494/4494 4493/4493 
f 4496/4496 4495/4495 4494/4494 
f 4500/4500 4498/4498 4497/4497 
f 4500/4500 4499/4499 4498/4498 
f 4504/4504 4502/4502 4501/4501 
f 4504/4504 4503/4503 4502/4502 
f 4508/4508 4506/4506 4505/4505 
f 4508/4508 4507/4507 4506/4506 
f 4512/4512 4510/4510 4509/4509 
f 4512/4512 4511/4511 4510/4510 
f 4516/4516 4514/4514 4513/4513 
f 4516/4516 4515/4515 4514/4514 
f 4520/4520 4518/4518 4517/4517 
f 4520/4520 4519/4519 4518/4518 
f 4524/4524 4522/4522 4521/4521 
f 4524/4524 4523/4523 4522/4522 
f 4528/4528 4526/4526 4525/4525 
f 4528/4528 4527/4527 4526/4526 
f 4532/4532 4530/4530 4529/4529 
f 4532/4532 4531/4531 4530/4530 
f 4536/4536 4534/4534 4533/4533 
f 4536/4536 4535/4535 4534/4534 
f 4540/4540 4538/4538 4537/4537 
f 4540/4540 4539/4539 4538/4538 
f 4544/4544 4542/4542 4541/4541 
f 4544/4544 4543/4543 4542/4542 
f 4548/4548 4546/4546 4545/4545 
f 4548/4548 4547/4547 4546/4546 
f 4552/4552 4550/4550 4549/4549 
f 4552/4552 4551/4551 4550/4550 
f 4556/4556 4554/4554 4553/4553 
f 4556/4556 4555/4555 4554/4554 
f 4560/4560 4558/4558 4557/4557 
f 4560/4560 4559/4559 4558/4558 
f 4564/4564 4562/4562 4561/4561 
f 4564/4564 4563/4563 4562/4562 
f 4568/4568 4566/4566 4565/4565 
f 4568/4568 4567/4567 4566/4566 
f 4572/4572 4570/4570 4569/4569 
f 4572/4572 4571/4571 4570/4570 
f 4576/4576 4574/4574 4573/4573 
f 4576/4576 4575/4575 4574/4574 
f 4580/4580 4578/4578 4577/4577 
f 4580/4580 4579/4579 4578/4578 
f 4584/4584 4582/4582 4581/4581 
f 4584/4584 4583/4583 4582/4582 
f 4588/4588 4586/4586 4585/4585 
f 4588/4588 4587/4587 4586/4586 
f 4592/4592 4590/4590 4589/4589 
f 4592/4592 4591/4591 4590/4590 
f 4596/4596 4594/4594 4593/4593 
f 4596/4596 4595/4595 4594/4594 
f 4600/4600 4598/4598 4597/4597 
f 4600/4600 4599/4599 4598/4598 
f 4604/4604 4602/4602 4601/4601 
f 4604/4604 4603/4603 4602/4602 
f 4608/4608 4606/4606 4605/4605 
f 4608/4608 4607/4607 4606/4606 
f 4612/4612 4610/4610 4609/4609 
f 4612/4612 4611/4611 4610/4610 
f 4616/4616 4614/4614 4613/4613 
f 4616/4616 4615/4615 4614/4614 
f 4620/4620 4618/4618 4617/4617 
f 4620/4620 4619/4619 4618/4618 
f 4624/4624 4622/4622 4621/4621 
f 4624/4624 4623/4623 4622/4622 
f 4628/4628 4626/4626 4625/4625 
f 4628/4628 4627/4627 4626/4626 
f 4632/4632 4630/4630 4629/4629 
f 4632/4632 4631/4631 4630/4630 
f 4636/4636 4634/4634 4633/4633 
f 4636/4636 4635/4635 4634/4634 
f 4640/4640 4638/4638 4637/4637 
f 4640/4640 4639/4639 4638/4638 
f 4644/4644 4642/4642 4641/4641 
f 4644/4644 4643/4643 4642/4642 
f 4648/4648 4646/4646 4645/4645 
f 4648/4648 4647/4647 4646/4646 
f 4652/4652 4650/4650 4649/4649 
f 4652/4652 4651/4651 4650/4650 
f 4656/4656 4654/4654 4653/4653 
f 4656/4656 4655/4655 4654/4654 
f 4660/4660 4658/4658 4657/4657 
f 4660/4660 4659/4659 4658/4658 
f 4664/4664 4662/4662 4661/4661 
f 4664/4664 4663/4663 4662/4662 
f 4668/4668 4666/4666 4665/4665 
f 4668/4668 4667/4667 4666/4666 
f 4672/4672 4670/4670 4669/4669 
f 4672/4672 4671/4671 4670/4670 
f 4676/4676 4674/4674 4673/4673 
f 4676/4676 4675/4675 4674/4674 
f 4680/4680 4678/4678 4677/4677 
f 4680/4680 4679/4679 4678/4678 
f 4684/4684 4682/4682 4681/4681 
f 4684/4684 4683/4683 4682/4682 
f 4688/4688 4686/4686 4685/4685 
f 4688/4688 4687/4687 4686/4686 
f 4692/4692 4690/4690 4689/4689 
f 4692/4692 4691/4691 4690/4690 
f 4696/4696 4694/4694 4693/4693 
f 4696/4696 4695/4695 4694/4694 
f 4700/4700 4698/4698 4697/4697 
f 4700/4700 4699/4699 4698/4698 
f 4704/4704 4702/4702 4701/4701 
f 4704/4704 4703/4703 4702/4702 
f 4708/4708 4706/4706 4705/4705 
f 4708/4708 4707/4707 4706/4706 
f 4712/4712 4710/4710 4709/4709 
f 4712/4712 4711/4711 4710/4710 
f 4716/4716 4714/4714 4713/4713 
f 4716/4716 4715/4715 4714/4714 
f 4720/4720 4718/4718 4717/4717 
f 4720/4720 4719/4719 4718/4718 
f 4724/4724 4722/4722 4721/4721 
f 4724/4724 4723/4723 4722/4722 
f 4728/4728 4726/4726 4725/4725 
f 4728/4728 4727/4727 4726/4726 
f 4732/4732 4730/4730 4729/4729 
f 4732/4732 4731/4731 4730/4730 
f 4736/4736 4734/4734 4733/4733 
f 4736/4736 4735/4735 4734/4734 
f 4740/4740 4738/4738 4737/4737 
f 4740/4740 4739/4739 4738/4738 
f 4744/4744 4742/4742 4741/4741 
f 4744/4744 4743/4743 4742/4742 
f 4748/4748 4746/4746 4745/4745 
f 4748/4748 4747/4747 4746/4746 
f 4752/4752 4750/4750 4749/4749 
f 4752/4752 4751/4751 4750/4750 
f 4756/4756 4754/4754 4753/4753 
f 4756/4756 4755/4755 4754/4754 
f 4760/4760 4758/4758 4757/4757 
f 4760/4760 4759/4759 4758/4758 
f 4764/4764 4762/4762 4761/4761 
f 4764/4764 4763/4763 4762/4762 
f 4768/4768 4766/4766 4765/4765 
f 4768/4768 4767/4767 4766/4766 
f 4772/4772 4770/4770 4769/4769 
f 4772/4772 4771/4771 4770/4770 
f 4776/4776 4774/4774 4773/4773 
f 4776/4776 4775/4775 4774/4774 
f 4780/4780 4778/4778 4777/4777 
f 4780/4780 4779/4779 4778/4778 
f 4784/4784 4782/4782 4781/4781 
f 4784/4784 4783/4783 4782/4782 
f 4788/4788 4786/4786 4785/4785 
f 4788/4788 4787/4787 4786/4786 
f 4792/4792 4790/4790 4789/4789 
f 4792/4792 4791/4791 4790/4790 
f 4796/4796 4794/4794 4793/4793 
f 4796/4796 4795/4795 4794/4794 
f 4800/4800 4798/4798 4797/4797 
f 4800/4800 4799/4799 4798/4798 
f 4804/4804 4802/4802 4801/4801 
f 4804/4804 4803/4803 4802/4802 
f 4808/4808 4806/4806 4805/4805 
f 4808/4808 4807/4807 4806/4806 
f 4812/4812 4810/4810 4809/4809 
f 4812/4812 4811/4811 4810/4810 
f 4816/4816 4814/4814 4813/4813 
f 4816/4816 4815/4815 4814/4814 
f 4820/4820 4818/4818 4817/4817 
f 4820/4820 4819/4819 4818/4818 
f 4824/4824 4822/4822 4821/4821 
f 4824/4824 4823/4823 4822/4822 
f 4828/4828 4826/4826 4825/4825 
f 4828/4828 4827/4827 4826/4826 
f 4832/4832 4830/4830 4829/4829 
f 4832/4832 4831/4831 4830/4830 
f 4836/4836 4834/4834 4833/4833 
f 4836/4836 4835/4835 4834/4834 
f 4840/4840 4838/4838 4837/4837 
f 4840/4840 4839/4839 4838/4838 
f 4844/4844 4842/4842 4841/4841 
f 4844/4844 4843/4843 4842/4842 
f 4848/4848 4846/4846 4845/4845 
f 4848/4848 4847/4847 4846/4846 
f 4852/4852 4850/4850 4849/4849 
f 4852/4852 4851/4851 4850/4850 
f 4856/4856 4854/4854 4853/4853 
f 4856/4856 4855/4855 4854/4854 
f 4860/4860 4858/4858 4857/4857 
f 4860/4860 4859/4859 4858/4858 
f 4864/4864 4862/4862 4861/4861 
f 4864/4864 4863/4863 4862/4862 
f 4868/4868 4866/4866 4865/4865 
f 4868/4868 4867/4867 4866/4866 
f 4872/4872 4870/4870 4869/4869 
f 4872/4872 4871/4871 4870/4870 
f 4876/4876 4874/4874 4873/4873 
f 4876/4876 4875/4875 4874/4874 
f 4880/4880 4878/4878 4877/4877 
f 4880/4880 4879/4879 4878/4878 
f 4884/4884 4882/4882 4881/4881 
f 4884/4884 4883/4883 4882/4882 
f 4888/4888 4886/4886 4885/4885 
f 4888/4888 4887/4887 4886/4886 
f 4892/4892 4890/4890 4889/4889 
f 4892/4892 4891/4891 4890/4890 
f 4896/4896 4894/4894 4893/4893 
f 4896/4896 4895/4895 4894/4894 
f 4900/4900 4898/4898 4897/4897 
f 4900/4900 4899/4899 4898/4898 
f 4904/4904 4902/4902 4901/4901 
f 4904/4904 4903/4903 4902/4902 
f 4908/4908 4906/4906 4905/4905 
f 4908/4908 4907/4907 4906/4906 
f 4912/4912 4910/4910 4909/4909 
f 4912/4912 4911/4911 4910/4910 
f 4916/4916 4914/4914 4913/4913 
f 4916/4916 4915/4915 4914/4914 
f 4920/4920 4918/4918 4917/4917 
f 4920/4920 4919/4919 4918/4918 
f 4924/4924 4922/4922 4921/4921 
f 4924/4924 4923/4923 4922/4922 
f 4928/4928 4926/4926 4925/4925 
f 4928/4928 4927/4927 4926/4926 
f 4932/4932 4930/4930 4929/4929 
f 4932/4932 4931/4931 4930/4930 
f 4936/4936 4934/4934 4933/4933 
f 4936/4936 4935/4935 4934/4934 
f 4940/4940 4938/4938 4937/4937 
f 4940/4940 4939/4939 4938/4938 
f 4944/4944 4942/4942 4941/4941 
f 4944/4944 4943/4943 4942/4942 
f 4948/4948 4946/4946 4945/4945 
f 4948/4948 4947/4947 4946/4946 
f 4952/4952 4950/4950 4949/4949 
f 4952/4952 4951/4951 4950/4950 
f 4956/4956 4954/4954 4953/4953 
f 4956/4956 4955/4955 4954/4954 
f 4960/4960 4958/4958 4957/4957 
f 4960/4960 4959/4959 4958/4958 
f 4964/4964 4962/4962 4961/4961 
f 4964/4964 4963/4963 4962/4962 
f 4968/4968 4966/4966 4965/4965 
f 4968/4968 4967/4967 4966/4966 
f 4972/4972 4970/4970 4969/4969 
f 4972/4972 4971/4971 4970/4970 
f 4976/4976 4974/4974 4973/4973 
f 4976/4976 4975/4975 4974/4974 
f 4980/4980 4978/4978 4977/4977 
f 4980/4980 4979/4979 4978/4978 
f 4984/4984 4982/4982 4981/4981 
f 4984/4984 4983/4983 4982/4982 
f 4988/4988 4986/4986 4985/4985 
f 4988/4988 4987/4987 4986/4986 
f 4992/4992 4990/4990 4989/4989 
f 4992/4992 4991/4991 4990/4990 
f 4996/4996 4994/4994 4993/4993 
f 4996/4996 4995/4995 4994/4994 
f 5000/5000 4998/4998 4997/4997 
f 5000/5000 4999/4999 4998/4998 
f 5004/5004 5002/5002 5001/5001 
f 5004/5004 5003/5003 5002/5002 
f 5008/5008 5006/5006 5005/5005 
f 5008/5008 5007/5007 5006/5006 
f 5012/5012 5010/5010 5009/5009 
f 5012/5012 5011/5011 5010/5010 
f 5016/5016 5014/5014 5013/5013 
f 5016/5016 5015/5015 5014/5014 
f 5020/5020 5018/5018 5017/5017 
f 5020/5020 5019/5019 5018/5018 
f 5024/5024 5022/5022 5021/5021 
f 5024/5024 5023/5023 5022/5022 
f 5028/5028 5026/5026 5025/5025 
f 5028/5028 5027/5027 5026/5026 
f 5032/5032 5030/5030 5029/5029 
f 5032/5032 5031/5031 5030/5030 
f 5036/5036 5034/5034 5033/5033 
f 5036/5036 5035/5035 5034/5034 
f 5040/5040 5038/5038 5037/5037 
f 5040/5040 5039/5039 5038/5038 
f 5044/5046 5042/5043 5041/5041 
f 5044/5045 5043/5044 5042/5042 
f 5048/5050 5046/5048 5045/5047 
f 5048/5050 5047/5049 5046/5048 
f 5052/5054 5050/5052 5049/5051 
f 5052/5054 5051/5053 5050/5052 
f 5056/5060 5054/5057 5053/5055 
f 5056/5059 5055/5058 5054/5056 
f 5060/5064 5058/5062 5057/5061 
f 5060/5064 5059/5063 5058/5062 
f 5064/5068 5062/5066 5061/5065 
f 5064/5068 5063/5067 5062/5066 
f 5068/5072 5066/5070 5065/5069 
f 5068/5072 5067/5071 5066/5070 
f 5072/5076 5070/5074 5069/5073 
f 5072/5076 5071/5075 5070/5074 
f 5076/5082 5074/5079 5073/5077 
f 5076/5081 5075/5080 5074/5078 
f 5080/5086 5078/5084 5077/5083 
f 5080/5086 5079/5085 5078/5084 
f 5084/5090 5082/5088 5081/5087 
f 5084/5090 5083/5089 5082/5088 
f 5088/5096 5086/5093 5085/5091 
f 5088/5095 5087/5094 5086/5092 
f 5092/5100 5090/5098 5089/5097 
f 5092/5100 5091/5099 5090/5098 
f 5096/5104 5094/5102 5093/5101 
f 5096/5104 5095/5103 5094/5102 
f 5100/5108 5098/5106 5097/5105 
f 5100/5108 5099/5107 5098/5106 
f 5104/5112 5102/5110 5101/5109 
f 5104/5112 5103/5111 5102/5110 
f 5108/5118 5106/5115 5105/5113 
f 5108/5117 5107/5116 5106/5114 
f 5112/5122 5110/5120 5109/5119 
f 5112/5122 5111/5121 5110/5120 
f 5116/5126 5114/5124 5113/5123 
f 5116/5126 5115/5125 5114/5124 
f 5120/5132 5118/5129 5117/5127 
f 5120/5131 5119/5130 5118/5128 
f 5124/5138 5122/5135 5121/5133 
f 5124/5137 5123/5136 5122/5134 
f 5128/5142 5126/5140 5125/5139 
f 5128/5142 5127/5141 5126/5140 
f 5132/5146 5130/5144 5129/5143 
f 5132/5146 5131/5145 5130/5144 
f 5136/5150 5134/5148 5133/5147 
f 5136/5150 5135/5149 5134/5148 
f 5140/5154 5138/5152 5137/5151 
f 5140/5154 5139/5153 5138/5152 
f 5144/5158 5142/5156 5141/5155 
f 5144/5158 5143/5157 5142/5156 
f 5148/5162 5146/5160 5145/5159 
f 5148/5162 5147/5161 5146/5160 
f 5152/5166 5150/5164 5149/5163 
f 5152/5166 5151/5165 5150/5164 
f 5156/5170 5154/5168 5153/5167 
f 5156/5170 5155/5169 5154/5168 
f 5160/5174 5158/5172 5157/5171 
f 5160/5174 5159/5173 5158/5172 
f 5164/5178 5162/5176 5161/5175 
f 5164/5178 5163/5177 5162/5176 
f 5168/5182 5166/5180 5165/5179 
f 5168/5182 5167/5181 5166/5180 
f 5172/5186 5170/5184 5169/5183 
f 5172/5186 5171/5185 5170/5184 
f 5176/5190 5174/5188 5173/5187 
f 5176/5190 5175/5189 5174/5188 
f 5180/5194 5178/5192 5177/5191 
f 5180/5194 5179/5193 5178/5192 
f 5184/5198 5182/5196 5181/5195 
f 5184/5198 5183/5197 5182/5196 
f 5188/5202 5186/5200 5185/5199 
f 5188/5202 5187/5201 5186/5200 
f 5192/5206 5190/5204 5189/5203 
f 5192/5206 5191/5205 5190/5204 
f 5196/5210 5194/5208 5193/5207 
f 5196/5210 5195/5209 5194/5208 
f 5200/5214 5198/5212 5197/5211 
f 5200/5214 5199/5213 5198/5212 
f 5204/5218 5202/5216 5201/5215 
f 5204/5218 5203/5217 5202/5216 
f 5208/5222 5206/5220 5205/5219 
f 5208/5222 5207/5221 5206/5220 
f 5212/5226 5210/5224 5209/5223 
f 5212/5226 5211/5225 5210/5224 
f 5216/5230 5214/5228 5213/5227 
f 5216/5230 5215/5229 5214/5228 
f 5220/5234 5218/5232 5217/5231 
f 5220/5234 5219/5233 5218/5232 
f 5224/5238 5222/5236 5221/5235 
f 5224/5238 5223/5237 5222/5236 
f 5228/5242 5226/5240 5225/5239 
f 5228/5242 5227/5241 5226/5240 
f 5232/5246 5230/5244 5229/5243 
f 5232/5246 5231/5245 5230/5244 
f 5236/5250 5234/5248 5233/5247 
f 5236/5250 5235/5249 5234/5248 
f 5240/5254 5238/5252 5237/5251 
f 5240/5254 5239/5253 5238/5252 
f 5244/5258 5242/5256 5241/5255 
f 5244/5258 5243/5257 5242/5256 
f 5248/5262 5246/5260 5245/5259 
f 5248/5262 5247/5261 5246/5260 
f 5252/5266 5250/5264 5249/5263 
f 5252/5266 5251/5265 5250/5264 
f 5256/5270 5254/5268 5253/5267 
f 5256/5270 5255/5269 5254/5268 
f 5260/5274 5258/5272 5257/5271 
f 5260/5274 5259/5273 5258/5272 
f 5264/5280 5262/5277 5261/5275 
f 5264/5279 5263/5278 5262/5276 
f 5268/5284 5266/5282 5265/5281 
f 5268/5284 5267/5283 5266/5282 
f 5272/5288 5270/5286 5269/5285 
f 5272/5288 5271/5287 5270/5286 
f 5276/5292 5274/5290 5273/5289 
f 5276/5292 5275/5291 5274/5290 
f 5280/5296 5278/5294 5277/5293 
f 5280/5296 5279/5295 5278/5294 
f 5284/5300 5282/5298 5281/5297 
f 5284/5300 5283/5299 5282/5298 
f 5288/5304 5286/5302 5285/5301 
f 5288/5304 5287/5303 5286/5302 
f 5292/5308 5290/5306 5289/5305 
f 5292/5308 5291/5307 5290/5306 
f 5296/5312 5294/5310 5293/5309 
f 5296/5312 5295/5311 5294/5310 
f 5300/5316 5298/5314 5297/5313 
f 5300/5316 5299/5315 5298/5314 
f 5304/5320 5302/5318 5301/5317 
f 5304/5320 5303/5319 5302/5318 
f 5308/5324 5306/5322 5305/5321 
f 5308/5324 5307/5323 5306/5322 
f 5312/5328 5310/5326 5309/5325 
f 5312/5328 5311/5327 5310/5326 
f 5316/5332 5314/5330 5313/5329 
f 5316/5332 5315/5331 5314/5330 
f 5320/5336 5318/5334 5317/5333 
f 5320/5336 5319/5335 5318/5334 
f 5324/5340 5322/5338 5321/5337 
f 5324/5340 5323/5339 5322/5338 
f 5328/5344 5326/5342 5325/5341 
f 5328/5344 5327/5343 5326/5342 
f 5332/5348 5330/5346 5329/5345 
f 5332/5348 5331/5347 5330/5346 
f 5336/5352 5334/5350 5333/5349 
f 5336/5352 5335/5351 5334/5350 
f 5340/5356 5338/5354 5337/5353 
f 5340/5356 5339/5355 5338/5354 
f 5344/5360 5342/5358 5341/5357 
f 5344/5360 5343/5359 5342/5358 
f 5348/5364 5346/5362 5345/5361 
f 5348/5364 5347/5363 5346/5362 
f 5352/5368 5350/5366 5349/5365 
f 5352/5368 5351/5367 5350/5366 
f 5356/5372 5354/5370 5353/5369 
f 5356/5372 5355/5371 5354/5370 
f 5360/5376 5358/5374 5357/5373 
f 5360/5376 5359/5375 5358/5374 
f 5364/5380 5362/5378 5361/5377 
f 5364/5380 5363/5379 5362/5378 
f 5368/5384 5366/5382 5365/5381 
f 5368/5384 5367/5383 5366/5382 
f 5372/5388 5370/5386 5369/5385 
f 5372/5388 5371/5387 5370/5386 
f 5376/5392 5374/5390 5373/5389 
f 5376/5392 5375/5391 5374/5390 
f 5380/5396 5378/5394 5377/5393 
f 5380/5396 5379/5395 5378/5394 
f 5384/5400 5382/5398 5381/5397 
f 5384/5400 5383/5399 5382/5398 
f 5388/5404 5386/5402 5385/5401 
f 5388/5404 5387/5403 5386/5402 
f 5392/5408 5390/5406 5389/5405 
f 5392/5408 5391/5407 5390/5406 
f 5396/5412 5394/5410 5393/5409 
f 5396/5412 5395/5411 5394/5410 
f 5400/5416 5398/5414 5397/5413 
f 5400/5416 5399/5415 5398/5414 
f 5404/5420 5402/5418 5401/5417 
f 5404/5420 5403/5419 5402/5418 
f 5408/5424 5406/5422 5405/5421 
f 5408/5424 5407/5423 5406/5422 
f 5412/5428 5410/5426 5409/5425 
f 5412/5428 5411/5427 5410/5426 
f 5416/5432 5414/5430 5413/5429 
f 5416/5432 5415/5431 5414/5430 
f 5420/5436 5418/5434 5417/5433 
f 5420/5436 5419/5435 5418/5434 
f 5424/5440 5422/5438 5421/5437 
f 5424/5440 5423/5439 5422/5438 
f 5428/5444 5426/5442 5425/5441 
f 5428/5444 5427/5443 5426/5442 
f 5432/5448 5430/5446 5429/5445 
f 5432/5448 5431/5447 5430/5446 
f 5436/5452 5434/5450 5433/5449 
f 5436/5452 5435/5451 5434/5450 
f 5440/5456 5438/5454 5437/5453 
f 5440/5456 5439/5455 5438/5454 
f 5444/5460 5442/5458 5441/5457 
f 5444/5460 5443/5459 5442/5458 
f 5448/5464 5446/5462 5445/5461 
f 5448/5464 5447/5463 5446/5462 
f 5452/5468 5450/5466 5449/5465 
f 5452/5468 5451/5467 5450/5466 
f 5456/5472 5454/5470 5453/5469 
f 5456/5472 5455/5471 5454/5470 
f 5460/5476 5458/5474 5457/5473 
f 5460/5476 5459/5475 5458/5474 
f 5464/5480 5462/5478 5461/5477 
f 5464/5480 5463/5479 5462/5478 
f 5468/5484 5466/5482 5465/5481 
f 5468/5484 5467/5483 5466/5482 
f 5472/5488 5470/5486 5469/5485 
f 5472/5488 5471/5487 5470/5486 
f 5476/5492 5474/5490 5473/5489 
f 5476/5492 5475/5491 5474/5490 
f 5480/5496 5478/5494 5477/5493 
f 5480/5496 5479/5495 5478/5494 
f 5484/5500 5482/5498 5481/5497 
f 5484/5500 5483/5499 5482/5498 
f 5488/5504 5486/5502 5485/5501 
f 5488/5504 5487/5503 5486/5502 
f 5492/5508 5490/5506 5489/5505 
f 5492/5508 5491/5507 5490/5506 
f 5496/5512 5494/5510 5493/5509 
f 5496/5512 5495/5511 5494/5510 
f 5500/5516 5498/5514 5497/5513 
f 5500/5516 5499/5515 5498/5514 
f 5504/5520 5502/5518 5501/5517 
f 5504/5520 5503/5519 5502/5518 
f 5508/5524 5506/5522 5505/5521 
f 5508/5524 5507/5523 5506/5522 
f 5512/5528 5510/5526 5509/5525 
f 5512/5528 5511/5527 5510/5526 
f 5516/5532 5514/5530 5513/5529 
f 5516/5532 5515/5531 5514/5530 
f 5520/5536 5518/5534 5517/5533 
f 5520/5536 5519/5535 5518/5534 
f 5524/5540 5522/5538 5521/5537 
f 5524/5540 5523/5539 5522/5538 
f 5528/5544 5526/5542 5525/5541 
f 5528/5544 5527/5543 5526/5542 
f 5532/5548 5530/5546 5529/5545 
f 5532/5548 5531/5547 5530/5546 
f 5536/5552 5534/5550 5533/5549 
f 5536/5552 5535/5551 5534/5550 
f 5540/5556 5538/5554 5537/5553 
f 5540/5556 5539/5555 5538/5554 
f 5544/5560 5542/5558 5541/5557 
f 5544/5560 5543/5559 5542/5558 
f 5548/5564 5546/5562 5545/5561 
f 5548/5564 5547/5563 5546/5562 
f 5552/5568 5550/5566 5549/5565 
f 5552/5568 5551/5567 5550/5566 
f 5556/5572 5554/5570 5553/5569 
f 5556/5572 5555/5571 5554/5570 
f 5560/5576 5558/5574 5557/5573 
f 5560/5576 5559/5575 5558/5574 
f 5564/5580 5562/5578 5561/5577 
f 5564/5580 5563/5579 5562/5578 
f 5568/5584 5566/5582 5565/5581 
f 5568/5584 5567/5583 5566/5582 
f 5572/5588 5570/5586 5569/5585 
f 5572/5588 5571/5587 5570/5586 
f 5576/5592 5574/5590 5573/5589 
f 5576/5592 5575/5591 5574/5590 
f 5580/5596 5578/5594 5577/5593 
f 5580/5596 5579/5595 5578/5594 
f 5584/5600 5582/5598 5581/5597 
f 5584/5600 5583/5599 5582/5598 
f 5588/5604 5586/5602 5585/5601 
f 5588/5604 5587/5603 5586/5602 
f 5592/5608 5590/5606 5589/5605 
f 5592/5608 5591/5607 5590/5606 
f 5596/5612 5594/5610 5593/5609 
f 5596/5612 5595/5611 5594/5610 
f 5600/5616 5598/5614 5597/5613 
f 5600/5616 5599/5615 5598/5614 
f 5604/5620 5602/5618 5601/5617 
f 5604/5620 5603/5619 5602/5618 
f 5608/5624 5606/5622 5605/5621 
f 5608/5624 5607/5623 5606/5622 
f 5612/5628 5610/5626 5609/5625 
f 5612/5628 5611/5627 5610/5626 
f 5616/5632 5614/5630 5613/5629 
f 5616/5632 5615/5631 5614/5630 
f 5620/5636 5618/5634 5617/5633 
f 5620/5636 5619/5635 5618/5634 
f 5624/5640 5622/5638 5621/5637 
f 5624/5640 5623/5639 5622/5638 
f 5628/5644 5626/5642 5625/5641 
f 5628/5644 5627/5643 5626/5642 
f 5632/5648 5630/5646 5629/5645 
f 5632/5648 5631/5647 5630/5646 
f 5636/5652 5634/5650 5633/5649 
f 5636/5652 5635/5651 5634/5650 
f 5640/5656 5638/5654 5637/5653 
f 5640/5656 5639/5655 5638/5654 
f 5644/5660 5642/5658 5641/5657 
f 5644/5660 5643/5659 5642/5658 
f 5648/5664 5646/5662 5645/5661 
f 5648/5664 5647/5663 5646/5662 
f 5652/5668 5650/5666 5649/5665 
f 5652/5668 5651/5667 5650/5666 
f 5656/5672 5654/5670 5653/5669 
f 5656/5672 5655/5671 5654/5670 
f 5660/5676 5658/5674 5657/5673 
f 5660/5676 5659/5675 5658/5674 
f 5664/5680 5662/5678 5661/5677 
f 5664/5680 5663/5679 5662/5678 
f 5668/5684 5666/5682 5665/5681 
f 5668/5684 5667/5683 5666/5682 
f 5672/5688 5670/5686 5669/5685 
f 5672/5688 5671/5687 5670/5686 
f 5676/5692 5674/5690 5673/5689 
f 5676/5692 5675/5691 5674/5690 
f 5680/5696 5678/5694 5677/5693 
f 5680/5696 5679/5695 5678/5694 
f 5684/5700 5682/5698 5681/5697 
f 5684/5700 5683/5699 5682/5698 
f 5688/5704 5686/5702 5685/5701 
f 5688/5704 5687/5703 5686/5702 
f 5692/5708 5690/5706 5689/5705 
f 5692/5708 5691/5707 5690/5706 
f 5696/5712 5694/5710 5693/5709 
f 5696/5712 5695/5711 5694/5710 
f 5700/5716 5698/5714 5697/5713 
f 5700/5716 5699/5715 5698/5714 
f 5704/5720 5702/5718 5701/5717 
f 5704/5720 5703/5719 5702/5718 
f 5708/5724 5706/5722 5705/5721 
f 5708/5724 5707/5723 5706/5722 
f 5712/5728 5710/5726 5709/5725 
f 5712/5728 5711/5727 5710/5726 
f 5716/5732 5714/5730 5713/5729 
f 5716/5732 5715/5731 5714/5730 
f 5720/5736 5718/5734 5717/5733 
f 5720/5736 5719/5735 5718/5734 
f 5724/5740 5722/5738 5721/5737 
f 5724/5740 5723/5739 5722/5738 
f 5728/5744 5726/5742 5725/5741 
f 5728/5744 5727/5743 5726/5742 
f 5732/5748 5730/5746 5729/5745 
f 5732/5748 5731/5747 5730/5746 
f 5736/5752 5734/5750 5733/5749 
f 5736/5752 5735/5751 5734/5750 
f 5740/5756 5738/5754 5737/5753 
f 5740/5756 5739/5755 5738/5754 
f 5744/5760 5742/5758 5741/5757 
f 5744/5760 5743/5759 5742/5758 
f 5748/5764 5746/5762 5745/5761 
f 5748/5764 5747/5763 5746/5762 
f 5752/5768 5750/5766 5749/5765 
f 5752/5768 5751/5767 5750/5766 
f 5756/5772 5754/5770 5753/5769 
f 5756/5772 5755/5771 5754/5770 
f 5760/5776 5758/5774 5757/5773 
f 5760/5776 5759/5775 5758/5774 
f 5764/5780 5762/5778 5761/5777 
f 5764/5780 5763/5779 5762/5778 
f 5768/5784 5766/5782 5765/5781 
f 5768/5784 5767/5783 5766/5782 
f 5772/5788 5770/5786 5769/5785 
f 5772/5788 5771/5787 5770/5786 
f 5776/5792 5774/5790 5773/5789 
f 5776/5792 5775/5791 5774/5790 
f 5780/5796 5778/5794 5777/5793 
f 5780/5796 5779/5795 5778/5794 
f 5784/5800 5782/5798 5781/5797 
f 5784/5800 5783/5799 5782/5798 
f 5788/5804 5786/5802 5785/5801 
f 5788/5804 5787/5803 5786/5802 
f 5792/5808 5790/5806 5789/5805 
f 5792/5808 5791/5807 5790/5806 
f 5796/5812 5794/5810 5793/5809 
f 5796/5812 5795/5811 5794/5810 
f 5800/5816 5798/5814 5797/5813 
f 5800/5816 5799/5815 5798/5814 
f 5804/5820 5802/5818 5801/5817 
f 5804/5820 5803/5819 5802/5818 
f 5808/5824 5806/5822 5805/5821 
f 5808/5824 5807/5823 5806/5822 
f 5812/5828 5810/5826 5809/5825 
f 5812/5828 5811/5827 5810/5826 
f 5816/5832 5814/5830 5813/5829 
f 5816/5832 5815/5831 5814/5830 
f 5820/5836 5818/5834 5817/5833 
f 5820/5836 5819/5835 5818/5834 
f 5824/5840 5822/5838 5821/5837 
f 5824/5840 5823/5839 5822/5838 
f 5828/5844 5826/5842 5825/5841 
f 5828/5844 5827/5843 5826/5842 
f 5832/5848 5830/5846 5829/5845 
f 5832/5848 5831/5847 5830/5846 
f 5836/5852 5834/5850 5833/5849 
f 5836/5852 5835/5851 5834/5850 
f 5840/5856 5838/5854 5837/5853 
f 5840/5856 5839/5855 5838/5854 
f 5844/5860 5842/5858 5841/5857 
f 5844/5860 5843/5859 5842/5858 
f 5848/5864 5846/5862 5845/5861 
f 5848/5864 5847/5863 5846/5862 
f 5852/5868 5850/5866 5849/5865 
f 5852/5868 5851/5867 5850/5866 
f 5856/5872 5854/5870 5853/5869 
f 5856/5872 5855/5871 5854/5870 
f 5860/5876 5858/5874 5857/5873 
f 5860/5876 5859/5875 5858/5874 
f 5864/5880 5862/5878 5861/5877 
f 5864/5880 5863/5879 5862/5878 
f 5868/5884 5866/5882 5865/5881 
f 5868/5884 5867/5883 5866/5882 
f 5872/5888 5870/5886 5869/5885 
f 5872/5888 5871/5887 5870/5886 
f 5876/5892 5874/5890 5873/5889 
f 5876/5892 5875/5891 5874/5890 
f 5880/5896 5878/5894 5877/5893 
f 5880/5896 5879/5895 5878/5894 
f 5884/5900 5882/5898 5881/5897 
f 5884/5900 5883/5899 5882/5898 
f 5888/5904 5886/5902 5885/5901 
f 5888/5904 5887/5903 5886/5902 
f 5892/5908 5890/5906 5889/5905 
f 5892/5908 5891/5907 5890/5906 
f 5896/5912 5894/5910 5893/5909 
f 5896/5912 5895/5911 5894/5910 
f 5900/5916 5898/5914 5897/5913 
f 5900/5916 5899/5915 5898/5914 
f 5904/5920 5902/5918 5901/5917 
f 5904/5920 5903/5919 5902/5918 
f 5908/5924 5906/5922 5905/5921 
f 5908/5924 5907/5923 5906/5922 
f 5912/5928 5910/5926 5909/5925 
f 5912/5928 5911/5927 5910/5926 
f 5916/5932 5914/5930 5913/5929 
f 5916/5932 5915/5931 5914/5930 
f 5920/5936 5918/5934 5917/5933 
f 5920/5936 5919/5935 5918/5934 
f 5924/5940 5922/5938 5921/5937 
f 5924/5940 5923/5939 5922/5938 
f 5928/5944 5926/5942 5925/5941 
f 5928/5944 5927/5943 5926/5942 
f 5932/5948 5930/5946 5929/5945 
f 5932/5948 5931/5947 5930/5946 
f 5936/5952 5934/5950 5933/5949 
f 5936/5952 5935/5951 5934/5950 
f 5940/5956 5938/5954 5937/5953 
f 5940/5956 5939/5955 5938/5954 
f 5944/5960 5942/5958 5941/5957 
f 5944/5960 5943/5959 5942/5958 
f 5948/5964 5946/5962 5945/5961 
f 5948/5964 5947/5963 5946/5962 
f 5952/5968 5950/5966 5949/5965 
f 5952/5968 5951/5967 5950/5966 
f 5956/5972 5954/5970 5953/5969 
f 5956/5972 5955/5971 5954/5970 

g objects_dwg Face_3
usemtl stal_asne
v -40.319049 84.559528 -4.124994
v -40.015479 84.559528 -3.821423
v -40.664288 84.559528 -4.35119
v -40.319049 84.559528 -4.124994
v -40.015479 84.559528 -3.821423
v -39.729767 84.559528 -3.154761
v -40.664288 84.559528 -4.35119
v -40.015479 84.559528 -3.821423
v -39.729767 84.559528 -3.154761
v -41.384528 84.559528 -4.494043
v -40.664288 84.559528 -4.35119
v -39.729767 84.559528 -3.154761
v -41.384528 84.559528 -4.494043
v -41.045239 84.559528 -4.470233
v -40.664288 84.559528 -4.35119
v -41.384528 84.559528 -4.494043
v -39.729767 84.559528 -3.154761
v -40.557147 84.559528 -2.571423
v -41.384528 84.559528 -4.494043
v -39.729767 84.559528 -3.154761
v -40.557147 84.559528 -2.571423
v -41.789288 84.559528 -3.565472
v -41.384528 84.559528 -4.494043
v -40.557147 84.559528 -2.571423
v -41.789288 84.559528 -3.565472
v -41.825006 84.559528 -4.184521
v -41.384528 84.559528 -4.494043
v -41.789288 84.559528 -3.565472
v -41.825006 84.559528 -4.184521
v -41.658337 84.559528 -4.380951
v -41.384528 84.559528 -4.494043
v -41.825006 84.559528 -4.184521
v -41.789288 84.559528 -3.565472
v -41.866669 84.559528 -3.892853
v -41.825006 84.559528 -4.184521
v -41.789288 84.559528 -3.565472
v -40.557147 84.559528 -2.571423
v -41.277386 84.559528 -2.922614
v -41.789288 84.559528 -3.565472
v -40.557147 84.559528 -2.571423
v -41.277386 84.559528 -2.922614
v -41.575 84.559528 -3.220233
v -41.789288 84.559528 -3.565472
v -41.277386 84.559528 -2.922614
v -40.557147 84.559528 -2.571423
v -40.926196 84.559528 -2.690472
v -41.277386 84.559528 -2.922614
v -40.557147 84.559528 -2.571423
v -39.729767 84.559528 -3.154761
v -39.938098 84.559528 -2.660712
v -40.557147 84.559528 -2.571423
v -39.729767 84.559528 -3.154761
v -39.938098 84.559528 -2.660712
v -40.205957 84.559528 -2.553571
v -40.557147 84.559528 -2.571423
v -39.938098 84.559528 -2.660712
v -39.729767 84.559528 -3.154761
v -39.777386 84.559528 -2.863092
v -39.938098 84.559528 -2.660712
v -39.729767 84.559528 -3.154761
v -40.015479 84.559528 -3.821423
v -39.819049 84.559528 -3.482141
v -39.729767 84.559528 -3.154761
v -40.015479 84.559528 -3.821423
v -40.664288 105.309534 -4.35119
v -41.045239 105.309534 -4.470233
v -40.319049 105.309534 -4.124994
v -40.664288 105.309534 -4.35119
v -41.045239 105.309534 -4.470233
v -41.658337 105.309534 -4.380951
v -40.319049 105.309534 -4.124994
v -41.045239 105.309534 -4.470233
v -41.658337 105.309534 -4.380951
v -39.819049 105.309534 -3.482141
v -40.319049 105.309534 -4.124994
v -41.658337 105.309534 -4.380951
v -39.819049 105.309534 -3.482141
v -40.015479 105.309534 -3.821423
v -40.319049 105.309534 -4.124994
v -39.819049 105.309534 -3.482141
v -41.658337 105.309534 -4.380951
v -41.575 105.309534 -3.220233
v -39.819049 105.309534 -3.482141
v -41.658337 105.309534 -4.380951
v -41.575 105.309534 -3.220233
v -40.205957 105.309534 -2.553571
v -39.819049 105.309534 -3.482141
v -41.575 105.309534 -3.220233
v -40.205957 105.309534 -2.553571
v -39.777386 105.309534 -2.863092
v -39.819049 105.309534 -3.482141
v -40.205957 105.309534 -2.553571
v -39.777386 105.309534 -2.863092
v -39.729767 105.309534 -3.154761
v -39.819049 105.309534 -3.482141
v -39.777386 105.309534 -2.863092
v -40.205957 105.309534 -2.553571
v -39.938098 105.309534 -2.660712
v -39.777386 105.309534 -2.863092
v -40.205957 105.309534 -2.553571
v -41.575 105.309534 -3.220233
v -40.926196 105.309534 -2.690472
v -40.205957 105.309534 -2.553571
v -41.575 105.309534 -3.220233
v -40.926196 105.309534 -2.690472
v -40.557147 105.309534 -2.571423
v -40.205957 105.309534 -2.553571
v -40.926196 105.309534 -2.690472
v -41.575 105.309534 -3.220233
v -41.277386 105.309534 -2.922614
v -40.926196 105.309534 -2.690472
v -41.575 105.309534 -3.220233
v -41.658337 105.309534 -4.380951
v -41.866669 105.309534 -3.892853
v -41.575 105.309534 -3.220233
v -41.658337 105.309534 -4.380951
v -41.866669 105.309534 -3.892853
v -41.789288 105.309534 -3.565472
v -41.575 105.309534 -3.220233
v -41.866669 105.309534 -3.892853
v -41.658337 105.309534 -4.380951
v -41.825006 105.309534 -4.184521
v -41.866669 105.309534 -3.892853
v -41.658337 105.309534 -4.380951
v -41.045239 105.309534 -4.470233
v -41.384528 105.309534 -4.494043
v -41.658337 105.309534 -4.380951
v -41.045239 105.309534 -4.470233
v -40.319049 84.559528 -4.124994
v -40.664288 84.559528 -4.35119
v -40.664288 105.309534 -4.35119
v -40.319049 84.559528 -4.124994
v -40.664288 105.309534 -4.35119
v -40.319049 105.309534 -4.124994
v -40.319049 84.559528 -4.124994
v -40.664288 105.309534 -4.35119
v -40.664288 84.559528 -4.35119
v -41.045239 84.559528 -4.470233
v -41.045239 105.309534 -4.470233
v -40.664288 84.559528 -4.35119
v -41.045239 105.309534 -4.470233
v -40.664288 105.309534 -4.35119
v -40.664288 84.559528 -4.35119
v -41.045239 105.309534 -4.470233
v -41.045239 84.559528 -4.470233
v -41.384528 84.559528 -4.494043
v -41.384528 105.309534 -4.494043
v -41.045239 84.559528 -4.470233
v -41.384528 105.309534 -4.494043
v -41.045239 105.309534 -4.470233
v -41.045239 84.559528 -4.470233
v -41.384528 105.309534 -4.494043
v -41.384528 84.559528 -4.494043
v -41.658337 84.559528 -4.380951
v -41.658337 105.309534 -4.380951
v -41.384528 84.559528 -4.494043
v -41.658337 105.309534 -4.380951
v -41.384528 105.309534 -4.494043
v -41.384528 84.559528 -4.494043
v -41.658337 105.309534 -4.380951
v -41.658337 84.559528 -4.380951
v -41.825006 84.559528 -4.184521
v -41.825006 105.309534 -4.184521
v -41.658337 84.559528 -4.380951
v -41.825006 105.309534 -4.184521
v -41.658337 105.309534 -4.380951
v -41.658337 84.559528 -4.380951
v -41.825006 105.309534 -4.184521
v -41.825006 84.559528 -4.184521
v -41.866669 84.559528 -3.892853
v -41.866669 105.309534 -3.892853
v -41.825006 84.559528 -4.184521
v -41.866669 105.309534 -3.892853
v -41.825006 105.309534 -4.184521
v -41.825006 84.559528 -4.184521
v -41.866669 105.309534 -3.892853
v -41.866669 84.559528 -3.892853
v -41.789288 84.559528 -3.565472
v -41.789288 105.309534 -3.565472
v -41.866669 84.559528 -3.892853
v -41.789288 105.309534 -3.565472
v -41.866669 105.309534 -3.892853
v -41.866669 84.559528 -3.892853
v -41.789288 105.309534 -3.565472
v -41.789288 84.559528 -3.565472
v -41.575 84.559528 -3.220233
v -41.575 105.309534 -3.220233
v -41.789288 84.559528 -3.565472
v -41.575 105.309534 -3.220233
v -41.789288 105.309534 -3.565472
v -41.789288 84.559528 -3.565472
v -41.575 105.309534 -3.220233
v -41.575 84.559528 -3.220233
v -41.277386 84.559528 -2.922614
v -41.277386 105.309534 -2.922614
v -41.575 84.559528 -3.220233
v -41.277386 105.309534 -2.922614
v -41.575 105.309534 -3.220233
v -41.575 84.559528 -3.220233
v -41.277386 105.309534 -2.922614
v -41.277386 84.559528 -2.922614
v -40.926196 84.559528 -2.690472
v -40.926196 105.309534 -2.690472
v -41.277386 84.559528 -2.922614
v -40.926196 105.309534 -2.690472
v -41.277386 105.309534 -2.922614
v -41.277386 84.559528 -2.922614
v -40.926196 105.309534 -2.690472
v -40.926196 84.559528 -2.690472
v -40.557147 84.559528 -2.571423
v -40.557147 105.309534 -2.571423
v -40.926196 84.559528 -2.690472
v -40.557147 105.309534 -2.571423
v -40.926196 105.309534 -2.690472
v -40.926196 84.559528 -2.690472
v -40.557147 105.309534 -2.571423
v -40.557147 84.559528 -2.571423
v -40.205957 84.559528 -2.553571
v -40.205957 105.309534 -2.553571
v -40.557147 84.559528 -2.571423
v -40.205957 105.309534 -2.553571
v -40.557147 105.309534 -2.571423
v -40.557147 84.559528 -2.571423
v -40.205957 105.309534 -2.553571
v -40.205957 84.559528 -2.553571
v -39.938098 84.559528 -2.660712
v -39.938098 105.309534 -2.660712
v -40.205957 84.559528 -2.553571
v -39.938098 105.309534 -2.660712
v -40.205957 105.309534 -2.553571
v -40.205957 84.559528 -2.553571
v -39.938098 105.309534 -2.660712
v -39.938098 84.559528 -2.660712
v -39.777386 84.559528 -2.863092
v -39.777386 105.309534 -2.863092
v -39.938098 84.559528 -2.660712
v -39.777386 105.309534 -2.863092
v -39.938098 105.309534 -2.660712
v -39.938098 84.559528 -2.660712
v -39.777386 105.309534 -2.863092
v -39.777386 84.559528 -2.863092
v -39.729767 84.559528 -3.154761
v -39.729767 105.309534 -3.154761
v -39.777386 84.559528 -2.863092
v -39.729767 105.309534 -3.154761
v -39.777386 105.309534 -2.863092
v -39.777386 84.559528 -2.863092
v -39.729767 105.309534 -3.154761
v -39.729767 84.559528 -3.154761
v -39.819049 84.559528 -3.482141
v -39.819049 105.309534 -3.482141
v -39.729767 84.559528 -3.154761
v -39.819049 105.309534 -3.482141
v -39.729767 105.309534 -3.154761
v -39.729767 84.559528 -3.154761
v -39.819049 105.309534 -3.482141
v -39.819049 84.559528 -3.482141
v -40.015479 84.559528 -3.821423
v -40.015479 105.309534 -3.821423
v -39.819049 84.559528 -3.482141
v -40.015479 105.309534 -3.821423
v -39.819049 105.309534 -3.482141
v -39.819049 84.559528 -3.482141
v -40.015479 105.309534 -3.821423
v -40.015479 84.559528 -3.821423
v -40.319049 84.559528 -4.124994
v -40.319049 105.309534 -4.124994
v -40.015479 84.559528 -3.821423
v -40.319049 105.309534 -4.124994
v -40.015479 105.309534 -3.821423
v -40.015479 84.559528 -3.821423
v -40.319049 105.309534 -4.124994
v -44.914288 84.559528 1.595239
v -44.628577 84.559528 1.898816
v -45.277386 84.559528 1.369049
v -44.914288 84.559528 1.595239
v -44.628577 84.559528 1.898816
v -44.336908 84.559528 2.559528
v -45.277386 84.559528 1.369049
v -44.628577 84.559528 1.898816
v -44.336908 84.559528 2.559528
v -45.985718 84.559528 1.226196
v -45.277386 84.559528 1.369049
v -44.336908 84.559528 2.559528
v -45.985718 84.559528 1.226196
v -45.646429 84.559528 1.238098
v -45.277386 84.559528 1.369049
v -45.985718 84.559528 1.226196
v -44.336908 84.559528 2.559528
v -45.158337 84.559528 3.148816
v -45.985718 84.559528 1.226196
v -44.336908 84.559528 2.559528
v -45.158337 84.559528 3.148816
v -46.384528 84.559528 2.154767
v -45.985718 84.559528 1.226196
v -45.158337 84.559528 3.148816
v -46.384528 84.559528 2.154767
v -46.426196 84.559528 1.535718
v -45.985718 84.559528 1.226196
v -46.384528 84.559528 2.154767
v -46.426196 84.559528 1.535718
v -46.265479 84.559528 1.327386
v -45.985718 84.559528 1.226196
v -46.426196 84.559528 1.535718
v -46.384528 84.559528 2.154767
v -46.479767 84.559528 1.827386
v -46.426196 84.559528 1.535718
v -46.384528 84.559528 2.154767
v -45.158337 84.559528 3.148816
v -45.884528 84.559528 2.785718
v -46.384528 84.559528 2.154767
v -45.158337 84.559528 3.148816
v -45.884528 84.559528 2.785718
v -46.188098 84.559528 2.488098
v -46.384528 84.559528 2.154767
v -45.884528 84.559528 2.785718
v -45.158337 84.559528 3.148816
v -45.527386 84.559528 3.017859
v -45.884528 84.559528 2.785718
v -45.158337 84.559528 3.148816
v -44.336908 84.559528 2.559528
v -44.545239 84.559528 3.059528
v -45.158337 84.559528 3.148816
v -44.336908 84.559528 2.559528
v -44.545239 84.559528 3.059528
v -44.819049 84.559528 3.154767
v -45.158337 84.559528 3.148816
v -44.545239 84.559528 3.059528
v -44.336908 84.559528 2.559528
v -44.378577 84.559528 2.845239
v -44.545239 84.559528 3.059528
v -44.336908 84.559528 2.559528
v -44.628577 84.559528 1.898816
v -44.414288 84.559528 2.226196
v -44.336908 84.559528 2.559528
v -44.628577 84.559528 1.898816
v -45.277386 105.309534 1.369049
v -45.646429 105.309534 1.238098
v -44.914288 105.309534 1.595239
v -45.277386 105.309534 1.369049
v -45.646429 105.309534 1.238098
v -46.265479 105.309534 1.327386
v -44.914288 105.309534 1.595239
v -45.646429 105.309534 1.238098
v -46.265479 105.309534 1.327386
v -44.414288 105.309534 2.226196
v -44.914288 105.309534 1.595239
v -46.265479 105.309534 1.327386
v -44.414288 105.309534 2.226196
v -44.628577 105.309534 1.898816
v -44.914288 105.309534 1.595239
v -44.414288 105.309534 2.226196
v -46.265479 105.309534 1.327386
v -46.188098 105.309534 2.488098
v -44.414288 105.309534 2.226196
v -46.265479 105.309534 1.327386
v -46.188098 105.309534 2.488098
v -44.819049 105.309534 3.154767
v -44.414288 105.309534 2.226196
v -46.188098 105.309534 2.488098
v -44.819049 105.309534 3.154767
v -44.378577 105.309534 2.845239
v -44.414288 105.309534 2.226196
v -44.819049 105.309534 3.154767
v -44.378577 105.309534 2.845239
v -44.336908 105.309534 2.559528
v -44.414288 105.309534 2.226196
v -44.378577 105.309534 2.845239
v -44.819049 105.309534 3.154767
v -44.545239 105.309534 3.059528
v -44.378577 105.309534 2.845239
v -44.819049 105.309534 3.154767
v -46.188098 105.309534 2.488098
v -45.527386 105.309534 3.017859
v -44.819049 105.309534 3.154767
v -46.188098 105.309534 2.488098
v -45.527386 105.309534 3.017859
v -45.158337 105.309534 3.148816
v -44.819049 105.309534 3.154767
v -45.527386 105.309534 3.017859
v -46.188098 105.309534 2.488098
v -45.884528 105.309534 2.785718
v -45.527386 105.309534 3.017859
v -46.188098 105.309534 2.488098
v -46.265479 105.309534 1.327386
v -46.479767 105.309534 1.827386
v -46.188098 105.309534 2.488098
v -46.265479 105.309534 1.327386
v -46.479767 105.309534 1.827386
v -46.384528 105.309534 2.154767
v -46.188098 105.309534 2.488098
v -46.479767 105.309534 1.827386
v -46.265479 105.309534 1.327386
v -46.426196 105.309534 1.535718
v -46.479767 105.309534 1.827386
v -46.265479 105.309534 1.327386
v -45.646429 105.309534 1.238098
v -45.985718 105.309534 1.226196
v -46.265479 105.309534 1.327386
v -45.646429 105.309534 1.238098
v -44.914288 84.559528 1.595239
v -45.277386 84.559528 1.369049
v -45.277386 105.309534 1.369049
v -44.914288 84.559528 1.595239
v -45.277386 105.309534 1.369049
v -44.914288 105.309534 1.595239
v -44.914288 84.559528 1.595239
v -45.277386 105.309534 1.369049
v -45.277386 84.559528 1.369049
v -45.646429 84.559528 1.238098
v -45.646429 105.309534 1.238098
v -45.277386 84.559528 1.369049
v -45.646429 105.309534 1.238098
v -45.277386 105.309534 1.369049
v -45.277386 84.559528 1.369049
v -45.646429 105.309534 1.238098
v -45.646429 84.559528 1.238098
v -45.985718 84.559528 1.226196
v -45.985718 105.309534 1.226196
v -45.646429 84.559528 1.238098
v -45.985718 105.309534 1.226196
v -45.646429 105.309534 1.238098
v -45.646429 84.559528 1.238098
v -45.985718 105.309534 1.226196
v -45.985718 84.559528 1.226196
v -46.265479 84.559528 1.327386
v -46.265479 105.309534 1.327386
v -45.985718 84.559528 1.226196
v -46.265479 105.309534 1.327386
v -45.985718 105.309534 1.226196
v -45.985718 84.559528 1.226196
v -46.265479 105.309534 1.327386
v -46.265479 84.559528 1.327386
v -46.426196 84.559528 1.535718
v -46.426196 105.309534 1.535718
v -46.265479 84.559528 1.327386
v -46.426196 105.309534 1.535718
v -46.265479 105.309534 1.327386
v -46.265479 84.559528 1.327386
v -46.426196 105.309534 1.535718
v -46.426196 84.559528 1.535718
v -46.479767 84.559528 1.827386
v -46.479767 105.309534 1.827386
v -46.426196 84.559528 1.535718
v -46.479767 105.309534 1.827386
v -46.426196 105.309534 1.535718
v -46.426196 84.559528 1.535718
v -46.479767 105.309534 1.827386
v -46.479767 84.559528 1.827386
v -46.384528 84.559528 2.154767
v -46.384528 105.309534 2.154767
v -46.479767 84.559528 1.827386
v -46.384528 105.309534 2.154767
v -46.479767 105.309534 1.827386
v -46.479767 84.559528 1.827386
v -46.384528 105.309534 2.154767
v -46.384528 84.559528 2.154767
v -46.188098 84.559528 2.488098
v -46.188098 105.309534 2.488098
v -46.384528 84.559528 2.154767
v -46.188098 105.309534 2.488098
v -46.384528 105.309534 2.154767
v -46.384528 84.559528 2.154767
v -46.188098 105.309534 2.488098
v -46.188098 84.559528 2.488098
v -45.884528 84.559528 2.785718
v -45.884528 105.309534 2.785718
v -46.188098 84.559528 2.488098
v -45.884528 105.309534 2.785718
v -46.188098 105.309534 2.488098
v -46.188098 84.559528 2.488098
v -45.884528 105.309534 2.785718
v -45.884528 84.559528 2.785718
v -45.527386 84.559528 3.017859
v -45.527386 105.309534 3.017859
v -45.884528 84.559528 2.785718
v -45.527386 105.309534 3.017859
v -45.884528 105.309534 2.785718
v -45.884528 84.559528 2.785718
v -45.527386 105.309534 3.017859
v -45.527386 84.559528 3.017859
v -45.158337 84.559528 3.148816
v -45.158337 105.309534 3.148816
v -45.527386 84.559528 3.017859
v -45.158337 105.309534 3.148816
v -45.527386 105.309534 3.017859
v -45.527386 84.559528 3.017859
v -45.158337 105.309534 3.148816
v -45.158337 84.559528 3.148816
v -44.819049 84.559528 3.154767
v -44.819049 105.309534 3.154767
v -45.158337 84.559528 3.148816
v -44.819049 105.309534 3.154767
v -45.158337 105.309534 3.148816
v -45.158337 84.559528 3.148816
v -44.819049 105.309534 3.154767
v -44.819049 84.559528 3.154767
v -44.545239 84.559528 3.059528
v -44.545239 105.309534 3.059528
v -44.819049 84.559528 3.154767
v -44.545239 105.309534 3.059528
v -44.819049 105.309534 3.154767
v -44.819049 84.559528 3.154767
v -44.545239 105.309534 3.059528
v -44.545239 84.559528 3.059528
v -44.378577 84.559528 2.845239
v -44.378577 105.309534 2.845239
v -44.545239 84.559528 3.059528
v -44.378577 105.309534 2.845239
v -44.545239 105.309534 3.059528
v -44.545239 84.559528 3.059528
v -44.378577 105.309534 2.845239
v -44.378577 84.559528 2.845239
v -44.336908 84.559528 2.559528
v -44.336908 105.309534 2.559528
v -44.378577 84.559528 2.845239
v -44.336908 105.309534 2.559528
v -44.378577 105.309534 2.845239
v -44.378577 84.559528 2.845239
v -44.336908 105.309534 2.559528
v -44.336908 84.559528 2.559528
v -44.414288 84.559528 2.226196
v -44.414288 105.309534 2.226196
v -44.336908 84.559528 2.559528
v -44.414288 105.309534 2.226196
v -44.336908 105.309534 2.559528
v -44.336908 84.559528 2.559528
v -44.414288 105.309534 2.226196
v -44.414288 84.559528 2.226196
v -44.628577 84.559528 1.898816
v -44.628577 105.309534 1.898816
v -44.414288 84.559528 2.226196
v -44.628577 105.309534 1.898816
v -44.414288 105.309534 2.226196
v -44.414288 84.559528 2.226196
v -44.628577 105.309534 1.898816
v -44.628577 84.559528 1.898816
v -44.914288 84.559528 1.595239
v -44.914288 105.309534 1.595239
v -44.628577 84.559528 1.898816
v -44.914288 105.309534 1.595239
v -44.628577 105.309534 1.898816
v -44.628577 84.559528 1.898816
v -44.914288 105.309534 1.595239
v -40.938098 86.404767 -3.482141
v -41.194049 86.464288 -3.70238
v -40.664288 86.464288 -3.273804
v -40.938098 86.404767 -3.482141
v -41.194049 86.464288 -3.70238
v -41.604767 86.904767 -4.035712
v -40.664288 86.464288 -3.273804
v -41.194049 86.464288 -3.70238
v -41.604767 86.904767 -4.035712
v -40.259528 86.904767 -2.940472
v -40.664288 86.464288 -3.273804
v -41.604767 86.904767 -4.035712
v -40.259528 86.904767 -2.940472
v -40.426196 86.648816 -3.083331
v -40.664288 86.464288 -3.273804
v -40.259528 86.904767 -2.940472
v -41.604767 86.904767 -4.035712
v -41.438098 88.178577 -3.892853
v -40.259528 86.904767 -2.940472
v -41.604767 86.904767 -4.035712
v -41.438098 88.178577 -3.892853
v -40.426196 88.178577 -3.083331
v -40.259528 86.904767 -2.940472
v -41.438098 88.178577 -3.892853
v -40.426196 88.178577 -3.083331
v -40.164288 87.589288 -2.874994
v -40.259528 86.904767 -2.940472
v -40.426196 88.178577 -3.083331
v -40.164288 87.589288 -2.874994
v -40.164288 87.238098 -2.874994
v -40.259528 86.904767 -2.940472
v -40.164288 87.589288 -2.874994
v -40.426196 88.178577 -3.083331
v -40.259528 87.904767 -2.940472
v -40.164288 87.589288 -2.874994
v -40.426196 88.178577 -3.083331
v -41.438098 88.178577 -3.892853
v -40.938098 88.416669 -3.482141
v -40.426196 88.178577 -3.083331
v -41.438098 88.178577 -3.892853
v -40.938098 88.416669 -3.482141
v -40.664288 88.345239 -3.273804
v -40.426196 88.178577 -3.083331
v -40.938098 88.416669 -3.482141
v -41.438098 88.178577 -3.892853
v -41.194049 88.345239 -3.70238
v -40.938098 88.416669 -3.482141
v -41.438098 88.178577 -3.892853
v -41.604767 86.904767 -4.035712
v -41.694049 87.589288 -4.10119
v -41.438098 88.178577 -3.892853
v -41.604767 86.904767 -4.035712
v -41.694049 87.589288 -4.10119
v -41.604767 87.904767 -4.035712
v -41.438098 88.178577 -3.892853
v -41.694049 87.589288 -4.10119
v -41.604767 86.904767 -4.035712
v -41.694049 87.238098 -4.10119
v -41.694049 87.589288 -4.10119
v -41.604767 86.904767 -4.035712
v -41.194049 86.464288 -3.70238
v -41.438098 86.648816 -3.892853
v -41.604767 86.904767 -4.035712
v -41.194049 86.464288 -3.70238
v -45.194049 86.464288 2.357147
v -44.967859 86.648816 2.54762
v -45.467859 86.404767 2.136908
v -45.194049 86.464288 2.357147
v -44.967859 86.648816 2.54762
v -44.694049 87.238098 2.755957
v -45.467859 86.404767 2.136908
v -44.967859 86.648816 2.54762
v -44.694049 87.238098 2.755957
v -45.967859 86.648816 1.738098
v -45.467859 86.404767 2.136908
v -44.694049 87.238098 2.755957
v -45.967859 86.648816 1.738098
v -45.735718 86.464288 1.928577
v -45.467859 86.404767 2.136908
v -45.967859 86.648816 1.738098
v -44.694049 87.238098 2.755957
v -45.194049 88.345239 2.357147
v -45.967859 86.648816 1.738098
v -44.694049 87.238098 2.755957
v -45.194049 88.345239 2.357147
v -46.146429 87.904767 1.595239
v -45.967859 86.648816 1.738098
v -45.194049 88.345239 2.357147
v -46.146429 87.904767 1.595239
v -46.235718 87.238098 1.529767
v -45.967859 86.648816 1.738098
v -46.146429 87.904767 1.595239
v -46.235718 87.238098 1.529767
v -46.146429 86.904767 1.595239
v -45.967859 86.648816 1.738098
v -46.235718 87.238098 1.529767
v -46.146429 87.904767 1.595239
v -46.235718 87.589288 1.529767
v -46.235718 87.238098 1.529767
v -46.146429 87.904767 1.595239
v -45.194049 88.345239 2.357147
v -45.735718 88.345239 1.928577
v -46.146429 87.904767 1.595239
v -45.194049 88.345239 2.357147
v -45.735718 88.345239 1.928577
v -45.967859 88.178577 1.738098
v -46.146429 87.904767 1.595239
v -45.735718 88.345239 1.928577
v -45.194049 88.345239 2.357147
v -45.467859 88.416669 2.136908
v -45.735718 88.345239 1.928577
v -45.194049 88.345239 2.357147
v -44.694049 87.238098 2.755957
v -44.795239 87.904767 2.684528
v -45.194049 88.345239 2.357147
v -44.694049 87.238098 2.755957
v -44.795239 87.904767 2.684528
v -44.967859 88.178577 2.54762
v -45.194049 88.345239 2.357147
v -44.795239 87.904767 2.684528
v -44.694049 87.238098 2.755957
v -44.694049 87.589288 2.755957
v -44.795239 87.904767 2.684528
v -44.694049 87.238098 2.755957
v -44.967859 86.648816 2.54762
v -44.795239 86.904767 2.684528
v -44.694049 87.238098 2.755957
v -44.967859 86.648816 2.54762
v -40.938098 86.404767 -3.482141
v -40.664288 86.464288 -3.273804
v -45.194049 86.464288 2.357147
v -40.938098 86.404767 -3.482141
v -45.194049 86.464288 2.357147
v -45.467859 86.404767 2.136908
v -40.938098 86.404767 -3.482141
v -45.194049 86.464288 2.357147
v -40.664288 86.464288 -3.273804
v -40.426196 86.648816 -3.083331
v -44.967859 86.648816 2.54762
v -40.664288 86.464288 -3.273804
v -44.967859 86.648816 2.54762
v -45.194049 86.464288 2.357147
v -40.664288 86.464288 -3.273804
v -44.967859 86.648816 2.54762
v -40.426196 86.648816 -3.083331
v -40.259528 86.904767 -2.940472
v -44.795239 86.904767 2.684528
v -40.426196 86.648816 -3.083331
v -44.795239 86.904767 2.684528
v -44.967859 86.648816 2.54762
v -40.426196 86.648816 -3.083331
v -44.795239 86.904767 2.684528
v -40.259528 86.904767 -2.940472
v -40.164288 87.238098 -2.874994
v -44.694049 87.238098 2.755957
v -40.259528 86.904767 -2.940472
v -44.694049 87.238098 2.755957
v -44.795239 86.904767 2.684528
v -40.259528 86.904767 -2.940472
v -44.694049 87.238098 2.755957
v -40.164288 87.238098 -2.874994
v -40.164288 87.589288 -2.874994
v -44.694049 87.589288 2.755957
v -40.164288 87.238098 -2.874994
v -44.694049 87.589288 2.755957
v -44.694049 87.238098 2.755957
v -40.164288 87.238098 -2.874994
v -44.694049 87.589288 2.755957
v -40.164288 87.589288 -2.874994
v -40.259528 87.904767 -2.940472
v -44.795239 87.904767 2.684528
v -40.164288 87.589288 -2.874994
v -44.795239 87.904767 2.684528
v -44.694049 87.589288 2.755957
v -40.164288 87.589288 -2.874994
v -44.795239 87.904767 2.684528
v -40.259528 87.904767 -2.940472
v -40.426196 88.178577 -3.083331
v -44.967859 88.178577 2.54762
v -40.259528 87.904767 -2.940472
v -44.967859 88.178577 2.54762
v -44.795239 87.904767 2.684528
v -40.259528 87.904767 -2.940472
v -44.967859 88.178577 2.54762
v -40.426196 88.178577 -3.083331
v -40.664288 88.345239 -3.273804
v -45.194049 88.345239 2.357147
v -40.426196 88.178577 -3.083331
v -45.194049 88.345239 2.357147
v -44.967859 88.178577 2.54762
v -40.426196 88.178577 -3.083331
v -45.194049 88.345239 2.357147
v -40.664288 88.345239 -3.273804
v -40.938098 88.416669 -3.482141
v -45.467859 88.416669 2.136908
v -40.664288 88.345239 -3.273804
v -45.467859 88.416669 2.136908
v -45.194049 88.345239 2.357147
v -40.664288 88.345239 -3.273804
v -45.467859 88.416669 2.136908
v -40.938098 88.416669 -3.482141
v -41.194049 88.345239 -3.70238
v -45.735718 88.345239 1.928577
v -40.938098 88.416669 -3.482141
v -45.735718 88.345239 1.928577
v -45.467859 88.416669 2.136908
v -40.938098 88.416669 -3.482141
v -45.735718 88.345239 1.928577
v -41.194049 88.345239 -3.70238
v -41.438098 88.178577 -3.892853
v -45.967859 88.178577 1.738098
v -41.194049 88.345239 -3.70238
v -45.967859 88.178577 1.738098
v -45.735718 88.345239 1.928577
v -41.194049 88.345239 -3.70238
v -45.967859 88.178577 1.738098
v -41.438098 88.178577 -3.892853
v -41.604767 87.904767 -4.035712
v -46.146429 87.904767 1.595239
v -41.438098 88.178577 -3.892853
v -46.146429 87.904767 1.595239
v -45.967859 88.178577 1.738098
v -41.438098 88.178577 -3.892853
v -46.146429 87.904767 1.595239
v -41.604767 87.904767 -4.035712
v -41.694049 87.589288 -4.10119
v -46.235718 87.589288 1.529767
v -41.604767 87.904767 -4.035712
v -46.235718 87.589288 1.529767
v -46.146429 87.904767 1.595239
v -41.604767 87.904767 -4.035712
v -46.235718 87.589288 1.529767
v -41.694049 87.589288 -4.10119
v -41.694049 87.238098 -4.10119
v -46.235718 87.238098 1.529767
v -41.694049 87.589288 -4.10119
v -46.235718 87.238098 1.529767
v -46.235718 87.589288 1.529767
v -41.694049 87.589288 -4.10119
v -46.235718 87.238098 1.529767
v -41.694049 87.238098 -4.10119
v -41.604767 86.904767 -4.035712
v -46.146429 86.904767 1.595239
v -41.694049 87.238098 -4.10119
v -46.146429 86.904767 1.595239
v -46.235718 87.238098 1.529767
v -41.694049 87.238098 -4.10119
v -46.146429 86.904767 1.595239
v -41.604767 86.904767 -4.035712
v -41.438098 86.648816 -3.892853
v -45.967859 86.648816 1.738098
v -41.604767 86.904767 -4.035712
v -45.967859 86.648816 1.738098
v -46.146429 86.904767 1.595239
v -41.604767 86.904767 -4.035712
v -45.967859 86.648816 1.738098
v -41.438098 86.648816 -3.892853
v -41.194049 86.464288 -3.70238
v -45.735718 86.464288 1.928577
v -41.438098 86.648816 -3.892853
v -45.735718 86.464288 1.928577
v -45.967859 86.648816 1.738098
v -41.438098 86.648816 -3.892853
v -45.735718 86.464288 1.928577
v -41.194049 86.464288 -3.70238
v -40.938098 86.404767 -3.482141
v -45.467859 86.404767 2.136908
v -41.194049 86.464288 -3.70238
v -45.467859 86.404767 2.136908
v -45.735718 86.464288 1.928577
v -41.194049 86.464288 -3.70238
v -45.467859 86.404767 2.136908
v -40.938098 101.357147 -3.482141
v -41.194049 101.416669 -3.70238
v -40.664288 101.416669 -3.273804
v -40.938098 101.357147 -3.482141
v -41.194049 101.416669 -3.70238
v -41.604767 101.857147 -4.035712
v -40.664288 101.416669 -3.273804
v -41.194049 101.416669 -3.70238
v -41.604767 101.857147 -4.035712
v -40.259528 101.857147 -2.940472
v -40.664288 101.416669 -3.273804
v -41.604767 101.857147 -4.035712
v -40.259528 101.857147 -2.940472
v -40.426196 101.595245 -3.083331
v -40.664288 101.416669 -3.273804
v -40.259528 101.857147 -2.940472
v -41.604767 101.857147 -4.035712
v -41.438098 103.125 -3.892853
v -40.259528 101.857147 -2.940472
v -41.604767 101.857147 -4.035712
v -41.438098 103.125 -3.892853
v -40.426196 103.125 -3.083331
v -40.259528 101.857147 -2.940472
v -41.438098 103.125 -3.892853
v -40.426196 103.125 -3.083331
v -40.164288 102.535718 -2.874994
v -40.259528 101.857147 -2.940472
v -40.426196 103.125 -3.083331
v -40.164288 102.535718 -2.874994
v -40.164288 102.184528 -2.874994
v -40.259528 101.857147 -2.940472
v -40.164288 102.535718 -2.874994
v -40.426196 103.125 -3.083331
v -40.259528 102.857153 -2.940472
v -40.164288 102.535718 -2.874994
v -40.426196 103.125 -3.083331
v -41.438098 103.125 -3.892853
v -40.938098 103.357153 -3.482141
v -40.426196 103.125 -3.083331
v -41.438098 103.125 -3.892853
v -40.938098 103.357153 -3.482141
v -40.664288 103.29762 -3.273804
v -40.426196 103.125 -3.083331
v -40.938098 103.357153 -3.482141
v -41.438098 103.125 -3.892853
v -41.194049 103.29762 -3.70238
v -40.938098 103.357153 -3.482141
v -41.438098 103.125 -3.892853
v -41.604767 101.857147 -4.035712
v -41.694049 102.535718 -4.10119
v -41.438098 103.125 -3.892853
v -41.604767 101.857147 -4.035712
v -41.694049 102.535718 -4.10119
v -41.604767 102.857153 -4.035712
v -41.438098 103.125 -3.892853
v -41.694049 102.535718 -4.10119
v -41.604767 101.857147 -4.035712
v -41.694049 102.184528 -4.10119
v -41.694049 102.535718 -4.10119
v -41.604767 101.857147 -4.035712
v -41.194049 101.416669 -3.70238
v -41.438098 101.595245 -3.892853
v -41.604767 101.857147 -4.035712
v -41.194049 101.416669 -3.70238
v -45.194049 101.416669 2.357147
v -44.967859 101.595245 2.54762
v -45.467859 101.357147 2.136908
v -45.194049 101.416669 2.357147
v -44.967859 101.595245 2.54762
v -44.694049 102.184528 2.755957
v -45.467859 101.357147 2.136908
v -44.967859 101.595245 2.54762
v -44.694049 102.184528 2.755957
v -45.967859 101.595245 1.738098
v -45.467859 101.357147 2.136908
v -44.694049 102.184528 2.755957
v -45.967859 101.595245 1.738098
v -45.735718 101.416669 1.928577
v -45.467859 101.357147 2.136908
v -45.967859 101.595245 1.738098
v -44.694049 102.184528 2.755957
v -45.194049 103.29762 2.357147
v -45.967859 101.595245 1.738098
v -44.694049 102.184528 2.755957
v -45.194049 103.29762 2.357147
v -46.146429 102.857153 1.595239
v -45.967859 101.595245 1.738098
v -45.194049 103.29762 2.357147
v -46.146429 102.857153 1.595239
v -46.235718 102.184528 1.529767
v -45.967859 101.595245 1.738098
v -46.146429 102.857153 1.595239
v -46.235718 102.184528 1.529767
v -46.146429 101.857147 1.595239
v -45.967859 101.595245 1.738098
v -46.235718 102.184528 1.529767
v -46.146429 102.857153 1.595239
v -46.235718 102.535718 1.529767
v -46.235718 102.184528 1.529767
v -46.146429 102.857153 1.595239
v -45.194049 103.29762 2.357147
v -45.735718 103.29762 1.928577
v -46.146429 102.857153 1.595239
v -45.194049 103.29762 2.357147
v -45.735718 103.29762 1.928577
v -45.967859 103.125 1.738098
v -46.146429 102.857153 1.595239
v -45.735718 103.29762 1.928577
v -45.194049 103.29762 2.357147
v -45.467859 103.357153 2.136908
v -45.735718 103.29762 1.928577
v -45.194049 103.29762 2.357147
v -44.694049 102.184528 2.755957
v -44.795239 102.857153 2.684528
v -45.194049 103.29762 2.357147
v -44.694049 102.184528 2.755957
v -44.795239 102.857153 2.684528
v -44.967859 103.125 2.54762
v -45.194049 103.29762 2.357147
v -44.795239 102.857153 2.684528
v -44.694049 102.184528 2.755957
v -44.694049 102.535718 2.755957
v -44.795239 102.857153 2.684528
v -44.694049 102.184528 2.755957
v -44.967859 101.595245 2.54762
v -44.795239 101.857147 2.684528
v -44.694049 102.184528 2.755957
v -44.967859 101.595245 2.54762
v -40.938098 101.357147 -3.482141
v -40.664288 101.416669 -3.273804
v -45.194049 101.416669 2.357147
v -40.938098 101.357147 -3.482141
v -45.194049 101.416669 2.357147
v -45.467859 101.357147 2.136908
v -40.938098 101.357147 -3.482141
v -45.194049 101.416669 2.357147
v -40.664288 101.416669 -3.273804
v -40.426196 101.595245 -3.083331
v -44.967859 101.595245 2.54762
v -40.664288 101.416669 -3.273804
v -44.967859 101.595245 2.54762
v -45.194049 101.416669 2.357147
v -40.664288 101.416669 -3.273804
v -44.967859 101.595245 2.54762
v -40.426196 101.595245 -3.083331
v -40.259528 101.857147 -2.940472
v -44.795239 101.857147 2.684528
v -40.426196 101.595245 -3.083331
v -44.795239 101.857147 2.684528
v -44.967859 101.595245 2.54762
v -40.426196 101.595245 -3.083331
v -44.795239 101.857147 2.684528
v -40.259528 101.857147 -2.940472
v -40.164288 102.184528 -2.874994
v -44.694049 102.184528 2.755957
v -40.259528 101.857147 -2.940472
v -44.694049 102.184528 2.755957
v -44.795239 101.857147 2.684528
v -40.259528 101.857147 -2.940472
v -44.694049 102.184528 2.755957
v -40.164288 102.184528 -2.874994
v -40.164288 102.535718 -2.874994
v -44.694049 102.535718 2.755957
v -40.164288 102.184528 -2.874994
v -44.694049 102.535718 2.755957
v -44.694049 102.184528 2.755957
v -40.164288 102.184528 -2.874994
v -44.694049 102.535718 2.755957
v -40.164288 102.535718 -2.874994
v -40.259528 102.857153 -2.940472
v -44.795239 102.857153 2.684528
v -40.164288 102.535718 -2.874994
v -44.795239 102.857153 2.684528
v -44.694049 102.535718 2.755957
v -40.164288 102.535718 -2.874994
v -44.795239 102.857153 2.684528
v -40.259528 102.857153 -2.940472
v -40.426196 103.125 -3.083331
v -44.967859 103.125 2.54762
v -40.259528 102.857153 -2.940472
v -44.967859 103.125 2.54762
v -44.795239 102.857153 2.684528
v -40.259528 102.857153 -2.940472
v -44.967859 103.125 2.54762
v -40.426196 103.125 -3.083331
v -40.664288 103.29762 -3.273804
v -45.194049 103.29762 2.357147
v -40.426196 103.125 -3.083331
v -45.194049 103.29762 2.357147
v -44.967859 103.125 2.54762
v -40.426196 103.125 -3.083331
v -45.194049 103.29762 2.357147
v -40.664288 103.29762 -3.273804
v -40.938098 103.357153 -3.482141
v -45.467859 103.357153 2.136908
v -40.664288 103.29762 -3.273804
v -45.467859 103.357153 2.136908
v -45.194049 103.29762 2.357147
v -40.664288 103.29762 -3.273804
v -45.467859 103.357153 2.136908
v -40.938098 103.357153 -3.482141
v -41.194049 103.29762 -3.70238
v -45.735718 103.29762 1.928577
v -40.938098 103.357153 -3.482141
v -45.735718 103.29762 1.928577
v -45.467859 103.357153 2.136908
v -40.938098 103.357153 -3.482141
v -45.735718 103.29762 1.928577
v -41.194049 103.29762 -3.70238
v -41.438098 103.125 -3.892853
v -45.967859 103.125 1.738098
v -41.194049 103.29762 -3.70238
v -45.967859 103.125 1.738098
v -45.735718 103.29762 1.928577
v -41.194049 103.29762 -3.70238
v -45.967859 103.125 1.738098
v -41.438098 103.125 -3.892853
v -41.604767 102.857153 -4.035712
v -46.146429 102.857153 1.595239
v -41.438098 103.125 -3.892853
v -46.146429 102.857153 1.595239
v -45.967859 103.125 1.738098
v -41.438098 103.125 -3.892853
v -46.146429 102.857153 1.595239
v -41.604767 102.857153 -4.035712
v -41.694049 102.535718 -4.10119
v -46.235718 102.535718 1.529767
v -41.604767 102.857153 -4.035712
v -46.235718 102.535718 1.529767
v -46.146429 102.857153 1.595239
v -41.604767 102.857153 -4.035712
v -46.235718 102.535718 1.529767
v -41.694049 102.535718 -4.10119
v -41.694049 102.184528 -4.10119
v -46.235718 102.184528 1.529767
v -41.694049 102.535718 -4.10119
v -46.235718 102.184528 1.529767
v -46.235718 102.535718 1.529767
v -41.694049 102.535718 -4.10119
v -46.235718 102.184528 1.529767
v -41.694049 102.184528 -4.10119
v -41.604767 101.857147 -4.035712
v -46.146429 101.857147 1.595239
v -41.694049 102.184528 -4.10119
v -46.146429 101.857147 1.595239
v -46.235718 102.184528 1.529767
v -41.694049 102.184528 -4.10119
v -46.146429 101.857147 1.595239
v -41.604767 101.857147 -4.035712
v -41.438098 101.595245 -3.892853
v -45.967859 101.595245 1.738098
v -41.604767 101.857147 -4.035712
v -45.967859 101.595245 1.738098
v -46.146429 101.857147 1.595239
v -41.604767 101.857147 -4.035712
v -45.967859 101.595245 1.738098
v -41.438098 101.595245 -3.892853
v -41.194049 101.416669 -3.70238
v -45.735718 101.416669 1.928577
v -41.438098 101.595245 -3.892853
v -45.735718 101.416669 1.928577
v -45.967859 101.595245 1.738098
v -41.438098 101.595245 -3.892853
v -45.735718 101.416669 1.928577
v -41.194049 101.416669 -3.70238
v -40.938098 101.357147 -3.482141
v -45.467859 101.357147 2.136908
v -41.194049 101.416669 -3.70238
v -45.467859 101.357147 2.136908
v -45.735718 101.416669 1.928577
v -41.194049 101.416669 -3.70238
v -45.467859 101.357147 2.136908
v -48.729767 101.357147 -11.160712
v -48.944049 101.416669 -11.422614
v -48.509528 101.416669 -10.904761
v -48.729767 101.357147 -11.160712
v -48.944049 101.416669 -11.422614
v -49.295239 101.857147 -11.815472
v -48.509528 101.416669 -10.904761
v -48.944049 101.416669 -11.422614
v -49.295239 101.857147 -11.815472
v -48.158337 101.857147 -10.505951
v -48.509528 101.416669 -10.904761
v -49.295239 101.857147 -11.815472
v -48.158337 101.857147 -10.505951
v -48.307147 101.595245 -10.672614
v -48.509528 101.416669 -10.904761
v -48.158337 101.857147 -10.505951
v -49.295239 101.857147 -11.815472
v -49.146429 103.125 -11.654761
v -48.158337 101.857147 -10.505951
v -49.295239 101.857147 -11.815472
v -49.146429 103.125 -11.654761
v -48.307147 103.125 -10.672614
v -48.158337 101.857147 -10.505951
v -49.146429 103.125 -11.654761
v -48.307147 103.125 -10.672614
v -48.075006 102.535718 -10.410712
v -48.158337 101.857147 -10.505951
v -48.307147 103.125 -10.672614
v -48.075006 102.535718 -10.410712
v -48.075006 102.184528 -10.410712
v -48.158337 101.857147 -10.505951
v -48.075006 102.535718 -10.410712
v -48.307147 103.125 -10.672614
v -48.158337 102.857153 -10.505951
v -48.075006 102.535718 -10.410712
v -48.307147 103.125 -10.672614
v -49.146429 103.125 -11.654761
v -48.729767 103.357153 -11.160712
v -48.307147 103.125 -10.672614
v -49.146429 103.125 -11.654761
v -48.729767 103.357153 -11.160712
v -48.509528 103.29762 -10.904761
v -48.307147 103.125 -10.672614
v -48.729767 103.357153 -11.160712
v -49.146429 103.125 -11.654761
v -48.944049 103.29762 -11.422614
v -48.729767 103.357153 -11.160712
v -49.146429 103.125 -11.654761
v -49.295239 101.857147 -11.815472
v -49.366669 102.535718 -11.904761
v -49.146429 103.125 -11.654761
v -49.295239 101.857147 -11.815472
v -49.366669 102.535718 -11.904761
v -49.295239 102.857153 -11.815472
v -49.146429 103.125 -11.654761
v -49.366669 102.535718 -11.904761
v -49.295239 101.857147 -11.815472
v -49.366669 102.184528 -11.904761
v -49.366669 102.535718 -11.904761
v -49.295239 101.857147 -11.815472
v -48.944049 101.416669 -11.422614
v -49.146429 101.595245 -11.654761
v -49.295239 101.857147 -11.815472
v -48.944049 101.416669 -11.422614
v -53.967859 101.416669 -6.172614
v -53.765479 101.595245 -5.940472
v -54.188098 101.357147 -6.434521
v -53.967859 101.416669 -6.172614
v -53.765479 101.595245 -5.940472
v -53.545239 102.184528 -5.684521
v -54.188098 101.357147 -6.434521
v -53.765479 101.595245 -5.940472
v -53.545239 102.184528 -5.684521
v -54.616669 101.595245 -6.922614
v -54.188098 101.357147 -6.434521
v -53.545239 102.184528 -5.684521
v -54.616669 101.595245 -6.922614
v -54.414288 101.416669 -6.690472
v -54.188098 101.357147 -6.434521
v -54.616669 101.595245 -6.922614
v -53.545239 102.184528 -5.684521
v -53.967859 103.29762 -6.172614
v -54.616669 101.595245 -6.922614
v -53.545239 102.184528 -5.684521
v -53.967859 103.29762 -6.172614
v -54.759528 102.857153 -7.083331
v -54.616669 101.595245 -6.922614
v -53.967859 103.29762 -6.172614
v -54.759528 102.857153 -7.083331
v -54.836908 102.184528 -7.172614
v -54.616669 101.595245 -6.922614
v -54.759528 102.857153 -7.083331
v -54.836908 102.184528 -7.172614
v -54.759528 101.857147 -7.083331
v -54.616669 101.595245 -6.922614
v -54.836908 102.184528 -7.172614
v -54.759528 102.857153 -7.083331
v -54.836908 102.535718 -7.172614
v -54.836908 102.184528 -7.172614
v -54.759528 102.857153 -7.083331
v -53.967859 103.29762 -6.172614
v -54.414288 103.29762 -6.690472
v -54.759528 102.857153 -7.083331
v -53.967859 103.29762 -6.172614
v -54.414288 103.29762 -6.690472
v -54.616669 103.125 -6.922614
v -54.759528 102.857153 -7.083331
v -54.414288 103.29762 -6.690472
v -53.967859 103.29762 -6.172614
v -54.188098 103.357153 -6.434521
v -54.414288 103.29762 -6.690472
v -53.967859 103.29762 -6.172614
v -53.545239 102.184528 -5.684521
v -53.628577 102.857153 -5.773804
v -53.967859 103.29762 -6.172614
v -53.545239 102.184528 -5.684521
v -53.628577 102.857153 -5.773804
v -53.765479 103.125 -5.940472
v -53.967859 103.29762 -6.172614
v -53.628577 102.857153 -5.773804
v -53.545239 102.184528 -5.684521
v -53.545239 102.535718 -5.684521
v -53.628577 102.857153 -5.773804
v -53.545239 102.184528 -5.684521
v -53.765479 101.595245 -5.940472
v -53.628577 101.857147 -5.773804
v -53.545239 102.184528 -5.684521
v -53.765479 101.595245 -5.940472
v -48.729767 101.357147 -11.160712
v -48.509528 101.416669 -10.904761
v -53.967859 101.416669 -6.172614
v -48.729767 101.357147 -11.160712
v -53.967859 101.416669 -6.172614
v -54.188098 101.357147 -6.434521
v -48.729767 101.357147 -11.160712
v -53.967859 101.416669 -6.172614
v -48.509528 101.416669 -10.904761
v -48.307147 101.595245 -10.672614
v -53.765479 101.595245 -5.940472
v -48.509528 101.416669 -10.904761
v -53.765479 101.595245 -5.940472
v -53.967859 101.416669 -6.172614
v -48.509528 101.416669 -10.904761
v -53.765479 101.595245 -5.940472
v -48.307147 101.595245 -10.672614
v -48.158337 101.857147 -10.505951
v -53.628577 101.857147 -5.773804
v -48.307147 101.595245 -10.672614
v -53.628577 101.857147 -5.773804
v -53.765479 101.595245 -5.940472
v -48.307147 101.595245 -10.672614
v -53.628577 101.857147 -5.773804
v -48.158337 101.857147 -10.505951
v -48.075006 102.184528 -10.410712
v -53.545239 102.184528 -5.684521
v -48.158337 101.857147 -10.505951
v -53.545239 102.184528 -5.684521
v -53.628577 101.857147 -5.773804
v -48.158337 101.857147 -10.505951
v -53.545239 102.184528 -5.684521
v -48.075006 102.184528 -10.410712
v -48.075006 102.535718 -10.410712
v -53.545239 102.535718 -5.684521
v -48.075006 102.184528 -10.410712
v -53.545239 102.535718 -5.684521
v -53.545239 102.184528 -5.684521
v -48.075006 102.184528 -10.410712
v -53.545239 102.535718 -5.684521
v -48.075006 102.535718 -10.410712
v -48.158337 102.857153 -10.505951
v -53.628577 102.857153 -5.773804
v -48.075006 102.535718 -10.410712
v -53.628577 102.857153 -5.773804
v -53.545239 102.535718 -5.684521
v -48.075006 102.535718 -10.410712
v -53.628577 102.857153 -5.773804
v -48.158337 102.857153 -10.505951
v -48.307147 103.125 -10.672614
v -53.765479 103.125 -5.940472
v -48.158337 102.857153 -10.505951
v -53.765479 103.125 -5.940472
v -53.628577 102.857153 -5.773804
v -48.158337 102.857153 -10.505951
v -53.765479 103.125 -5.940472
v -48.307147 103.125 -10.672614
v -48.509528 103.29762 -10.904761
v -53.967859 103.29762 -6.172614
v -48.307147 103.125 -10.672614
v -53.967859 103.29762 -6.172614
v -53.765479 103.125 -5.940472
v -48.307147 103.125 -10.672614
v -53.967859 103.29762 -6.172614
v -48.509528 103.29762 -10.904761
v -48.729767 103.357153 -11.160712
v -54.188098 103.357153 -6.434521
v -48.509528 103.29762 -10.904761
v -54.188098 103.357153 -6.434521
v -53.967859 103.29762 -6.172614
v -48.509528 103.29762 -10.904761
v -54.188098 103.357153 -6.434521
v -48.729767 103.357153 -11.160712
v -48.944049 103.29762 -11.422614
v -54.414288 103.29762 -6.690472
v -48.729767 103.357153 -11.160712
v -54.414288 103.29762 -6.690472
v -54.188098 103.357153 -6.434521
v -48.729767 103.357153 -11.160712
v -54.414288 103.29762 -6.690472
v -48.944049 103.29762 -11.422614
v -49.146429 103.125 -11.654761
v -54.616669 103.125 -6.922614
v -48.944049 103.29762 -11.422614
v -54.616669 103.125 -6.922614
v -54.414288 103.29762 -6.690472
v -48.944049 103.29762 -11.422614
v -54.616669 103.125 -6.922614
v -49.146429 103.125 -11.654761
v -49.295239 102.857153 -11.815472
v -54.759528 102.857153 -7.083331
v -49.146429 103.125 -11.654761
v -54.759528 102.857153 -7.083331
v -54.616669 103.125 -6.922614
v -49.146429 103.125 -11.654761
v -54.759528 102.857153 -7.083331
v -49.295239 102.857153 -11.815472
v -49.366669 102.535718 -11.904761
v -54.836908 102.535718 -7.172614
v -49.295239 102.857153 -11.815472
v -54.836908 102.535718 -7.172614
v -54.759528 102.857153 -7.083331
v -49.295239 102.857153 -11.815472
v -54.836908 102.535718 -7.172614
v -49.366669 102.535718 -11.904761
v -49.366669 102.184528 -11.904761
v -54.836908 102.184528 -7.172614
v -49.366669 102.535718 -11.904761
v -54.836908 102.184528 -7.172614
v -54.836908 102.535718 -7.172614
v -49.366669 102.535718 -11.904761
v -54.836908 102.184528 -7.172614
v -49.366669 102.184528 -11.904761
v -49.295239 101.857147 -11.815472
v -54.759528 101.857147 -7.083331
v -49.366669 102.184528 -11.904761
v -54.759528 101.857147 -7.083331
v -54.836908 102.184528 -7.172614
v -49.366669 102.184528 -11.904761
v -54.759528 101.857147 -7.083331
v -49.295239 101.857147 -11.815472
v -49.146429 101.595245 -11.654761
v -54.616669 101.595245 -6.922614
v -49.295239 101.857147 -11.815472
v -54.616669 101.595245 -6.922614
v -54.759528 101.857147 -7.083331
v -49.295239 101.857147 -11.815472
v -54.616669 101.595245 -6.922614
v -49.146429 101.595245 -11.654761
v -48.944049 101.416669 -11.422614
v -54.414288 101.416669 -6.690472
v -49.146429 101.595245 -11.654761
v -54.414288 101.416669 -6.690472
v -54.616669 101.595245 -6.922614
v -49.146429 101.595245 -11.654761
v -54.414288 101.416669 -6.690472
v -48.944049 101.416669 -11.422614
v -48.729767 101.357147 -11.160712
v -54.188098 101.357147 -6.434521
v -48.944049 101.416669 -11.422614
v -54.188098 101.357147 -6.434521
v -54.414288 101.416669 -6.690472
v -48.944049 101.416669 -11.422614
v -54.188098 101.357147 -6.434521
v -48.009528 84.559528 -11.672614
v -47.765479 84.559528 -11.333331
v -48.319049 84.559528 -11.964282
v -48.009528 84.559528 -11.672614
v -47.765479 84.559528 -11.333331
v -47.59881 84.559528 -10.625
v -48.319049 84.559528 -11.964282
v -47.765479 84.559528 -11.333331
v -47.59881 84.559528 -10.625
v -48.99762 84.559528 -12.232141
v -48.319049 84.559528 -11.964282
v -47.59881 84.559528 -10.625
v -48.99762 84.559528 -12.232141
v -48.658337 84.559528 -12.154761
v -48.319049 84.559528 -11.964282
v -48.99762 84.559528 -12.232141
v -47.59881 84.559528 -10.625
v -48.515479 84.559528 -10.190472
v -48.99762 84.559528 -12.232141
v -47.59881 84.559528 -10.625
v -48.515479 84.559528 -10.190472
v -49.545239 84.559528 -11.380951
v -48.99762 84.559528 -12.232141
v -48.515479 84.559528 -10.190472
v -49.545239 84.559528 -11.380951
v -49.479767 84.559528 -12.005951
v -48.99762 84.559528 -12.232141
v -49.545239 84.559528 -11.380951
v -49.479767 84.559528 -12.005951
v -49.277386 84.559528 -12.172614
v -48.99762 84.559528 -12.232141
v -49.479767 84.559528 -12.005951
v -49.545239 84.559528 -11.380951
v -49.575006 84.559528 -11.720233
v -49.479767 84.559528 -12.005951
v -49.545239 84.559528 -11.380951
v -48.515479 84.559528 -10.190472
v -49.164288 84.559528 -10.672614
v -49.545239 84.559528 -11.380951
v -48.515479 84.559528 -10.190472
v -49.164288 84.559528 -10.672614
v -49.408337 84.559528 -11.023804
v -49.545239 84.559528 -11.380951
v -49.164288 84.559528 -10.672614
v -48.515479 84.559528 -10.190472
v -48.854767 84.559528 -10.380951
v -49.164288 84.559528 -10.672614
v -48.515479 84.559528 -10.190472
v -47.59881 84.559528 -10.625
v -47.896429 84.559528 -10.172614
v -48.515479 84.559528 -10.190472
v -47.59881 84.559528 -10.625
v -47.896429 84.559528 -10.172614
v -48.188098 84.559528 -10.113092
v -48.515479 84.559528 -10.190472
v -47.896429 84.559528 -10.172614
v -47.59881 84.559528 -10.625
v -47.694049 84.559528 -10.345233
v -47.896429 84.559528 -10.172614
v -47.59881 84.559528 -10.625
v -47.765479 84.559528 -11.333331
v -47.628577 84.559528 -10.964282
v -47.59881 84.559528 -10.625
v -47.765479 84.559528 -11.333331
v -48.319049 105.309534 -11.964282
v -48.658337 105.309534 -12.154761
v -48.009528 105.309534 -11.672614
v -48.319049 105.309534 -11.964282
v -48.658337 105.309534 -12.154761
v -49.277386 105.309534 -12.172614
v -48.009528 105.309534 -11.672614
v -48.658337 105.309534 -12.154761
v -49.277386 105.309534 -12.172614
v -47.628577 105.309534 -10.964282
v -48.009528 105.309534 -11.672614
v -49.277386 105.309534 -12.172614
v -47.628577 105.309534 -10.964282
v -47.765479 105.309534 -11.333331
v -48.009528 105.309534 -11.672614
v -47.628577 105.309534 -10.964282
v -49.277386 105.309534 -12.172614
v -49.408337 105.309534 -11.023804
v -47.628577 105.309534 -10.964282
v -49.277386 105.309534 -12.172614
v -49.408337 105.309534 -11.023804
v -48.188098 105.309534 -10.113092
v -47.628577 105.309534 -10.964282
v -49.408337 105.309534 -11.023804
v -48.188098 105.309534 -10.113092
v -47.694049 105.309534 -10.345233
v -47.628577 105.309534 -10.964282
v -48.188098 105.309534 -10.113092
v -47.694049 105.309534 -10.345233
v -47.59881 105.309534 -10.625
v -47.628577 105.309534 -10.964282
v -47.694049 105.309534 -10.345233
v -48.188098 105.309534 -10.113092
v -47.896429 105.309534 -10.172614
v -47.694049 105.309534 -10.345233
v -48.188098 105.309534 -10.113092
v -49.408337 105.309534 -11.023804
v -48.854767 105.309534 -10.380951
v -48.188098 105.309534 -10.113092
v -49.408337 105.309534 -11.023804
v -48.854767 105.309534 -10.380951
v -48.515479 105.309534 -10.190472
v -48.188098 105.309534 -10.113092
v -48.854767 105.309534 -10.380951
v -49.408337 105.309534 -11.023804
v -49.164288 105.309534 -10.672614
v -48.854767 105.309534 -10.380951
v -49.408337 105.309534 -11.023804
v -49.277386 105.309534 -12.172614
v -49.575006 105.309534 -11.720233
v -49.408337 105.309534 -11.023804
v -49.277386 105.309534 -12.172614
v -49.575006 105.309534 -11.720233
v -49.545239 105.309534 -11.380951
v -49.408337 105.309534 -11.023804
v -49.575006 105.309534 -11.720233
v -49.277386 105.309534 -12.172614
v -49.479767 105.309534 -12.005951
v -49.575006 105.309534 -11.720233
v -49.277386 105.309534 -12.172614
v -48.658337 105.309534 -12.154761
v -48.99762 105.309534 -12.232141
v -49.277386 105.309534 -12.172614
v -48.658337 105.309534 -12.154761
v -48.009528 84.559528 -11.672614
v -48.319049 84.559528 -11.964282
v -48.319049 105.309534 -11.964282
v -48.009528 84.559528 -11.672614
v -48.319049 105.309534 -11.964282
v -48.009528 105.309534 -11.672614
v -48.009528 84.559528 -11.672614
v -48.319049 105.309534 -11.964282
v -48.319049 84.559528 -11.964282
v -48.658337 84.559528 -12.154761
v -48.658337 105.309534 -12.154761
v -48.319049 84.559528 -11.964282
v -48.658337 105.309534 -12.154761
v -48.319049 105.309534 -11.964282
v -48.319049 84.559528 -11.964282
v -48.658337 105.309534 -12.154761
v -48.658337 84.559528 -12.154761
v -48.99762 84.559528 -12.232141
v -48.99762 105.309534 -12.232141
v -48.658337 84.559528 -12.154761
v -48.99762 105.309534 -12.232141
v -48.658337 105.309534 -12.154761
v -48.658337 84.559528 -12.154761
v -48.99762 105.309534 -12.232141
v -48.99762 84.559528 -12.232141
v -49.277386 84.559528 -12.172614
v -49.277386 105.309534 -12.172614
v -48.99762 84.559528 -12.232141
v -49.277386 105.309534 -12.172614
v -48.99762 105.309534 -12.232141
v -48.99762 84.559528 -12.232141
v -49.277386 105.309534 -12.172614
v -49.277386 84.559528 -12.172614
v -49.479767 84.559528 -12.005951
v -49.479767 105.309534 -12.005951
v -49.277386 84.559528 -12.172614
v -49.479767 105.309534 -12.005951
v -49.277386 105.309534 -12.172614
v -49.277386 84.559528 -12.172614
v -49.479767 105.309534 -12.005951
v -49.479767 84.559528 -12.005951
v -49.575006 84.559528 -11.720233
v -49.575006 105.309534 -11.720233
v -49.479767 84.559528 -12.005951
v -49.575006 105.309534 -11.720233
v -49.479767 105.309534 -12.005951
v -49.479767 84.559528 -12.005951
v -49.575006 105.309534 -11.720233
v -49.575006 84.559528 -11.720233
v -49.545239 84.559528 -11.380951
v -49.545239 105.309534 -11.380951
v -49.575006 84.559528 -11.720233
v -49.545239 105.309534 -11.380951
v -49.575006 105.309534 -11.720233
v -49.575006 84.559528 -11.720233
v -49.545239 105.309534 -11.380951
v -49.545239 84.559528 -11.380951
v -49.408337 84.559528 -11.023804
v -49.408337 105.309534 -11.023804
v -49.545239 84.559528 -11.380951
v -49.408337 105.309534 -11.023804
v -49.545239 105.309534 -11.380951
v -49.545239 84.559528 -11.380951
v -49.408337 105.309534 -11.023804
v -49.408337 84.559528 -11.023804
v -49.164288 84.559528 -10.672614
v -49.164288 105.309534 -10.672614
v -49.408337 84.559528 -11.023804
v -49.164288 105.309534 -10.672614
v -49.408337 105.309534 -11.023804
v -49.408337 84.559528 -11.023804
v -49.164288 105.309534 -10.672614
v -49.164288 84.559528 -10.672614
v -48.854767 84.559528 -10.380951
v -48.854767 105.309534 -10.380951
v -49.164288 84.559528 -10.672614
v -48.854767 105.309534 -10.380951
v -49.164288 105.309534 -10.672614
v -49.164288 84.559528 -10.672614
v -48.854767 105.309534 -10.380951
v -48.854767 84.559528 -10.380951
v -48.515479 84.559528 -10.190472
v -48.515479 105.309534 -10.190472
v -48.854767 84.559528 -10.380951
v -48.515479 105.309534 -10.190472
v -48.854767 105.309534 -10.380951
v -48.854767 84.559528 -10.380951
v -48.515479 105.309534 -10.190472
v -48.515479 84.559528 -10.190472
v -48.188098 84.559528 -10.113092
v -48.188098 105.309534 -10.113092
v -48.515479 84.559528 -10.190472
v -48.188098 105.309534 -10.113092
v -48.515479 105.309534 -10.190472
v -48.515479 84.559528 -10.190472
v -48.188098 105.309534 -10.113092
v -48.188098 84.559528 -10.113092
v -47.896429 84.559528 -10.172614
v -47.896429 105.309534 -10.172614
v -48.188098 84.559528 -10.113092
v -47.896429 105.309534 -10.172614
v -48.188098 105.309534 -10.113092
v -48.188098 84.559528 -10.113092
v -47.896429 105.309534 -10.172614
v -47.896429 84.559528 -10.172614
v -47.694049 84.559528 -10.345233
v -47.694049 105.309534 -10.345233
v -47.896429 84.559528 -10.172614
v -47.694049 105.309534 -10.345233
v -47.896429 105.309534 -10.172614
v -47.896429 84.559528 -10.172614
v -47.694049 105.309534 -10.345233
v -47.694049 84.559528 -10.345233
v -47.59881 84.559528 -10.625
v -47.59881 105.309534 -10.625
v -47.694049 84.559528 -10.345233
v -47.59881 105.309534 -10.625
v -47.694049 105.309534 -10.345233
v -47.694049 84.559528 -10.345233
v -47.59881 105.309534 -10.625
v -47.59881 84.559528 -10.625
v -47.628577 84.559528 -10.964282
v -47.628577 105.309534 -10.964282
v -47.59881 84.559528 -10.625
v -47.628577 105.309534 -10.964282
v -47.59881 105.309534 -10.625
v -47.59881 84.559528 -10.625
v -47.628577 105.309534 -10.964282
v -47.628577 84.559528 -10.964282
v -47.765479 84.559528 -11.333331
v -47.765479 105.309534 -11.333331
v -47.628577 84.559528 -10.964282
v -47.765479 105.309534 -11.333331
v -47.628577 105.309534 -10.964282
v -47.628577 84.559528 -10.964282
v -47.765479 105.309534 -11.333331
v -47.765479 84.559528 -11.333331
v -48.009528 84.559528 -11.672614
v -48.009528 105.309534 -11.672614
v -47.765479 84.559528 -11.333331
v -48.009528 105.309534 -11.672614
v -47.765479 105.309534 -11.333331
v -47.765479 84.559528 -11.333331
v -48.009528 105.309534 -11.672614
v -48.729767 86.404767 -11.160712
v -48.944049 86.464288 -11.422614
v -48.509528 86.464288 -10.904761
v -48.729767 86.404767 -11.160712
v -48.944049 86.464288 -11.422614
v -49.295239 86.904767 -11.815472
v -48.509528 86.464288 -10.904761
v -48.944049 86.464288 -11.422614
v -49.295239 86.904767 -11.815472
v -48.158337 86.904767 -10.505951
v -48.509528 86.464288 -10.904761
v -49.295239 86.904767 -11.815472
v -48.158337 86.904767 -10.505951
v -48.307147 86.648816 -10.672614
v -48.509528 86.464288 -10.904761
v -48.158337 86.904767 -10.505951
v -49.295239 86.904767 -11.815472
v -49.146429 88.178577 -11.654761
v -48.158337 86.904767 -10.505951
v -49.295239 86.904767 -11.815472
v -49.146429 88.178577 -11.654761
v -48.307147 88.178577 -10.672614
v -48.158337 86.904767 -10.505951
v -49.146429 88.178577 -11.654761
v -48.307147 88.178577 -10.672614
v -48.075006 87.589288 -10.410712
v -48.158337 86.904767 -10.505951
v -48.307147 88.178577 -10.672614
v -48.075006 87.589288 -10.410712
v -48.075006 87.238098 -10.410712
v -48.158337 86.904767 -10.505951
v -48.075006 87.589288 -10.410712
v -48.307147 88.178577 -10.672614
v -48.158337 87.904767 -10.505951
v -48.075006 87.589288 -10.410712
v -48.307147 88.178577 -10.672614
v -49.146429 88.178577 -11.654761
v -48.729767 88.416669 -11.160712
v -48.307147 88.178577 -10.672614
v -49.146429 88.178577 -11.654761
v -48.729767 88.416669 -11.160712
v -48.509528 88.345239 -10.904761
v -48.307147 88.178577 -10.672614
v -48.729767 88.416669 -11.160712
v -49.146429 88.178577 -11.654761
v -48.944049 88.345239 -11.422614
v -48.729767 88.416669 -11.160712
v -49.146429 88.178577 -11.654761
v -49.295239 86.904767 -11.815472
v -49.366669 87.589288 -11.904761
v -49.146429 88.178577 -11.654761
v -49.295239 86.904767 -11.815472
v -49.366669 87.589288 -11.904761
v -49.295239 87.904767 -11.815472
v -49.146429 88.178577 -11.654761
v -49.366669 87.589288 -11.904761
v -49.295239 86.904767 -11.815472
v -49.366669 87.238098 -11.904761
v -49.366669 87.589288 -11.904761
v -49.295239 86.904767 -11.815472
v -48.944049 86.464288 -11.422614
v -49.146429 86.648816 -11.654761
v -49.295239 86.904767 -11.815472
v -48.944049 86.464288 -11.422614
v -53.967859 86.464288 -6.172614
v -53.765479 86.648816 -5.940472
v -54.188098 86.404767 -6.434521
v -53.967859 86.464288 -6.172614
v -53.765479 86.648816 -5.940472
v -53.545239 87.238098 -5.684521
v -54.188098 86.404767 -6.434521
v -53.765479 86.648816 -5.940472
v -53.545239 87.238098 -5.684521
v -54.616669 86.648816 -6.922614
v -54.188098 86.404767 -6.434521
v -53.545239 87.238098 -5.684521
v -54.616669 86.648816 -6.922614
v -54.414288 86.464288 -6.690472
v -54.188098 86.404767 -6.434521
v -54.616669 86.648816 -6.922614
v -53.545239 87.238098 -5.684521
v -53.967859 88.345239 -6.172614
v -54.616669 86.648816 -6.922614
v -53.545239 87.238098 -5.684521
v -53.967859 88.345239 -6.172614
v -54.759528 87.904767 -7.083331
v -54.616669 86.648816 -6.922614
v -53.967859 88.345239 -6.172614
v -54.759528 87.904767 -7.083331
v -54.836908 87.238098 -7.172614
v -54.616669 86.648816 -6.922614
v -54.759528 87.904767 -7.083331
v -54.836908 87.238098 -7.172614
v -54.759528 86.904767 -7.083331
v -54.616669 86.648816 -6.922614
v -54.836908 87.238098 -7.172614
v -54.759528 87.904767 -7.083331
v -54.836908 87.589288 -7.172614
v -54.836908 87.238098 -7.172614
v -54.759528 87.904767 -7.083331
v -53.967859 88.345239 -6.172614
v -54.414288 88.345239 -6.690472
v -54.759528 87.904767 -7.083331
v -53.967859 88.345239 -6.172614
v -54.414288 88.345239 -6.690472
v -54.616669 88.178577 -6.922614
v -54.759528 87.904767 -7.083331
v -54.414288 88.345239 -6.690472
v -53.967859 88.345239 -6.172614
v -54.188098 88.416669 -6.434521
v -54.414288 88.345239 -6.690472
v -53.967859 88.345239 -6.172614
v -53.545239 87.238098 -5.684521
v -53.628577 87.904767 -5.773804
v -53.967859 88.345239 -6.172614
v -53.545239 87.238098 -5.684521
v -53.628577 87.904767 -5.773804
v -53.765479 88.178577 -5.940472
v -53.967859 88.345239 -6.172614
v -53.628577 87.904767 -5.773804
v -53.545239 87.238098 -5.684521
v -53.545239 87.589288 -5.684521
v -53.628577 87.904767 -5.773804
v -53.545239 87.238098 -5.684521
v -53.765479 86.648816 -5.940472
v -53.628577 86.904767 -5.773804
v -53.545239 87.238098 -5.684521
v -53.765479 86.648816 -5.940472
v -48.729767 86.404767 -11.160712
v -48.509528 86.464288 -10.904761
v -53.967859 86.464288 -6.172614
v -48.729767 86.404767 -11.160712
v -53.967859 86.464288 -6.172614
v -54.188098 86.404767 -6.434521
v -48.729767 86.404767 -11.160712
v -53.967859 86.464288 -6.172614
v -48.509528 86.464288 -10.904761
v -48.307147 86.648816 -10.672614
v -53.765479 86.648816 -5.940472
v -48.509528 86.464288 -10.904761
v -53.765479 86.648816 -5.940472
v -53.967859 86.464288 -6.172614
v -48.509528 86.464288 -10.904761
v -53.765479 86.648816 -5.940472
v -48.307147 86.648816 -10.672614
v -48.158337 86.904767 -10.505951
v -53.628577 86.904767 -5.773804
v -48.307147 86.648816 -10.672614
v -53.628577 86.904767 -5.773804
v -53.765479 86.648816 -5.940472
v -48.307147 86.648816 -10.672614
v -53.628577 86.904767 -5.773804
v -48.158337 86.904767 -10.505951
v -48.075006 87.238098 -10.410712
v -53.545239 87.238098 -5.684521
v -48.158337 86.904767 -10.505951
v -53.545239 87.238098 -5.684521
v -53.628577 86.904767 -5.773804
v -48.158337 86.904767 -10.505951
v -53.545239 87.238098 -5.684521
v -48.075006 87.238098 -10.410712
v -48.075006 87.589288 -10.410712
v -53.545239 87.589288 -5.684521
v -48.075006 87.238098 -10.410712
v -53.545239 87.589288 -5.684521
v -53.545239 87.238098 -5.684521
v -48.075006 87.238098 -10.410712
v -53.545239 87.589288 -5.684521
v -48.075006 87.589288 -10.410712
v -48.158337 87.904767 -10.505951
v -53.628577 87.904767 -5.773804
v -48.075006 87.589288 -10.410712
v -53.628577 87.904767 -5.773804
v -53.545239 87.589288 -5.684521
v -48.075006 87.589288 -10.410712
v -53.628577 87.904767 -5.773804
v -48.158337 87.904767 -10.505951
v -48.307147 88.178577 -10.672614
v -53.765479 88.178577 -5.940472
v -48.158337 87.904767 -10.505951
v -53.765479 88.178577 -5.940472
v -53.628577 87.904767 -5.773804
v -48.158337 87.904767 -10.505951
v -53.765479 88.178577 -5.940472
v -48.307147 88.178577 -10.672614
v -48.509528 88.345239 -10.904761
v -53.967859 88.345239 -6.172614
v -48.307147 88.178577 -10.672614
v -53.967859 88.345239 -6.172614
v -53.765479 88.178577 -5.940472
v -48.307147 88.178577 -10.672614
v -53.967859 88.345239 -6.172614
v -48.509528 88.345239 -10.904761
v -48.729767 88.416669 -11.160712
v -54.188098 88.416669 -6.434521
v -48.509528 88.345239 -10.904761
v -54.188098 88.416669 -6.434521
v -53.967859 88.345239 -6.172614
v -48.509528 88.345239 -10.904761
v -54.188098 88.416669 -6.434521
v -48.729767 88.416669 -11.160712
v -48.944049 88.345239 -11.422614
v -54.414288 88.345239 -6.690472
v -48.729767 88.416669 -11.160712
v -54.414288 88.345239 -6.690472
v -54.188098 88.416669 -6.434521
v -48.729767 88.416669 -11.160712
v -54.414288 88.345239 -6.690472
v -48.944049 88.345239 -11.422614
v -49.146429 88.178577 -11.654761
v -54.616669 88.178577 -6.922614
v -48.944049 88.345239 -11.422614
v -54.616669 88.178577 -6.922614
v -54.414288 88.345239 -6.690472
v -48.944049 88.345239 -11.422614
v -54.616669 88.178577 -6.922614
v -49.146429 88.178577 -11.654761
v -49.295239 87.904767 -11.815472
v -54.759528 87.904767 -7.083331
v -49.146429 88.178577 -11.654761
v -54.759528 87.904767 -7.083331
v -54.616669 88.178577 -6.922614
v -49.146429 88.178577 -11.654761
v -54.759528 87.904767 -7.083331
v -49.295239 87.904767 -11.815472
v -49.366669 87.589288 -11.904761
v -54.836908 87.589288 -7.172614
v -49.295239 87.904767 -11.815472
v -54.836908 87.589288 -7.172614
v -54.759528 87.904767 -7.083331
v -49.295239 87.904767 -11.815472
v -54.836908 87.589288 -7.172614
v -49.366669 87.589288 -11.904761
v -49.366669 87.238098 -11.904761
v -54.836908 87.238098 -7.172614
v -49.366669 87.589288 -11.904761
v -54.836908 87.238098 -7.172614
v -54.836908 87.589288 -7.172614
v -49.366669 87.589288 -11.904761
v -54.836908 87.238098 -7.172614
v -49.366669 87.238098 -11.904761
v -49.295239 86.904767 -11.815472
v -54.759528 86.904767 -7.083331
v -49.366669 87.238098 -11.904761
v -54.759528 86.904767 -7.083331
v -54.836908 87.238098 -7.172614
v -49.366669 87.238098 -11.904761
v -54.759528 86.904767 -7.083331
v -49.295239 86.904767 -11.815472
v -49.146429 86.648816 -11.654761
v -54.616669 86.648816 -6.922614
v -49.295239 86.904767 -11.815472
v -54.616669 86.648816 -6.922614
v -54.759528 86.904767 -7.083331
v -49.295239 86.904767 -11.815472
v -54.616669 86.648816 -6.922614
v -49.146429 86.648816 -11.654761
v -48.944049 86.464288 -11.422614
v -54.414288 86.464288 -6.690472
v -49.146429 86.648816 -11.654761
v -54.414288 86.464288 -6.690472
v -54.616669 86.648816 -6.922614
v -49.146429 86.648816 -11.654761
v -54.414288 86.464288 -6.690472
v -48.944049 86.464288 -11.422614
v -48.729767 86.404767 -11.160712
v -54.188098 86.404767 -6.434521
v -48.944049 86.464288 -11.422614
v -54.188098 86.404767 -6.434521
v -54.414288 86.464288 -6.690472
v -48.944049 86.464288 -11.422614
v -54.188098 86.404767 -6.434521
v -53.557147 84.559528 -6.874994
v -53.319049 84.559528 -6.523804
v -53.866669 84.559528 -7.160712
v -53.557147 84.559528 -6.874994
v -53.319049 84.559528 -6.523804
v -53.146429 84.559528 -5.815472
v -53.866669 84.559528 -7.160712
v -53.319049 84.559528 -6.523804
v -53.146429 84.559528 -5.815472
v -54.545239 84.559528 -7.422614
v -53.866669 84.559528 -7.160712
v -53.146429 84.559528 -5.815472
v -54.545239 84.559528 -7.422614
v -54.205957 84.559528 -7.35119
v -53.866669 84.559528 -7.160712
v -54.545239 84.559528 -7.422614
v -53.146429 84.559528 -5.815472
v -54.069049 84.559528 -5.380951
v -54.545239 84.559528 -7.422614
v -53.146429 84.559528 -5.815472
v -54.069049 84.559528 -5.380951
v -55.098816 84.559528 -6.583331
v -54.545239 84.559528 -7.422614
v -54.069049 84.559528 -5.380951
v -55.098816 84.559528 -6.583331
v -55.027386 84.559528 -7.190472
v -54.545239 84.559528 -7.422614
v -55.098816 84.559528 -6.583331
v -55.027386 84.559528 -7.190472
v -54.825006 84.559528 -7.374994
v -54.545239 84.559528 -7.422614
v -55.027386 84.559528 -7.190472
v -55.098816 84.559528 -6.583331
v -55.128577 84.559528 -6.922614
v -55.027386 84.559528 -7.190472
v -55.098816 84.559528 -6.583331
v -54.069049 84.559528 -5.380951
v -54.717859 84.559528 -5.863092
v -55.098816 84.559528 -6.583331
v -54.069049 84.559528 -5.380951
v -54.717859 84.559528 -5.863092
v -54.955957 84.559528 -6.214282
v -55.098816 84.559528 -6.583331
v -54.717859 84.559528 -5.863092
v -54.069049 84.559528 -5.380951
v -54.408337 84.559528 -5.583331
v -54.717859 84.559528 -5.863092
v -54.069049 84.559528 -5.380951
v -53.146429 84.559528 -5.815472
v -53.444049 84.559528 -5.374994
v -54.069049 84.559528 -5.380951
v -53.146429 84.559528 -5.815472
v -53.444049 84.559528 -5.374994
v -53.735718 84.559528 -5.315472
v -54.069049 84.559528 -5.380951
v -53.444049 84.559528 -5.374994
v -53.146429 84.559528 -5.815472
v -53.24762 84.559528 -5.541663
v -53.444049 84.559528 -5.374994
v -53.146429 84.559528 -5.815472
v -53.319049 84.559528 -6.523804
v -53.176196 84.559528 -6.160712
v -53.146429 84.559528 -5.815472
v -53.319049 84.559528 -6.523804
v -53.866669 105.309534 -7.160712
v -54.205957 105.309534 -7.35119
v -53.557147 105.309534 -6.874994
v -53.866669 105.309534 -7.160712
v -54.205957 105.309534 -7.35119
v -54.825006 105.309534 -7.374994
v -53.557147 105.309534 -6.874994
v -54.205957 105.309534 -7.35119
v -54.825006 105.309534 -7.374994
v -53.176196 105.309534 -6.160712
v -53.557147 105.309534 -6.874994
v -54.825006 105.309534 -7.374994
v -53.176196 105.309534 -6.160712
v -53.319049 105.309534 -6.523804
v -53.557147 105.309534 -6.874994
v -53.176196 105.309534 -6.160712
v -54.825006 105.309534 -7.374994
v -54.955957 105.309534 -6.214282
v -53.176196 105.309534 -6.160712
v -54.825006 105.309534 -7.374994
v -54.955957 105.309534 -6.214282
v -53.735718 105.309534 -5.315472
v -53.176196 105.309534 -6.160712
v -54.955957 105.309534 -6.214282
v -53.735718 105.309534 -5.315472
v -53.24762 105.309534 -5.541663
v -53.176196 105.309534 -6.160712
v -53.735718 105.309534 -5.315472
v -53.24762 105.309534 -5.541663
v -53.146429 105.309534 -5.815472
v -53.176196 105.309534 -6.160712
v -53.24762 105.309534 -5.541663
v -53.735718 105.309534 -5.315472
v -53.444049 105.309534 -5.374994
v -53.24762 105.309534 -5.541663
v -53.735718 105.309534 -5.315472
v -54.955957 105.309534 -6.214282
v -54.408337 105.309534 -5.583331
v -53.735718 105.309534 -5.315472
v -54.955957 105.309534 -6.214282
v -54.408337 105.309534 -5.583331
v -54.069049 105.309534 -5.380951
v -53.735718 105.309534 -5.315472
v -54.408337 105.309534 -5.583331
v -54.955957 105.309534 -6.214282
v -54.717859 105.309534 -5.863092
v -54.408337 105.309534 -5.583331
v -54.955957 105.309534 -6.214282
v -54.825006 105.309534 -7.374994
v -55.128577 105.309534 -6.922614
v -54.955957 105.309534 -6.214282
v -54.825006 105.309534 -7.374994
v -55.128577 105.309534 -6.922614
v -55.098816 105.309534 -6.583331
v -54.955957 105.309534 -6.214282
v -55.128577 105.309534 -6.922614
v -54.825006 105.309534 -7.374994
v -55.027386 105.309534 -7.190472
v -55.128577 105.309534 -6.922614
v -54.825006 105.309534 -7.374994
v -54.205957 105.309534 -7.35119
v -54.545239 105.309534 -7.422614
v -54.825006 105.309534 -7.374994
v -54.205957 105.309534 -7.35119
v -53.557147 84.559528 -6.874994
v -53.866669 84.559528 -7.160712
v -53.866669 105.309534 -7.160712
v -53.557147 84.559528 -6.874994
v -53.866669 105.309534 -7.160712
v -53.557147 105.309534 -6.874994
v -53.557147 84.559528 -6.874994
v -53.866669 105.309534 -7.160712
v -53.866669 84.559528 -7.160712
v -54.205957 84.559528 -7.35119
v -54.205957 105.309534 -7.35119
v -53.866669 84.559528 -7.160712
v -54.205957 105.309534 -7.35119
v -53.866669 105.309534 -7.160712
v -53.866669 84.559528 -7.160712
v -54.205957 105.309534 -7.35119
v -54.205957 84.559528 -7.35119
v -54.545239 84.559528 -7.422614
v -54.545239 105.309534 -7.422614
v -54.205957 84.559528 -7.35119
v -54.545239 105.309534 -7.422614
v -54.205957 105.309534 -7.35119
v -54.205957 84.559528 -7.35119
v -54.545239 105.309534 -7.422614
v -54.545239 84.559528 -7.422614
v -54.825006 84.559528 -7.374994
v -54.825006 105.309534 -7.374994
v -54.545239 84.559528 -7.422614
v -54.825006 105.309534 -7.374994
v -54.545239 105.309534 -7.422614
v -54.545239 84.559528 -7.422614
v -54.825006 105.309534 -7.374994
v -54.825006 84.559528 -7.374994
v -55.027386 84.559528 -7.190472
v -55.027386 105.309534 -7.190472
v -54.825006 84.559528 -7.374994
v -55.027386 105.309534 -7.190472
v -54.825006 105.309534 -7.374994
v -54.825006 84.559528 -7.374994
v -55.027386 105.309534 -7.190472
v -55.027386 84.559528 -7.190472
v -55.128577 84.559528 -6.922614
v -55.128577 105.309534 -6.922614
v -55.027386 84.559528 -7.190472
v -55.128577 105.309534 -6.922614
v -55.027386 105.309534 -7.190472
v -55.027386 84.559528 -7.190472
v -55.128577 105.309534 -6.922614
v -55.128577 84.559528 -6.922614
v -55.098816 84.559528 -6.583331
v -55.098816 105.309534 -6.583331
v -55.128577 84.559528 -6.922614
v -55.098816 105.309534 -6.583331
v -55.128577 105.309534 -6.922614
v -55.128577 84.559528 -6.922614
v -55.098816 105.309534 -6.583331
v -55.098816 84.559528 -6.583331
v -54.955957 84.559528 -6.214282
v -54.955957 105.309534 -6.214282
v -55.098816 84.559528 -6.583331
v -54.955957 105.309534 -6.214282
v -55.098816 105.309534 -6.583331
v -55.098816 84.559528 -6.583331
v -54.955957 105.309534 -6.214282
v -54.955957 84.559528 -6.214282
v -54.717859 84.559528 -5.863092
v -54.717859 105.309534 -5.863092
v -54.955957 84.559528 -6.214282
v -54.717859 105.309534 -5.863092
v -54.955957 105.309534 -6.214282
v -54.955957 84.559528 -6.214282
v -54.717859 105.309534 -5.863092
v -54.717859 84.559528 -5.863092
v -54.408337 84.559528 -5.583331
v -54.408337 105.309534 -5.583331
v -54.717859 84.559528 -5.863092
v -54.408337 105.309534 -5.583331
v -54.717859 105.309534 -5.863092
v -54.717859 84.559528 -5.863092
v -54.408337 105.309534 -5.583331
v -54.408337 84.559528 -5.583331
v -54.069049 84.559528 -5.380951
v -54.069049 105.309534 -5.380951
v -54.408337 84.559528 -5.583331
v -54.069049 105.309534 -5.380951
v -54.408337 105.309534 -5.583331
v -54.408337 84.559528 -5.583331
v -54.069049 105.309534 -5.380951
v -54.069049 84.559528 -5.380951
v -53.735718 84.559528 -5.315472
v -53.735718 105.309534 -5.315472
v -54.069049 84.559528 -5.380951
v -53.735718 105.309534 -5.315472
v -54.069049 105.309534 -5.380951
v -54.069049 84.559528 -5.380951
v -53.735718 105.309534 -5.315472
v -53.735718 84.559528 -5.315472
v -53.444049 84.559528 -5.374994
v -53.444049 105.309534 -5.374994
v -53.735718 84.559528 -5.315472
v -53.444049 105.309534 -5.374994
v -53.735718 105.309534 -5.315472
v -53.735718 84.559528 -5.315472
v -53.444049 105.309534 -5.374994
v -53.444049 84.559528 -5.374994
v -53.24762 84.559528 -5.541663
v -53.24762 105.309534 -5.541663
v -53.444049 84.559528 -5.374994
v -53.24762 105.309534 -5.541663
v -53.444049 105.309534 -5.374994
v -53.444049 84.559528 -5.374994
v -53.24762 105.309534 -5.541663
v -53.24762 84.559528 -5.541663
v -53.146429 84.559528 -5.815472
v -53.146429 105.309534 -5.815472
v -53.24762 84.559528 -5.541663
v -53.146429 105.309534 -5.815472
v -53.24762 105.309534 -5.541663
v -53.24762 84.559528 -5.541663
v -53.146429 105.309534 -5.815472
v -53.146429 84.559528 -5.815472
v -53.176196 84.559528 -6.160712
v -53.176196 105.309534 -6.160712
v -53.146429 84.559528 -5.815472
v -53.176196 105.309534 -6.160712
v -53.146429 105.309534 -5.815472
v -53.146429 84.559528 -5.815472
v -53.176196 105.309534 -6.160712
v -53.176196 84.559528 -6.160712
v -53.319049 84.559528 -6.523804
v -53.319049 105.309534 -6.523804
v -53.176196 84.559528 -6.160712
v -53.319049 105.309534 -6.523804
v -53.176196 105.309534 -6.160712
v -53.176196 84.559528 -6.160712
v -53.319049 105.309534 -6.523804
v -53.319049 84.559528 -6.523804
v -53.557147 84.559528 -6.874994
v -53.557147 105.309534 -6.874994
v -53.319049 84.559528 -6.523804
v -53.557147 105.309534 -6.874994
v -53.319049 105.309534 -6.523804
v -53.319049 84.559528 -6.523804
v -53.557147 105.309534 -6.874994

vt 0.5 0.657244 0
vt 1 0.782042 0
vt 0.5 0.217958 0
vt 0.5 0.657244 0
vt 1 0.782042 0
vt 1 0.684571 0
vt 0.5 0.217958 0
vt 1 0.782042 0
vt 1 0.684571 0
vt 0.5 0.118451 0
vt 0.5 0.217958 0
vt 1 0.684571 0
vt 0.5 0.118451 0
vt 0.5 0.158664 0
vt 0.5 0.217958 0
vt 0.5 0.118451 0
vt 1 0.684571 0
vt 1 0.454657 0
vt 0.5 0.118451 0
vt 1 0.684571 0
vt 1 0.454657 0
vt 1 0.109809 0
vt 0.5 0.118451 0
vt 1 0.454657 0
vt 1 0.109809 0
vt 0.5 0.02102 0
vt 0.5 0.118451 0
vt 1 0.109809 0
vt 0.5 0.02102 0
vt 0.5 0.069985 0
vt 0.5 0.118451 0
vt 0.5 0.02102 0
vt 1 0.109809 0
vt 1 0.040118 0
vt 0.5 0.02102 0
vt 1 0.109809 0
vt 1 0.454657 0
vt 1 0.284134 0
vt 1 0.109809 0
vt 1 0.454657 0
vt 1 0.284134 0
vt 1 0.194658 0
vt 1 0.109809 0
vt 1 0.284134 0
vt 1 0.454657 0
vt 1 0.373419 0
vt 1 0.284134 0
vt 1 0.454657 0
vt 1 0.684571 0
vt 1 0.587443 0
vt 1 0.454657 0
vt 1 0.684571 0
vt 1 0.587443 0
vt 1 0.527743 0
vt 1 0.454657 0
vt 1 0.587443 0
vt 1 0.684571 0
vt 1 0.637197 0
vt 1 0.587443 0
vt 1 0.684571 0
vt 1 0.782042 0
vt 1 0.726465 0
vt 1 0.684571 0
vt 1 0.782042 0
vt 0.747968 0.495024 0
vt 0.747056 0.489186 0
vt 0.749703 0.50032 0
vt 0.747968 0.495024 0
vt 0.747056 0.489186 0
vt 0.74774 0.479804 0
vt 0.749703 0.50032 0
vt 0.747056 0.489186 0
vt 0.74774 0.479804 0
vt 0.754633 0.507985 0
vt 0.749703 0.50032 0
vt 0.74774 0.479804 0
vt 0.754633 0.507985 0
vt 0.752032 0.504976 0
vt 0.749703 0.50032 0
vt 0.754633 0.507985 0
vt 0.74774 0.479804 0
vt 0.756639 0.481092 0
vt 0.754633 0.507985 0
vt 0.74774 0.479804 0
vt 0.756639 0.481092 0
vt 0.761735 0.502049 0
vt 0.754633 0.507985 0
vt 0.756639 0.481092 0
vt 0.761735 0.502049 0
vt 0.759371 0.508612 0
vt 0.754633 0.507985 0
vt 0.761735 0.502049 0
vt 0.759371 0.508612 0
vt 0.75714 0.509347 0
vt 0.754633 0.507985 0
vt 0.759371 0.508612 0
vt 0.761735 0.502049 0
vt 0.760917 0.506148 0
vt 0.759371 0.508612 0
vt 0.761735 0.502049 0
vt 0.756639 0.481092 0
vt 0.76069 0.491029 0
vt 0.761735 0.502049 0
vt 0.756639 0.481092 0
vt 0.76069 0.491029 0
vt 0.761599 0.496676 0
vt 0.761735 0.502049 0
vt 0.76069 0.491029 0
vt 0.756639 0.481092 0
vt 0.758916 0.485651 0
vt 0.76069 0.491029 0
vt 0.756639 0.481092 0
vt 0.74774 0.479804 0
vt 0.751484 0.476622 0
vt 0.756639 0.481092 0
vt 0.74774 0.479804 0
vt 0.751484 0.476622 0
vt 0.753994 0.477809 0
vt 0.756639 0.481092 0
vt 0.751484 0.476622 0
vt 0.74774 0.479804 0
vt 0.749247 0.477257 0
vt 0.751484 0.476622 0
vt 0.74774 0.479804 0
vt 0.747056 0.489186 0
vt 0.746873 0.483992 0
vt 0.74774 0.479804 0
vt 0.747056 0.489186 0
vt 0.5 0.657244 0
vt 0.5 0.217958 0
vt 0.747968 0.495024 0
vt 0.5 0.657244 0
vt 0.747968 0.495024 0
vt 0.749703 0.50032 0
vt 0.5 0.657244 0
vt 0.747968 0.495024 0
vt 0.5 0.217958 0
vt 0.5 0.158664 0
vt 0.747056 0.489186 0
vt 0.5 0.217958 0
vt 0.747056 0.489186 0
vt 0.747968 0.495024 0
vt 0.5 0.217958 0
vt 0.747056 0.489186 0
vt 0.5 0.158664 0
vt 0.5 0.118451 0
vt 0.746873 0.483992 0
vt 0.5 0.158664 0
vt 0.746873 0.483992 0
vt 0.747056 0.489186 0
vt 0.5 0.158664 0
vt 0.746873 0.483992 0
vt 0.5 0.118451 0
vt 0.5 0.069985 0
vt 0.74774 0.479804 0
vt 0.5 0.118451 0
vt 0.74774 0.479804 0
vt 0.746873 0.483992 0
vt 0.5 0.118451 0
vt 0.74774 0.479804 0
vt 0.5 0.069985 0
vt 0.5 0.02102 0
vt 0.749247 0.477257 0
vt 0.5 0.069985 0
vt 0.749247 0.477257 0
vt 0.74774 0.479804 0
vt 0.5 0.069985 0
vt 0.749247 0.477257 0
vt 0.5 0.02102 0
vt 1 0.040118 0
vt 0.751484 0.476622 0
vt 0.5 0.02102 0
vt 0.751484 0.476622 0
vt 0.749247 0.477257 0
vt 0.5 0.02102 0
vt 0.751484 0.476622 0
vt 1 0.040118 0
vt 1 0.109809 0
vt 0.753994 0.477809 0
vt 1 0.040118 0
vt 0.753994 0.477809 0
vt 0.751484 0.476622 0
vt 1 0.040118 0
vt 0.753994 0.477809 0
vt 1 0.109809 0
vt 1 0.194658 0
vt 0.756639 0.481092 0
vt 1 0.109809 0
vt 0.756639 0.481092 0
vt 0.753994 0.477809 0
vt 1 0.109809 0
vt 0.756639 0.481092 0
vt 1 0.194658 0
vt 1 0.284134 0
vt 0.758916 0.485651 0
vt 1 0.194658 0
vt 0.758916 0.485651 0
vt 0.756639 0.481092 0
vt 1 0.194658 0
vt 0.758916 0.485651 0
vt 1 0.284134 0
vt 1 0.373419 0
vt 0.76069 0.491029 0
vt 1 0.284134 0
vt 0.76069 0.491029 0
vt 0.758916 0.485651 0
vt 1 0.284134 0
vt 0.76069 0.491029 0
vt 1 0.373419 0
vt 1 0.454657 0
vt 0.761599 0.496676 0
vt 1 0.373419 0
vt 0.761599 0.496676 0
vt 0.76069 0.491029 0
vt 1 0.373419 0
vt 0.761599 0.496676 0
vt 1 0.454657 0
vt 1 0.527743 0
vt 0.761735 0.502049 0
vt 1 0.454657 0
vt 0.761735 0.502049 0
vt 0.761599 0.496676 0
vt 1 0.454657 0
vt 0.761735 0.502049 0
vt 1 0.527743 0
vt 1 0.587443 0
vt 0.760917 0.506148 0
vt 1 0.527743 0
vt 0.760917 0.506148 0
vt 0.761735 0.502049 0
vt 1 0.527743 0
vt 0.760917 0.506148 0
vt 1 0.587443 0
vt 1 0.637197 0
vt 0.759371 0.508612 0
vt 1 0.587443 0
vt 0.759371 0.508612 0
vt 0.760917 0.506148 0
vt 1 0.587443 0
vt 0.759371 0.508612 0
vt 1 0.637197 0
vt 1 0.684571 0
vt 0.75714 0.509347 0
vt 1 0.637197 0
vt 0.75714 0.509347 0
vt 0.759371 0.508612 0
vt 1 0.637197 0
vt 0.75714 0.509347 0
vt 1 0.684571 0
vt 1 0.726465 0
vt 0.754633 0.507985 0
vt 1 0.684571 0
vt 0.754633 0.507985 0
vt 0.75714 0.509347 0
vt 1 0.684571 0
vt 0.754633 0.507985 0
vt 1 0.726465 0
vt 1 0.782042 0
vt 0.752032 0.504976 0
vt 1 0.726465 0
vt 0.752032 0.504976 0
vt 0.754633 0.507985 0
vt 1 0.726465 0
vt 0.752032 0.504976 0
vt 1 0.782042 0
vt 0.5 0.657244 0
vt 0.749703 0.50032 0
vt 1 0.782042 0
vt 0.749703 0.50032 0
vt 0.752032 0.504976 0
vt 1 0.782042 0
vt 0.749703 0.50032 0
vt 1 0.284229 0
vt 1 0.30209 0
vt 1 0.265848 0
vt 1 0.284229 0
vt 1 0.30209 0
vt 1 0.327644 0
vt 1 0.265848 0
vt 1 0.30209 0
vt 1 0.327644 0
vt 1 0.240321 0
vt 1 0.265848 0
vt 1 0.327644 0
vt 1 0.240321 0
vt 1 0.250535 0
vt 1 0.265848 0
vt 1 0.240321 0
vt 1 0.327644 0
vt 1 0.312984 0
vt 1 0.240321 0
vt 1 0.327644 0
vt 1 0.312984 0
vt 1 0.255089 0
vt 1 0.240321 0
vt 1 0.312984 0
vt 1 0.255089 0
vt 1 0.237384 0
vt 1 0.240321 0
vt 1 0.255089 0
vt 1 0.237384 0
vt 1 0.23564 0
vt 1 0.240321 0
vt 1 0.237384 0
vt 1 0.255089 0
vt 1 0.244027 0
vt 1 0.237384 0
vt 1 0.255089 0
vt 1 0.312984 0
vt 1 0.2839 0
vt 1 0.255089 0
vt 1 0.312984 0
vt 1 0.2839 0
vt 1 0.268586 0
vt 1 0.255089 0
vt 1 0.2839 0
vt 1 0.312984 0
vt 1 0.299238 0
vt 1 0.2839 0
vt 1 0.312984 0
vt 1 0.327644 0
vt 1 0.330683 0
vt 1 0.312984 0
vt 1 0.327644 0
vt 1 0.330683 0
vt 1 0.323667 0
vt 1 0.312984 0
vt 1 0.330683 0
vt 1 0.327644 0
vt 1 0.33207 0
vt 1 0.330683 0
vt 1 0.327644 0
vt 1 0.30209 0
vt 1 0.317554 0
vt 1 0.327644 0
vt 1 0.30209 0
vt 0.790917 0.428001 0
vt 0.789976 0.422707 0
vt 0.792536 0.433312 0
vt 0.790917 0.428001 0
vt 0.789976 0.422707 0
vt 0.790618 0.414186 0
vt 0.792536 0.433312 0
vt 0.789976 0.422707 0
vt 0.790618 0.414186 0
vt 0.797002 0.440892 0
vt 0.792536 0.433312 0
vt 0.790618 0.414186 0
vt 0.797002 0.440892 0
vt 0.794693 0.437599 0
vt 0.792536 0.433312 0
vt 0.797002 0.440892 0
vt 0.790618 0.414186 0
vt 0.798834 0.41645 0
vt 0.797002 0.440892 0
vt 0.790618 0.414186 0
vt 0.798834 0.41645 0
vt 0.803437 0.436002 0
vt 0.797002 0.440892 0
vt 0.798834 0.41645 0
vt 0.803437 0.436002 0
vt 0.801311 0.441892 0
vt 0.797002 0.440892 0
vt 0.803437 0.436002 0
vt 0.801311 0.441892 0
vt 0.799331 0.442249 0
vt 0.797002 0.440892 0
vt 0.801311 0.441892 0
vt 0.803437 0.436002 0
vt 0.802785 0.439735 0
vt 0.801311 0.441892 0
vt 0.803437 0.436002 0
vt 0.798834 0.41645 0
vt 0.802499 0.426071 0
vt 0.803437 0.436002 0
vt 0.798834 0.41645 0
vt 0.802499 0.426071 0
vt 0.803396 0.431292 0
vt 0.803437 0.436002 0
vt 0.802499 0.426071 0
vt 0.798834 0.41645 0
vt 0.8009 0.420925 0
vt 0.802499 0.426071 0
vt 0.798834 0.41645 0
vt 0.790618 0.414186 0
vt 0.794187 0.411752 0
vt 0.798834 0.41645 0
vt 0.790618 0.414186 0
vt 0.794187 0.411752 0
vt 0.7965 0.413405 0
vt 0.798834 0.41645 0
vt 0.794187 0.411752 0
vt 0.790618 0.414186 0
vt 0.792111 0.412182 0
vt 0.794187 0.411752 0
vt 0.790618 0.414186 0
vt 0.789976 0.422707 0
vt 0.789891 0.417964 0
vt 0.790618 0.414186 0
vt 0.789976 0.422707 0
vt 1 0.284229 0
vt 1 0.265848 0
vt 0.790917 0.428001 0
vt 1 0.284229 0
vt 0.790917 0.428001 0
vt 0.792536 0.433312 0
vt 1 0.284229 0
vt 0.790917 0.428001 0
vt 1 0.265848 0
vt 1 0.250535 0
vt 0.789976 0.422707 0
vt 1 0.265848 0
vt 0.789976 0.422707 0
vt 0.790917 0.428001 0
vt 1 0.265848 0
vt 0.789976 0.422707 0
vt 1 0.250535 0
vt 1 0.240321 0
vt 0.789891 0.417964 0
vt 1 0.250535 0
vt 0.789891 0.417964 0
vt 0.789976 0.422707 0
vt 1 0.250535 0
vt 0.789891 0.417964 0
vt 1 0.240321 0
vt 1 0.23564 0
vt 0.790618 0.414186 0
vt 1 0.240321 0
vt 0.790618 0.414186 0
vt 0.789891 0.417964 0
vt 1 0.240321 0
vt 0.790618 0.414186 0
vt 1 0.23564 0
vt 1 0.237384 0
vt 0.792111 0.412182 0
vt 1 0.23564 0
vt 0.792111 0.412182 0
vt 0.790618 0.414186 0
vt 1 0.23564 0
vt 0.792111 0.412182 0
vt 1 0.237384 0
vt 1 0.244027 0
vt 0.794187 0.411752 0
vt 1 0.237384 0
vt 0.794187 0.411752 0
vt 0.792111 0.412182 0
vt 1 0.237384 0
vt 0.794187 0.411752 0
vt 1 0.244027 0
vt 1 0.255089 0
vt 0.7965 0.413405 0
vt 1 0.244027 0
vt 0.7965 0.413405 0
vt 0.794187 0.411752 0
vt 1 0.244027 0
vt 0.7965 0.413405 0
vt 1 0.255089 0
vt 1 0.268586 0
vt 0.798834 0.41645 0
vt 1 0.255089 0
vt 0.798834 0.41645 0
vt 0.7965 0.413405 0
vt 1 0.255089 0
vt 0.798834 0.41645 0
vt 1 0.268586 0
vt 1 0.2839 0
vt 0.8009 0.420925 0
vt 1 0.268586 0
vt 0.8009 0.420925 0
vt 0.798834 0.41645 0
vt 1 0.268586 0
vt 0.8009 0.420925 0
vt 1 0.2839 0
vt 1 0.299238 0
vt 0.802499 0.426071 0
vt 1 0.2839 0
vt 0.802499 0.426071 0
vt 0.8009 0.420925 0
vt 1 0.2839 0
vt 0.802499 0.426071 0
vt 1 0.299238 0
vt 1 0.312984 0
vt 0.803396 0.431292 0
vt 1 0.299238 0
vt 0.803396 0.431292 0
vt 0.802499 0.426071 0
vt 1 0.299238 0
vt 0.803396 0.431292 0
vt 1 0.312984 0
vt 1 0.323667 0
vt 0.803437 0.436002 0
vt 1 0.312984 0
vt 0.803437 0.436002 0
vt 0.803396 0.431292 0
vt 1 0.312984 0
vt 0.803437 0.436002 0
vt 1 0.323667 0
vt 1 0.330683 0
vt 0.802785 0.439735 0
vt 1 0.323667 0
vt 0.802785 0.439735 0
vt 0.803437 0.436002 0
vt 1 0.323667 0
vt 0.802785 0.439735 0
vt 1 0.330683 0
vt 1 0.33207 0
vt 0.801311 0.441892 0
vt 1 0.330683 0
vt 0.801311 0.441892 0
vt 0.802785 0.439735 0
vt 1 0.330683 0
vt 0.801311 0.441892 0
vt 1 0.33207 0
vt 1 0.327644 0
vt 0.799331 0.442249 0
vt 1 0.33207 0
vt 0.799331 0.442249 0
vt 0.801311 0.441892 0
vt 1 0.33207 0
vt 0.799331 0.442249 0
vt 1 0.327644 0
vt 1 0.317554 0
vt 0.797002 0.440892 0
vt 1 0.327644 0
vt 0.797002 0.440892 0
vt 0.799331 0.442249 0
vt 1 0.327644 0
vt 0.797002 0.440892 0
vt 1 0.317554 0
vt 1 0.30209 0
vt 0.794693 0.437599 0
vt 1 0.317554 0
vt 0.794693 0.437599 0
vt 0.797002 0.440892 0
vt 1 0.317554 0
vt 0.794693 0.437599 0
vt 1 0.30209 0
vt 1 0.284229 0
vt 0.792536 0.433312 0
vt 1 0.30209 0
vt 0.792536 0.433312 0
vt 0.794693 0.437599 0
vt 1 0.30209 0
vt 0.792536 0.433312 0
vt 0.800359 0.404867 0
vt 0.781655 0.368166 0
vt 0.81417 0.450537 0
vt 0.800359 0.404867 0
vt 0.781655 0.368166 0
vt 0.753433 0.342588 0
vt 0.81417 0.450537 0
vt 0.781655 0.368166 0
vt 0.753433 0.342588 0
vt 0.822331 0.509796 0
vt 0.81417 0.450537 0
vt 0.753433 0.342588 0
vt 0.822331 0.509796 0
vt 0.821232 0.488151 0
vt 0.81417 0.450537 0
vt 0.822331 0.509796 0
vt 0.753433 0.342588 0
vt 0.758499 0.406345 0
vt 0.822331 0.509796 0
vt 0.753433 0.342588 0
vt 0.758499 0.406345 0
vt 0.793028 0.492686 0
vt 0.822331 0.509796 0
vt 0.758499 0.406345 0
vt 0.793028 0.492686 0
vt 0.810533 0.517113 0
vt 0.822331 0.509796 0
vt 0.793028 0.492686 0
vt 0.810533 0.517113 0
vt 0.817593 0.518991 0
vt 0.822331 0.509796 0
vt 0.810533 0.517113 0
vt 0.793028 0.492686 0
vt 0.802521 0.507232 0
vt 0.810533 0.517113 0
vt 0.793028 0.492686 0
vt 0.758499 0.406345 0
vt 0.774728 0.451604 0
vt 0.793028 0.492686 0
vt 0.758499 0.406345 0
vt 0.774728 0.451604 0
vt 0.783648 0.473393 0
vt 0.793028 0.492686 0
vt 0.774728 0.451604 0
vt 0.758499 0.406345 0
vt 0.766086 0.429712 0
vt 0.774728 0.451604 0
vt 0.758499 0.406345 0
vt 0.753433 0.342588 0
vt 0.749218 0.36621 0
vt 0.758499 0.406345 0
vt 0.753433 0.342588 0
vt 0.749218 0.36621 0
vt 0.752407 0.384944 0
vt 0.758499 0.406345 0
vt 0.749218 0.36621 0
vt 0.753433 0.342588 0
vt 0.749116 0.351007 0
vt 0.749218 0.36621 0
vt 0.753433 0.342588 0
vt 0.781655 0.368166 0
vt 0.764695 0.346513 0
vt 0.753433 0.342588 0
vt 0.781655 0.368166 0
vt 0.954255 0.300856 0
vt 0.951441 0.313112 0
vt 0.954123 0.287172 0
vt 0.954255 0.300856 0
vt 0.951441 0.313112 0
vt 0.940614 0.329723 0
vt 0.954123 0.287172 0
vt 0.951441 0.313112 0
vt 0.940614 0.329723 0
vt 0.945185 0.26507 0
vt 0.954123 0.287172 0
vt 0.940614 0.329723 0
vt 0.945185 0.26507 0
vt 0.95119 0.27479 0
vt 0.954123 0.287172 0
vt 0.945185 0.26507 0
vt 0.940614 0.329723 0
vt 0.915457 0.316638 0
vt 0.945185 0.26507 0
vt 0.940614 0.329723 0
vt 0.915457 0.316638 0
vt 0.915308 0.270167 0
vt 0.945185 0.26507 0
vt 0.915457 0.316638 0
vt 0.915308 0.270167 0
vt 0.92917 0.258569 0
vt 0.945185 0.26507 0
vt 0.915308 0.270167 0
vt 0.92917 0.258569 0
vt 0.937695 0.259052 0
vt 0.945185 0.26507 0
vt 0.92917 0.258569 0
vt 0.915308 0.270167 0
vt 0.921261 0.262578 0
vt 0.92917 0.258569 0
vt 0.915308 0.270167 0
vt 0.915457 0.316638 0
vt 0.910595 0.293297 0
vt 0.915308 0.270167 0
vt 0.915457 0.316638 0
vt 0.910595 0.293297 0
vt 0.911514 0.281238 0
vt 0.915308 0.270167 0
vt 0.910595 0.293297 0
vt 0.915457 0.316638 0
vt 0.911693 0.305517 0
vt 0.910595 0.293297 0
vt 0.915457 0.316638 0
vt 0.940614 0.329723 0
vt 0.926966 0.330343 0
vt 0.915457 0.316638 0
vt 0.940614 0.329723 0
vt 0.926966 0.330343 0
vt 0.920516 0.325089 0
vt 0.915457 0.316638 0
vt 0.926966 0.330343 0
vt 0.940614 0.329723 0
vt 0.933656 0.332256 0
vt 0.926966 0.330343 0
vt 0.940614 0.329723 0
vt 0.951441 0.313112 0
vt 0.946931 0.322931 0
vt 0.940614 0.329723 0
vt 0.951441 0.313112 0
vt 0.800359 0.404867 0
vt 0.81417 0.450537 0
vt 0.954255 0.300856 0
vt 0.800359 0.404867 0
vt 0.954255 0.300856 0
vt 0.954123 0.287172 0
vt 0.800359 0.404867 0
vt 0.954255 0.300856 0
vt 0.81417 0.450537 0
vt 0.821232 0.488151 0
vt 0.951441 0.313112 0
vt 0.81417 0.450537 0
vt 0.951441 0.313112 0
vt 0.954255 0.300856 0
vt 0.81417 0.450537 0
vt 0.951441 0.313112 0
vt 0.821232 0.488151 0
vt 0.822331 0.509796 0
vt 0.946931 0.322931 0
vt 0.821232 0.488151 0
vt 0.946931 0.322931 0
vt 0.951441 0.313112 0
vt 0.821232 0.488151 0
vt 0.946931 0.322931 0
vt 0.822331 0.509796 0
vt 0.817593 0.518991 0
vt 0.940614 0.329723 0
vt 0.822331 0.509796 0
vt 0.940614 0.329723 0
vt 0.946931 0.322931 0
vt 0.822331 0.509796 0
vt 0.940614 0.329723 0
vt 0.817593 0.518991 0
vt 0.810533 0.517113 0
vt 0.933656 0.332256 0
vt 0.817593 0.518991 0
vt 0.933656 0.332256 0
vt 0.940614 0.329723 0
vt 0.817593 0.518991 0
vt 0.933656 0.332256 0
vt 0.810533 0.517113 0
vt 0.802521 0.507232 0
vt 0.926966 0.330343 0
vt 0.810533 0.517113 0
vt 0.926966 0.330343 0
vt 0.933656 0.332256 0
vt 0.810533 0.517113 0
vt 0.926966 0.330343 0
vt 0.802521 0.507232 0
vt 0.793028 0.492686 0
vt 0.920516 0.325089 0
vt 0.802521 0.507232 0
vt 0.920516 0.325089 0
vt 0.926966 0.330343 0
vt 0.802521 0.507232 0
vt 0.920516 0.325089 0
vt 0.793028 0.492686 0
vt 0.783648 0.473393 0
vt 0.915457 0.316638 0
vt 0.793028 0.492686 0
vt 0.915457 0.316638 0
vt 0.920516 0.325089 0
vt 0.793028 0.492686 0
vt 0.915457 0.316638 0
vt 0.783648 0.473393 0
vt 0.774728 0.451604 0
vt 0.911693 0.305517 0
vt 0.783648 0.473393 0
vt 0.911693 0.305517 0
vt 0.915457 0.316638 0
vt 0.783648 0.473393 0
vt 0.911693 0.305517 0
vt 0.774728 0.451604 0
vt 0.766086 0.429712 0
vt 0.910595 0.293297 0
vt 0.774728 0.451604 0
vt 0.910595 0.293297 0
vt 0.911693 0.305517 0
vt 0.774728 0.451604 0
vt 0.910595 0.293297 0
vt 0.766086 0.429712 0
vt 0.758499 0.406345 0
vt 0.911514 0.281238 0
vt 0.766086 0.429712 0
vt 0.911514 0.281238 0
vt 0.910595 0.293297 0
vt 0.766086 0.429712 0
vt 0.911514 0.281238 0
vt 0.758499 0.406345 0
vt 0.752407 0.384944 0
vt 0.915308 0.270167 0
vt 0.758499 0.406345 0
vt 0.915308 0.270167 0
vt 0.911514 0.281238 0
vt 0.758499 0.406345 0
vt 0.915308 0.270167 0
vt 0.752407 0.384944 0
vt 0.749218 0.36621 0
vt 0.921261 0.262578 0
vt 0.752407 0.384944 0
vt 0.921261 0.262578 0
vt 0.915308 0.270167 0
vt 0.752407 0.384944 0
vt 0.921261 0.262578 0
vt 0.749218 0.36621 0
vt 0.749116 0.351007 0
vt 0.92917 0.258569 0
vt 0.749218 0.36621 0
vt 0.92917 0.258569 0
vt 0.921261 0.262578 0
vt 0.749218 0.36621 0
vt 0.92917 0.258569 0
vt 0.749116 0.351007 0
vt 0.753433 0.342588 0
vt 0.937695 0.259052 0
vt 0.749116 0.351007 0
vt 0.937695 0.259052 0
vt 0.92917 0.258569 0
vt 0.749116 0.351007 0
vt 0.937695 0.259052 0
vt 0.753433 0.342588 0
vt 0.764695 0.346513 0
vt 0.945185 0.26507 0
vt 0.753433 0.342588 0
vt 0.945185 0.26507 0
vt 0.937695 0.259052 0
vt 0.753433 0.342588 0
vt 0.945185 0.26507 0
vt 0.764695 0.346513 0
vt 0.781655 0.368166 0
vt 0.95119 0.27479 0
vt 0.764695 0.346513 0
vt 0.95119 0.27479 0
vt 0.945185 0.26507 0
vt 0.764695 0.346513 0
vt 0.95119 0.27479 0
vt 0.781655 0.368166 0
vt 0.800359 0.404867 0
vt 0.954123 0.287172 0
vt 0.781655 0.368166 0
vt 0.954123 0.287172 0
vt 0.95119 0.27479 0
vt 0.781655 0.368166 0
vt 0.954123 0.287172 0
vt 0.755722 0.488676 0
vt 0.753624 0.483889 0
vt 0.757665 0.493882 0
vt 0.755722 0.488676 0
vt 0.753624 0.483889 0
vt 0.750466 0.476765 0
vt 0.757665 0.493882 0
vt 0.753624 0.483889 0
vt 0.750466 0.476765 0
vt 0.760527 0.501475 0
vt 0.757665 0.493882 0
vt 0.750466 0.476765 0
vt 0.760527 0.501475 0
vt 0.759359 0.49839 0
vt 0.757665 0.493882 0
vt 0.760527 0.501475 0
vt 0.750466 0.476765 0
vt 0.751658 0.481194 0
vt 0.760527 0.501475 0
vt 0.750466 0.476765 0
vt 0.751658 0.481194 0
vt 0.75859 0.498522 0
vt 0.760527 0.501475 0
vt 0.751658 0.481194 0
vt 0.75859 0.498522 0
vt 0.760708 0.503102 0
vt 0.760527 0.501475 0
vt 0.75859 0.498522 0
vt 0.760708 0.503102 0
vt 0.760921 0.503164 0
vt 0.760527 0.501475 0
vt 0.760708 0.503102 0
vt 0.75859 0.498522 0
vt 0.759954 0.501395 0
vt 0.760708 0.503102 0
vt 0.75859 0.498522 0
vt 0.751658 0.481194 0
vt 0.755114 0.489879 0
vt 0.75859 0.498522 0
vt 0.751658 0.481194 0
vt 0.755114 0.489879 0
vt 0.756897 0.494495 0
vt 0.75859 0.498522 0
vt 0.755114 0.489879 0
vt 0.751658 0.481194 0
vt 0.75326 0.485503 0
vt 0.755114 0.489879 0
vt 0.751658 0.481194 0
vt 0.750466 0.476765 0
vt 0.749868 0.476067 0
vt 0.751658 0.481194 0
vt 0.750466 0.476765 0
vt 0.749868 0.476067 0
vt 0.75044 0.478031 0
vt 0.751658 0.481194 0
vt 0.749868 0.476067 0
vt 0.750466 0.476765 0
vt 0.749866 0.475592 0
vt 0.749868 0.476067 0
vt 0.750466 0.476765 0
vt 0.753624 0.483889 0
vt 0.751807 0.47951 0
vt 0.750466 0.476765 0
vt 0.753624 0.483889 0
vt 0.808108 0.416361 0
vt 0.809102 0.421079 0
vt 0.806469 0.411252 0
vt 0.808108 0.416361 0
vt 0.809102 0.421079 0
vt 0.808936 0.42795 0
vt 0.806469 0.411252 0
vt 0.809102 0.421079 0
vt 0.808936 0.42795 0
vt 0.802431 0.40356 0
vt 0.806469 0.411252 0
vt 0.808936 0.42795 0
vt 0.802431 0.40356 0
vt 0.804548 0.406796 0
vt 0.806469 0.411252 0
vt 0.802431 0.40356 0
vt 0.808936 0.42795 0
vt 0.802713 0.423528 0
vt 0.802431 0.40356 0
vt 0.808936 0.42795 0
vt 0.802713 0.423528 0
vt 0.797917 0.406332 0
vt 0.802431 0.40356 0
vt 0.802713 0.423528 0
vt 0.797917 0.406332 0
vt 0.799095 0.401787 0
vt 0.802431 0.40356 0
vt 0.797917 0.406332 0
vt 0.799095 0.401787 0
vt 0.800509 0.40173 0
vt 0.802431 0.40356 0
vt 0.799095 0.401787 0
vt 0.797917 0.406332 0
vt 0.798194 0.403427 0
vt 0.799095 0.401787 0
vt 0.797917 0.406332 0
vt 0.802713 0.423528 0
vt 0.799435 0.414819 0
vt 0.797917 0.406332 0
vt 0.802713 0.423528 0
vt 0.799435 0.414819 0
vt 0.798383 0.410377 0
vt 0.797917 0.406332 0
vt 0.799435 0.414819 0
vt 0.802713 0.423528 0
vt 0.800883 0.419338 0
vt 0.799435 0.414819 0
vt 0.802713 0.423528 0
vt 0.808936 0.42795 0
vt 0.806407 0.428536 0
vt 0.802713 0.423528 0
vt 0.808936 0.42795 0
vt 0.806407 0.428536 0
vt 0.80462 0.426608 0
vt 0.802713 0.423528 0
vt 0.806407 0.428536 0
vt 0.808936 0.42795 0
vt 0.807884 0.429137 0
vt 0.806407 0.428536 0
vt 0.808936 0.42795 0
vt 0.809102 0.421079 0
vt 0.80938 0.425069 0
vt 0.808936 0.42795 0
vt 0.809102 0.421079 0
vt 0.755722 0.488676 0
vt 0.757665 0.493882 0
vt 0.808108 0.416361 0
vt 0.755722 0.488676 0
vt 0.808108 0.416361 0
vt 0.806469 0.411252 0
vt 0.755722 0.488676 0
vt 0.808108 0.416361 0
vt 0.757665 0.493882 0
vt 0.759359 0.49839 0
vt 0.809102 0.421079 0
vt 0.757665 0.493882 0
vt 0.809102 0.421079 0
vt 0.808108 0.416361 0
vt 0.757665 0.493882 0
vt 0.809102 0.421079 0
vt 0.759359 0.49839 0
vt 0.760527 0.501475 0
vt 0.80938 0.425069 0
vt 0.759359 0.49839 0
vt 0.80938 0.425069 0
vt 0.809102 0.421079 0
vt 0.759359 0.49839 0
vt 0.80938 0.425069 0
vt 0.760527 0.501475 0
vt 0.760921 0.503164 0
vt 0.808936 0.42795 0
vt 0.760527 0.501475 0
vt 0.808936 0.42795 0
vt 0.80938 0.425069 0
vt 0.760527 0.501475 0
vt 0.808936 0.42795 0
vt 0.760921 0.503164 0
vt 0.760708 0.503102 0
vt 0.807884 0.429137 0
vt 0.760921 0.503164 0
vt 0.807884 0.429137 0
vt 0.808936 0.42795 0
vt 0.760921 0.503164 0
vt 0.807884 0.429137 0
vt 0.760708 0.503102 0
vt 0.759954 0.501395 0
vt 0.806407 0.428536 0
vt 0.760708 0.503102 0
vt 0.806407 0.428536 0
vt 0.807884 0.429137 0
vt 0.760708 0.503102 0
vt 0.806407 0.428536 0
vt 0.759954 0.501395 0
vt 0.75859 0.498522 0
vt 0.80462 0.426608 0
vt 0.759954 0.501395 0
vt 0.80462 0.426608 0
vt 0.806407 0.428536 0
vt 0.759954 0.501395 0
vt 0.80462 0.426608 0
vt 0.75859 0.498522 0
vt 0.756897 0.494495 0
vt 0.802713 0.423528 0
vt 0.75859 0.498522 0
vt 0.802713 0.423528 0
vt 0.80462 0.426608 0
vt 0.75859 0.498522 0
vt 0.802713 0.423528 0
vt 0.756897 0.494495 0
vt 0.755114 0.489879 0
vt 0.800883 0.419338 0
vt 0.756897 0.494495 0
vt 0.800883 0.419338 0
vt 0.802713 0.423528 0
vt 0.756897 0.494495 0
vt 0.800883 0.419338 0
vt 0.755114 0.489879 0
vt 0.75326 0.485503 0
vt 0.799435 0.414819 0
vt 0.755114 0.489879 0
vt 0.799435 0.414819 0
vt 0.800883 0.419338 0
vt 0.755114 0.489879 0
vt 0.799435 0.414819 0
vt 0.75326 0.485503 0
vt 0.751658 0.481194 0
vt 0.798383 0.410377 0
vt 0.75326 0.485503 0
vt 0.798383 0.410377 0
vt 0.799435 0.414819 0
vt 0.75326 0.485503 0
vt 0.798383 0.410377 0
vt 0.751658 0.481194 0
vt 0.75044 0.478031 0
vt 0.797917 0.406332 0
vt 0.751658 0.481194 0
vt 0.797917 0.406332 0
vt 0.798383 0.410377 0
vt 0.751658 0.481194 0
vt 0.797917 0.406332 0
vt 0.75044 0.478031 0
vt 0.749868 0.476067 0
vt 0.798194 0.403427 0
vt 0.75044 0.478031 0
vt 0.798194 0.403427 0
vt 0.797917 0.406332 0
vt 0.75044 0.478031 0
vt 0.798194 0.403427 0
vt 0.749868 0.476067 0
vt 0.749866 0.475592 0
vt 0.799095 0.401787 0
vt 0.749868 0.476067 0
vt 0.799095 0.401787 0
vt 0.798194 0.403427 0
vt 0.749868 0.476067 0
vt 0.799095 0.401787 0
vt 0.749866 0.475592 0
vt 0.750466 0.476765 0
vt 0.800509 0.40173 0
vt 0.749866 0.475592 0
vt 0.800509 0.40173 0
vt 0.799095 0.401787 0
vt 0.749866 0.475592 0
vt 0.800509 0.40173 0
vt 0.750466 0.476765 0
vt 0.751807 0.47951 0
vt 0.802431 0.40356 0
vt 0.750466 0.476765 0
vt 0.802431 0.40356 0
vt 0.800509 0.40173 0
vt 0.750466 0.476765 0
vt 0.802431 0.40356 0
vt 0.751807 0.47951 0
vt 0.753624 0.483889 0
vt 0.804548 0.406796 0
vt 0.751807 0.47951 0
vt 0.804548 0.406796 0
vt 0.802431 0.40356 0
vt 0.751807 0.47951 0
vt 0.804548 0.406796 0
vt 0.753624 0.483889 0
vt 0.755722 0.488676 0
vt 0.806469 0.411252 0
vt 0.753624 0.483889 0
vt 0.806469 0.411252 0
vt 0.804548 0.406796 0
vt 0.753624 0.483889 0
vt 0.806469 0.411252 0
vt 0.686559 0.362683 0
vt 0.68467 0.360665 0
vt 0.688826 0.365592 0
vt 0.686559 0.362683 0
vt 0.68467 0.360665 0
vt 0.68312 0.359449 0
vt 0.688826 0.365592 0
vt 0.68467 0.360665 0
vt 0.68312 0.359449 0
vt 0.693441 0.372417 0
vt 0.688826 0.365592 0
vt 0.68312 0.359449 0
vt 0.693441 0.372417 0
vt 0.691285 0.36907 0
vt 0.688826 0.365592 0
vt 0.693441 0.372417 0
vt 0.68312 0.359449 0
vt 0.688392 0.368258 0
vt 0.693441 0.372417 0
vt 0.68312 0.359449 0
vt 0.688392 0.368258 0
vt 0.695742 0.377663 0
vt 0.693441 0.372417 0
vt 0.688392 0.368258 0
vt 0.695742 0.377663 0
vt 0.696158 0.377263 0
vt 0.693441 0.372417 0
vt 0.695742 0.377663 0
vt 0.696158 0.377263 0
vt 0.695168 0.375307 0
vt 0.693441 0.372417 0
vt 0.696158 0.377263 0
vt 0.695742 0.377663 0
vt 0.696297 0.378005 0
vt 0.696158 0.377263 0
vt 0.695742 0.377663 0
vt 0.688392 0.368258 0
vt 0.692712 0.374048 0
vt 0.695742 0.377663 0
vt 0.688392 0.368258 0
vt 0.692712 0.374048 0
vt 0.694457 0.376226 0
vt 0.695742 0.377663 0
vt 0.692712 0.374048 0
vt 0.688392 0.368258 0
vt 0.690608 0.371386 0
vt 0.692712 0.374048 0
vt 0.688392 0.368258 0
vt 0.68312 0.359449 0
vt 0.684706 0.362637 0
vt 0.688392 0.368258 0
vt 0.68312 0.359449 0
vt 0.684706 0.362637 0
vt 0.686389 0.365175 0
vt 0.688392 0.368258 0
vt 0.684706 0.362637 0
vt 0.68312 0.359449 0
vt 0.68355 0.360627 0
vt 0.684706 0.362637 0
vt 0.68312 0.359449 0
vt 0.68467 0.360665 0
vt 0.683461 0.359516 0
vt 0.68312 0.359449 0
vt 0.68467 0.360665 0
vt 0.730402 0.284774 0
vt 0.732746 0.28846 0
vt 0.727894 0.282051 0
vt 0.730402 0.284774 0
vt 0.732746 0.28846 0
vt 0.735607 0.295947 0
vt 0.727894 0.282051 0
vt 0.732746 0.28846 0
vt 0.735607 0.295947 0
vt 0.723743 0.280114 0
vt 0.727894 0.282051 0
vt 0.735607 0.295947 0
vt 0.723743 0.280114 0
vt 0.725606 0.280404 0
vt 0.727894 0.282051 0
vt 0.723743 0.280114 0
vt 0.735607 0.295947 0
vt 0.732352 0.300777 0
vt 0.723743 0.280114 0
vt 0.735607 0.295947 0
vt 0.732352 0.300777 0
vt 0.724161 0.289599 0
vt 0.723743 0.280114 0
vt 0.732352 0.300777 0
vt 0.724161 0.289599 0
vt 0.72241 0.283254 0
vt 0.723743 0.280114 0
vt 0.724161 0.289599 0
vt 0.72241 0.283254 0
vt 0.722696 0.281116 0
vt 0.723743 0.280114 0
vt 0.72241 0.283254 0
vt 0.724161 0.289599 0
vt 0.722939 0.28623 0
vt 0.72241 0.283254 0
vt 0.724161 0.289599 0
vt 0.732352 0.300777 0
vt 0.728022 0.296401 0
vt 0.724161 0.289599 0
vt 0.732352 0.300777 0
vt 0.728022 0.296401 0
vt 0.725872 0.293104 0
vt 0.724161 0.289599 0
vt 0.728022 0.296401 0
vt 0.732352 0.300777 0
vt 0.730221 0.29907 0
vt 0.728022 0.296401 0
vt 0.732352 0.300777 0
vt 0.735607 0.295947 0
vt 0.735363 0.300701 0
vt 0.732352 0.300777 0
vt 0.735607 0.295947 0
vt 0.735363 0.300701 0
vt 0.734157 0.301458 0
vt 0.732352 0.300777 0
vt 0.735363 0.300701 0
vt 0.735607 0.295947 0
vt 0.735887 0.298925 0
vt 0.735363 0.300701 0
vt 0.735607 0.295947 0
vt 0.732746 0.28846 0
vt 0.734522 0.292212 0
vt 0.735607 0.295947 0
vt 0.732746 0.28846 0
vt 0.686559 0.362683 0
vt 0.688826 0.365592 0
vt 0.730402 0.284774 0
vt 0.686559 0.362683 0
vt 0.730402 0.284774 0
vt 0.727894 0.282051 0
vt 0.686559 0.362683 0
vt 0.730402 0.284774 0
vt 0.688826 0.365592 0
vt 0.691285 0.36907 0
vt 0.732746 0.28846 0
vt 0.688826 0.365592 0
vt 0.732746 0.28846 0
vt 0.730402 0.284774 0
vt 0.688826 0.365592 0
vt 0.732746 0.28846 0
vt 0.691285 0.36907 0
vt 0.693441 0.372417 0
vt 0.734522 0.292212 0
vt 0.691285 0.36907 0
vt 0.734522 0.292212 0
vt 0.732746 0.28846 0
vt 0.691285 0.36907 0
vt 0.734522 0.292212 0
vt 0.693441 0.372417 0
vt 0.695168 0.375307 0
vt 0.735607 0.295947 0
vt 0.693441 0.372417 0
vt 0.735607 0.295947 0
vt 0.734522 0.292212 0
vt 0.693441 0.372417 0
vt 0.735607 0.295947 0
vt 0.695168 0.375307 0
vt 0.696158 0.377263 0
vt 0.735887 0.298925 0
vt 0.695168 0.375307 0
vt 0.735887 0.298925 0
vt 0.735607 0.295947 0
vt 0.695168 0.375307 0
vt 0.735887 0.298925 0
vt 0.696158 0.377263 0
vt 0.696297 0.378005 0
vt 0.735363 0.300701 0
vt 0.696158 0.377263 0
vt 0.735363 0.300701 0
vt 0.735887 0.298925 0
vt 0.696158 0.377263 0
vt 0.735363 0.300701 0
vt 0.696297 0.378005 0
vt 0.695742 0.377663 0
vt 0.734157 0.301458 0
vt 0.696297 0.378005 0
vt 0.734157 0.301458 0
vt 0.735363 0.300701 0
vt 0.696297 0.378005 0
vt 0.734157 0.301458 0
vt 0.695742 0.377663 0
vt 0.694457 0.376226 0
vt 0.732352 0.300777 0
vt 0.695742 0.377663 0
vt 0.732352 0.300777 0
vt 0.734157 0.301458 0
vt 0.695742 0.377663 0
vt 0.732352 0.300777 0
vt 0.694457 0.376226 0
vt 0.692712 0.374048 0
vt 0.730221 0.29907 0
vt 0.694457 0.376226 0
vt 0.730221 0.29907 0
vt 0.732352 0.300777 0
vt 0.694457 0.376226 0
vt 0.730221 0.29907 0
vt 0.692712 0.374048 0
vt 0.690608 0.371386 0
vt 0.728022 0.296401 0
vt 0.692712 0.374048 0
vt 0.728022 0.296401 0
vt 0.730221 0.29907 0
vt 0.692712 0.374048 0
vt 0.728022 0.296401 0
vt 0.690608 0.371386 0
vt 0.688392 0.368258 0
vt 0.725872 0.293104 0
vt 0.690608 0.371386 0
vt 0.725872 0.293104 0
vt 0.728022 0.296401 0
vt 0.690608 0.371386 0
vt 0.725872 0.293104 0
vt 0.688392 0.368258 0
vt 0.686389 0.365175 0
vt 0.724161 0.289599 0
vt 0.688392 0.368258 0
vt 0.724161 0.289599 0
vt 0.725872 0.293104 0
vt 0.688392 0.368258 0
vt 0.724161 0.289599 0
vt 0.686389 0.365175 0
vt 0.684706 0.362637 0
vt 0.722939 0.28623 0
vt 0.686389 0.365175 0
vt 0.722939 0.28623 0
vt 0.724161 0.289599 0
vt 0.686389 0.365175 0
vt 0.722939 0.28623 0
vt 0.684706 0.362637 0
vt 0.68355 0.360627 0
vt 0.72241 0.283254 0
vt 0.684706 0.362637 0
vt 0.72241 0.283254 0
vt 0.722939 0.28623 0
vt 0.684706 0.362637 0
vt 0.72241 0.283254 0
vt 0.68355 0.360627 0
vt 0.68312 0.359449 0
vt 0.722696 0.281116 0
vt 0.68355 0.360627 0
vt 0.722696 0.281116 0
vt 0.72241 0.283254 0
vt 0.68355 0.360627 0
vt 0.722696 0.281116 0
vt 0.68312 0.359449 0
vt 0.683461 0.359516 0
vt 0.723743 0.280114 0
vt 0.68312 0.359449 0
vt 0.723743 0.280114 0
vt 0.722696 0.281116 0
vt 0.68312 0.359449 0
vt 0.723743 0.280114 0
vt 0.683461 0.359516 0
vt 0.68467 0.360665 0
vt 0.725606 0.280404 0
vt 0.683461 0.359516 0
vt 0.725606 0.280404 0
vt 0.723743 0.280114 0
vt 0.683461 0.359516 0
vt 0.725606 0.280404 0
vt 0.68467 0.360665 0
vt 0.686559 0.362683 0
vt 0.727894 0.282051 0
vt 0.68467 0.360665 0
vt 0.727894 0.282051 0
vt 0.725606 0.280404 0
vt 0.68467 0.360665 0
vt 0.727894 0.282051 0
vt 0.5 0.248261 0
vt 0.5 0.246126 0
vt 0.5 0.247969 0
vt 0.5 0.248261 0
vt 0.5 0.246126 0
vt 0.5 0.233399 0
vt 0.5 0.247969 0
vt 0.5 0.246126 0
vt 0.5 0.233399 0
vt 0.5 0.240306 0
vt 0.5 0.247969 0
vt 0.5 0.233399 0
vt 0.5 0.240306 0
vt 0.5 0.245144 0
vt 0.5 0.247969 0
vt 0.5 0.240306 0
vt 0.5 0.233399 0
vt 0.5 0.204146 0
vt 0.5 0.240306 0
vt 0.5 0.233399 0
vt 0.5 0.204146 0
vt 0.5 0.213303 0
vt 0.5 0.240306 0
vt 0.5 0.204146 0
vt 0.5 0.213303 0
vt 0.5 0.227271 0
vt 0.5 0.240306 0
vt 0.5 0.213303 0
vt 0.5 0.227271 0
vt 0.5 0.234098 0
vt 0.5 0.240306 0
vt 0.5 0.227271 0
vt 0.5 0.213303 0
vt 0.5 0.219877 0
vt 0.5 0.227271 0
vt 0.5 0.213303 0
vt 0.5 0.204146 0
vt 0.5 0.204093 0
vt 0.5 0.213303 0
vt 0.5 0.204146 0
vt 0.5 0.204093 0
vt 0.5 0.20787 0
vt 0.5 0.213303 0
vt 0.5 0.204093 0
vt 0.5 0.204146 0
vt 0.5 0.202632 0
vt 0.5 0.204093 0
vt 0.5 0.204146 0
vt 0.5 0.233399 0
vt 0.5 0.215829 0
vt 0.5 0.204146 0
vt 0.5 0.233399 0
vt 0.5 0.215829 0
vt 0.5 0.208452 0
vt 0.5 0.204146 0
vt 0.5 0.215829 0
vt 0.5 0.233399 0
vt 0.5 0.224445 0
vt 0.5 0.215829 0
vt 0.5 0.233399 0
vt 0.5 0.246126 0
vt 0.5 0.240774 0
vt 0.5 0.233399 0
vt 0.5 0.246126 0
vt 0.69225 0.390147 0
vt 0.690977 0.38618 0
vt 0.694215 0.393643 0
vt 0.69225 0.390147 0
vt 0.690977 0.38618 0
vt 0.690859 0.378518 0
vt 0.694215 0.393643 0
vt 0.690977 0.38618 0
vt 0.690859 0.378518 0
vt 0.699059 0.397558 0
vt 0.694215 0.393643 0
vt 0.690859 0.378518 0
vt 0.699059 0.397558 0
vt 0.696522 0.396292 0
vt 0.694215 0.393643 0
vt 0.699059 0.397558 0
vt 0.690859 0.378518 0
vt 0.698648 0.374927 0
vt 0.699059 0.397558 0
vt 0.690859 0.378518 0
vt 0.698648 0.374927 0
vt 0.705012 0.389101 0
vt 0.699059 0.397558 0
vt 0.698648 0.374927 0
vt 0.705012 0.389101 0
vt 0.703375 0.395872 0
vt 0.699059 0.397558 0
vt 0.705012 0.389101 0
vt 0.703375 0.395872 0
vt 0.701415 0.397492 0
vt 0.699059 0.397558 0
vt 0.703375 0.395872 0
vt 0.705012 0.389101 0
vt 0.704591 0.39299 0
vt 0.703375 0.395872 0
vt 0.705012 0.389101 0
vt 0.698648 0.374927 0
vt 0.703124 0.380893 0
vt 0.705012 0.389101 0
vt 0.698648 0.374927 0
vt 0.703124 0.380893 0
vt 0.704465 0.384967 0
vt 0.705012 0.389101 0
vt 0.703124 0.380893 0
vt 0.698648 0.374927 0
vt 0.701083 0.377418 0
vt 0.703124 0.380893 0
vt 0.698648 0.374927 0
vt 0.690859 0.378518 0
vt 0.693893 0.374055 0
vt 0.698648 0.374927 0
vt 0.690859 0.378518 0
vt 0.693893 0.374055 0
vt 0.696197 0.373831 0
vt 0.698648 0.374927 0
vt 0.693893 0.374055 0
vt 0.690859 0.378518 0
vt 0.691971 0.375732 0
vt 0.693893 0.374055 0
vt 0.690859 0.378518 0
vt 0.690977 0.38618 0
vt 0.690463 0.382081 0
vt 0.690859 0.378518 0
vt 0.690977 0.38618 0
vt 0.5 0.248261 0
vt 0.5 0.247969 0
vt 0.69225 0.390147 0
vt 0.5 0.248261 0
vt 0.69225 0.390147 0
vt 0.694215 0.393643 0
vt 0.5 0.248261 0
vt 0.69225 0.390147 0
vt 0.5 0.247969 0
vt 0.5 0.245144 0
vt 0.690977 0.38618 0
vt 0.5 0.247969 0
vt 0.690977 0.38618 0
vt 0.69225 0.390147 0
vt 0.5 0.247969 0
vt 0.690977 0.38618 0
vt 0.5 0.245144 0
vt 0.5 0.240306 0
vt 0.690463 0.382081 0
vt 0.5 0.245144 0
vt 0.690463 0.382081 0
vt 0.690977 0.38618 0
vt 0.5 0.245144 0
vt 0.690463 0.382081 0
vt 0.5 0.240306 0
vt 0.5 0.234098 0
vt 0.690859 0.378518 0
vt 0.5 0.240306 0
vt 0.690859 0.378518 0
vt 0.690463 0.382081 0
vt 0.5 0.240306 0
vt 0.690859 0.378518 0
vt 0.5 0.234098 0
vt 0.5 0.227271 0
vt 0.691971 0.375732 0
vt 0.5 0.234098 0
vt 0.691971 0.375732 0
vt 0.690859 0.378518 0
vt 0.5 0.234098 0
vt 0.691971 0.375732 0
vt 0.5 0.227271 0
vt 0.5 0.219877 0
vt 0.693893 0.374055 0
vt 0.5 0.227271 0
vt 0.693893 0.374055 0
vt 0.691971 0.375732 0
vt 0.5 0.227271 0
vt 0.693893 0.374055 0
vt 0.5 0.219877 0
vt 0.5 0.213303 0
vt 0.696197 0.373831 0
vt 0.5 0.219877 0
vt 0.696197 0.373831 0
vt 0.693893 0.374055 0
vt 0.5 0.219877 0
vt 0.696197 0.373831 0
vt 0.5 0.213303 0
vt 0.5 0.20787 0
vt 0.698648 0.374927 0
vt 0.5 0.213303 0
vt 0.698648 0.374927 0
vt 0.696197 0.373831 0
vt 0.5 0.213303 0
vt 0.698648 0.374927 0
vt 0.5 0.20787 0
vt 0.5 0.204093 0
vt 0.701083 0.377418 0
vt 0.5 0.20787 0
vt 0.701083 0.377418 0
vt 0.698648 0.374927 0
vt 0.5 0.20787 0
vt 0.701083 0.377418 0
vt 0.5 0.204093 0
vt 0.5 0.202632 0
vt 0.703124 0.380893 0
vt 0.5 0.204093 0
vt 0.703124 0.380893 0
vt 0.701083 0.377418 0
vt 0.5 0.204093 0
vt 0.703124 0.380893 0
vt 0.5 0.202632 0
vt 0.5 0.204146 0
vt 0.704465 0.384967 0
vt 0.5 0.202632 0
vt 0.704465 0.384967 0
vt 0.703124 0.380893 0
vt 0.5 0.202632 0
vt 0.704465 0.384967 0
vt 0.5 0.204146 0
vt 0.5 0.208452 0
vt 0.705012 0.389101 0
vt 0.5 0.204146 0
vt 0.705012 0.389101 0
vt 0.704465 0.384967 0
vt 0.5 0.204146 0
vt 0.705012 0.389101 0
vt 0.5 0.208452 0
vt 0.5 0.215829 0
vt 0.704591 0.39299 0
vt 0.5 0.208452 0
vt 0.704591 0.39299 0
vt 0.705012 0.389101 0
vt 0.5 0.208452 0
vt 0.704591 0.39299 0
vt 0.5 0.215829 0
vt 0.5 0.224445 0
vt 0.703375 0.395872 0
vt 0.5 0.215829 0
vt 0.703375 0.395872 0
vt 0.704591 0.39299 0
vt 0.5 0.215829 0
vt 0.703375 0.395872 0
vt 0.5 0.224445 0
vt 0.5 0.233399 0
vt 0.701415 0.397492 0
vt 0.5 0.224445 0
vt 0.701415 0.397492 0
vt 0.703375 0.395872 0
vt 0.5 0.224445 0
vt 0.701415 0.397492 0
vt 0.5 0.233399 0
vt 0.5 0.240774 0
vt 0.699059 0.397558 0
vt 0.5 0.233399 0
vt 0.699059 0.397558 0
vt 0.701415 0.397492 0
vt 0.5 0.233399 0
vt 0.699059 0.397558 0
vt 0.5 0.240774 0
vt 0.5 0.246126 0
vt 0.696522 0.396292 0
vt 0.5 0.240774 0
vt 0.696522 0.396292 0
vt 0.699059 0.397558 0
vt 0.5 0.240774 0
vt 0.696522 0.396292 0
vt 0.5 0.246126 0
vt 0.5 0.248261 0
vt 0.694215 0.393643 0
vt 0.5 0.246126 0
vt 0.694215 0.393643 0
vt 0.696522 0.396292 0
vt 0.5 0.246126 0
vt 0.694215 0.393643 0
vt 0.540608 0.228164 0
vt 0.540429 0.229874 0
vt 0.543355 0.227283 0
vt 0.540608 0.228164 0
vt 0.540429 0.229874 0
vt 0.546887 0.233602 0
vt 0.543355 0.227283 0
vt 0.540429 0.229874 0
vt 0.546887 0.233602 0
vt 0.555745 0.22866 0
vt 0.543355 0.227283 0
vt 0.546887 0.233602 0
vt 0.555745 0.22866 0
vt 0.548889 0.227411 0
vt 0.543355 0.227283 0
vt 0.555745 0.22866 0
vt 0.546887 0.233602 0
vt 0.570989 0.242276 0
vt 0.555745 0.22866 0
vt 0.546887 0.233602 0
vt 0.570989 0.242276 0
vt 0.579967 0.240707 0
vt 0.555745 0.22866 0
vt 0.570989 0.242276 0
vt 0.579967 0.240707 0
vt 0.571103 0.234419 0
vt 0.555745 0.22866 0
vt 0.579967 0.240707 0
vt 0.571103 0.234419 0
vt 0.563761 0.231127 0
vt 0.555745 0.22866 0
vt 0.571103 0.234419 0
vt 0.579967 0.240707 0
vt 0.576455 0.237756 0
vt 0.571103 0.234419 0
vt 0.579967 0.240707 0
vt 0.570989 0.242276 0
vt 0.579445 0.24357 0
vt 0.579967 0.240707 0
vt 0.570989 0.242276 0
vt 0.579445 0.24357 0
vt 0.580666 0.242611 0
vt 0.579967 0.240707 0
vt 0.579445 0.24357 0
vt 0.570989 0.242276 0
vt 0.575819 0.243418 0
vt 0.579445 0.24357 0
vt 0.570989 0.242276 0
vt 0.546887 0.233602 0
vt 0.558839 0.238272 0
vt 0.570989 0.242276 0
vt 0.546887 0.233602 0
vt 0.558839 0.238272 0
vt 0.565009 0.240234 0
vt 0.570989 0.242276 0
vt 0.558839 0.238272 0
vt 0.546887 0.233602 0
vt 0.552531 0.235978 0
vt 0.558839 0.238272 0
vt 0.546887 0.233602 0
vt 0.540429 0.229874 0
vt 0.542867 0.231771 0
vt 0.546887 0.233602 0
vt 0.540429 0.229874 0
vt 0.617765 0.065063 0
vt 0.634478 0.065297 0
vt 0.606001 0.067611 0
vt 0.617765 0.065063 0
vt 0.634478 0.065297 0
vt 0.66438 0.073832 0
vt 0.606001 0.067611 0
vt 0.634478 0.065297 0
vt 0.66438 0.073832 0
vt 0.601045 0.077004 0
vt 0.606001 0.067611 0
vt 0.66438 0.073832 0
vt 0.601045 0.077004 0
vt 0.600508 0.07173 0
vt 0.606001 0.067611 0
vt 0.601045 0.077004 0
vt 0.66438 0.073832 0
vt 0.669836 0.097767 0
vt 0.601045 0.077004 0
vt 0.66438 0.073832 0
vt 0.669836 0.097767 0
vt 0.633729 0.096115 0
vt 0.601045 0.077004 0
vt 0.669836 0.097767 0
vt 0.633729 0.096115 0
vt 0.613762 0.087459 0
vt 0.601045 0.077004 0
vt 0.633729 0.096115 0
vt 0.613762 0.087459 0
vt 0.605678 0.082134 0
vt 0.601045 0.077004 0
vt 0.613762 0.087459 0
vt 0.633729 0.096115 0
vt 0.623529 0.092286 0
vt 0.613762 0.087459 0
vt 0.633729 0.096115 0
vt 0.669836 0.097767 0
vt 0.6541 0.100447 0
vt 0.633729 0.096115 0
vt 0.669836 0.097767 0
vt 0.6541 0.100447 0
vt 0.644205 0.099178 0
vt 0.633729 0.096115 0
vt 0.6541 0.100447 0
vt 0.669836 0.097767 0
vt 0.662964 0.100336 0
vt 0.6541 0.100447 0
vt 0.669836 0.097767 0
vt 0.66438 0.073832 0
vt 0.675643 0.087477 0
vt 0.669836 0.097767 0
vt 0.66438 0.073832 0
vt 0.675643 0.087477 0
vt 0.674645 0.093615 0
vt 0.669836 0.097767 0
vt 0.675643 0.087477 0
vt 0.66438 0.073832 0
vt 0.672745 0.080789 0
vt 0.675643 0.087477 0
vt 0.66438 0.073832 0
vt 0.634478 0.065297 0
vt 0.650732 0.068147 0
vt 0.66438 0.073832 0
vt 0.634478 0.065297 0
vt 0.540608 0.228164 0
vt 0.543355 0.227283 0
vt 0.617765 0.065063 0
vt 0.540608 0.228164 0
vt 0.617765 0.065063 0
vt 0.606001 0.067611 0
vt 0.540608 0.228164 0
vt 0.617765 0.065063 0
vt 0.543355 0.227283 0
vt 0.548889 0.227411 0
vt 0.634478 0.065297 0
vt 0.543355 0.227283 0
vt 0.634478 0.065297 0
vt 0.617765 0.065063 0
vt 0.543355 0.227283 0
vt 0.634478 0.065297 0
vt 0.548889 0.227411 0
vt 0.555745 0.22866 0
vt 0.650732 0.068147 0
vt 0.548889 0.227411 0
vt 0.650732 0.068147 0
vt 0.634478 0.065297 0
vt 0.548889 0.227411 0
vt 0.650732 0.068147 0
vt 0.555745 0.22866 0
vt 0.563761 0.231127 0
vt 0.66438 0.073832 0
vt 0.555745 0.22866 0
vt 0.66438 0.073832 0
vt 0.650732 0.068147 0
vt 0.555745 0.22866 0
vt 0.66438 0.073832 0
vt 0.563761 0.231127 0
vt 0.571103 0.234419 0
vt 0.672745 0.080789 0
vt 0.563761 0.231127 0
vt 0.672745 0.080789 0
vt 0.66438 0.073832 0
vt 0.563761 0.231127 0
vt 0.672745 0.080789 0
vt 0.571103 0.234419 0
vt 0.576455 0.237756 0
vt 0.675643 0.087477 0
vt 0.571103 0.234419 0
vt 0.675643 0.087477 0
vt 0.672745 0.080789 0
vt 0.571103 0.234419 0
vt 0.675643 0.087477 0
vt 0.576455 0.237756 0
vt 0.579967 0.240707 0
vt 0.674645 0.093615 0
vt 0.576455 0.237756 0
vt 0.674645 0.093615 0
vt 0.675643 0.087477 0
vt 0.576455 0.237756 0
vt 0.674645 0.093615 0
vt 0.579967 0.240707 0
vt 0.580666 0.242611 0
vt 0.669836 0.097767 0
vt 0.579967 0.240707 0
vt 0.669836 0.097767 0
vt 0.674645 0.093615 0
vt 0.579967 0.240707 0
vt 0.669836 0.097767 0
vt 0.580666 0.242611 0
vt 0.579445 0.24357 0
vt 0.662964 0.100336 0
vt 0.580666 0.242611 0
vt 0.662964 0.100336 0
vt 0.669836 0.097767 0
vt 0.580666 0.242611 0
vt 0.662964 0.100336 0
vt 0.579445 0.24357 0
vt 0.575819 0.243418 0
vt 0.6541 0.100447 0
vt 0.579445 0.24357 0
vt 0.6541 0.100447 0
vt 0.662964 0.100336 0
vt 0.579445 0.24357 0
vt 0.6541 0.100447 0
vt 0.575819 0.243418 0
vt 0.570989 0.242276 0
vt 0.644205 0.099178 0
vt 0.575819 0.243418 0
vt 0.644205 0.099178 0
vt 0.6541 0.100447 0
vt 0.575819 0.243418 0
vt 0.644205 0.099178 0
vt 0.570989 0.242276 0
vt 0.565009 0.240234 0
vt 0.633729 0.096115 0
vt 0.570989 0.242276 0
vt 0.633729 0.096115 0
vt 0.644205 0.099178 0
vt 0.570989 0.242276 0
vt 0.633729 0.096115 0
vt 0.565009 0.240234 0
vt 0.558839 0.238272 0
vt 0.623529 0.092286 0
vt 0.565009 0.240234 0
vt 0.623529 0.092286 0
vt 0.633729 0.096115 0
vt 0.565009 0.240234 0
vt 0.623529 0.092286 0
vt 0.558839 0.238272 0
vt 0.552531 0.235978 0
vt 0.613762 0.087459 0
vt 0.558839 0.238272 0
vt 0.613762 0.087459 0
vt 0.623529 0.092286 0
vt 0.558839 0.238272 0
vt 0.613762 0.087459 0
vt 0.552531 0.235978 0
vt 0.546887 0.233602 0
vt 0.605678 0.082134 0
vt 0.552531 0.235978 0
vt 0.605678 0.082134 0
vt 0.613762 0.087459 0
vt 0.552531 0.235978 0
vt 0.605678 0.082134 0
vt 0.546887 0.233602 0
vt 0.542867 0.231771 0
vt 0.601045 0.077004 0
vt 0.546887 0.233602 0
vt 0.601045 0.077004 0
vt 0.605678 0.082134 0
vt 0.546887 0.233602 0
vt 0.601045 0.077004 0
vt 0.542867 0.231771 0
vt 0.540429 0.229874 0
vt 0.600508 0.07173 0
vt 0.542867 0.231771 0
vt 0.600508 0.07173 0
vt 0.601045 0.077004 0
vt 0.542867 0.231771 0
vt 0.600508 0.07173 0
vt 0.540429 0.229874 0
vt 0.540608 0.228164 0
vt 0.606001 0.067611 0
vt 0.540429 0.229874 0
vt 0.606001 0.067611 0
vt 0.600508 0.07173 0
vt 0.540429 0.229874 0
vt 0.606001 0.067611 0
vt 0.5 0.066189 0
vt 0.5 0.059091 0
vt 0.5 0.071138 0
vt 0.5 0.066189 0
vt 0.5 0.059091 0
vt 0.5 0.042721 0
vt 0.5 0.071138 0
vt 0.5 0.059091 0
vt 0.5 0.042721 0
vt 0.5 0.073428 0
vt 0.5 0.071138 0
vt 0.5 0.042721 0
vt 0.5 0.073428 0
vt 0.5 0.073608 0
vt 0.5 0.071138 0
vt 0.5 0.073428 0
vt 0.5 0.042721 0
vt 0.5 0.029928 0
vt 0.5 0.073428 0
vt 0.5 0.042721 0
vt 0.5 0.029928 0
vt 0.5 0.053349 0
vt 0.5 0.073428 0
vt 0.5 0.029928 0
vt 0.5 0.053349 0
vt 0.5 0.066298 0
vt 0.5 0.073428 0
vt 0.5 0.053349 0
vt 0.5 0.066298 0
vt 0.5 0.071064 0
vt 0.5 0.073428 0
vt 0.5 0.066298 0
vt 0.5 0.053349 0
vt 0.5 0.060316 0
vt 0.5 0.066298 0
vt 0.5 0.053349 0
vt 0.5 0.029928 0
vt 0.5 0.039137 0
vt 0.5 0.053349 0
vt 0.5 0.029928 0
vt 0.5 0.039137 0
vt 0.5 0.04602 0
vt 0.5 0.053349 0
vt 0.5 0.039137 0
vt 0.5 0.029928 0
vt 0.5 0.033744 0
vt 0.5 0.039137 0
vt 0.5 0.029928 0
vt 0.5 0.042721 0
vt 0.5 0.031203 0
vt 0.5 0.029928 0
vt 0.5 0.042721 0
vt 0.5 0.031203 0
vt 0.5 0.029126 0
vt 0.5 0.029928 0
vt 0.5 0.031203 0
vt 0.5 0.042721 0
vt 0.5 0.035739 0
vt 0.5 0.031203 0
vt 0.5 0.042721 0
vt 0.5 0.059091 0
vt 0.5 0.050999 0
vt 0.5 0.042721 0
vt 0.5 0.059091 0
vt 0.726589 0.317688 0
vt 0.725162 0.314279 0
vt 0.728738 0.320754 0
vt 0.726589 0.317688 0
vt 0.725162 0.314279 0
vt 0.724983 0.30786 0
vt 0.728738 0.320754 0
vt 0.725162 0.314279 0
vt 0.724983 0.30786 0
vt 0.734142 0.324365 0
vt 0.728738 0.320754 0
vt 0.724983 0.30786 0
vt 0.734142 0.324365 0
vt 0.731389 0.323057 0
vt 0.728738 0.320754 0
vt 0.734142 0.324365 0
vt 0.724983 0.30786 0
vt 0.733735 0.305447 0
vt 0.734142 0.324365 0
vt 0.724983 0.30786 0
vt 0.733735 0.305447 0
vt 0.740583 0.317779 0
vt 0.734142 0.324365 0
vt 0.733735 0.305447 0
vt 0.740583 0.317779 0
vt 0.738855 0.323216 0
vt 0.734142 0.324365 0
vt 0.740583 0.317779 0
vt 0.738855 0.323216 0
vt 0.736768 0.32448 0
vt 0.734142 0.324365 0
vt 0.738855 0.323216 0
vt 0.740583 0.317779 0
vt 0.740128 0.320979 0
vt 0.738855 0.323216 0
vt 0.740583 0.317779 0
vt 0.733735 0.305447 0
vt 0.738537 0.310733 0
vt 0.740583 0.317779 0
vt 0.733735 0.305447 0
vt 0.738537 0.310733 0
vt 0.740083 0.314226 0
vt 0.740583 0.317779 0
vt 0.738537 0.310733 0
vt 0.733735 0.305447 0
vt 0.736405 0.307663 0
vt 0.738537 0.310733 0
vt 0.733735 0.305447 0
vt 0.724983 0.30786 0
vt 0.728379 0.304292 0
vt 0.733735 0.305447 0
vt 0.724983 0.30786 0
vt 0.728379 0.304292 0
vt 0.730939 0.304284 0
vt 0.733735 0.305447 0
vt 0.728379 0.304292 0
vt 0.724983 0.30786 0
vt 0.726366 0.305591 0
vt 0.728379 0.304292 0
vt 0.724983 0.30786 0
vt 0.725162 0.314279 0
vt 0.724627 0.310804 0
vt 0.724983 0.30786 0
vt 0.725162 0.314279 0
vt 0.5 0.066189 0
vt 0.5 0.071138 0
vt 0.726589 0.317688 0
vt 0.5 0.066189 0
vt 0.726589 0.317688 0
vt 0.728738 0.320754 0
vt 0.5 0.066189 0
vt 0.726589 0.317688 0
vt 0.5 0.071138 0
vt 0.5 0.073608 0
vt 0.725162 0.314279 0
vt 0.5 0.071138 0
vt 0.725162 0.314279 0
vt 0.726589 0.317688 0
vt 0.5 0.071138 0
vt 0.725162 0.314279 0
vt 0.5 0.073608 0
vt 0.5 0.073428 0
vt 0.724627 0.310804 0
vt 0.5 0.073608 0
vt 0.724627 0.310804 0
vt 0.725162 0.314279 0
vt 0.5 0.073608 0
vt 0.724627 0.310804 0
vt 0.5 0.073428 0
vt 0.5 0.071064 0
vt 0.724983 0.30786 0
vt 0.5 0.073428 0
vt 0.724983 0.30786 0
vt 0.724627 0.310804 0
vt 0.5 0.073428 0
vt 0.724983 0.30786 0
vt 0.5 0.071064 0
vt 0.5 0.066298 0
vt 0.726366 0.305591 0
vt 0.5 0.071064 0
vt 0.726366 0.305591 0
vt 0.724983 0.30786 0
vt 0.5 0.071064 0
vt 0.726366 0.305591 0
vt 0.5 0.066298 0
vt 0.5 0.060316 0
vt 0.728379 0.304292 0
vt 0.5 0.066298 0
vt 0.728379 0.304292 0
vt 0.726366 0.305591 0
vt 0.5 0.066298 0
vt 0.728379 0.304292 0
vt 0.5 0.060316 0
vt 0.5 0.053349 0
vt 0.730939 0.304284 0
vt 0.5 0.060316 0
vt 0.730939 0.304284 0
vt 0.728379 0.304292 0
vt 0.5 0.060316 0
vt 0.730939 0.304284 0
vt 0.5 0.053349 0
vt 0.5 0.04602 0
vt 0.733735 0.305447 0
vt 0.5 0.053349 0
vt 0.733735 0.305447 0
vt 0.730939 0.304284 0
vt 0.5 0.053349 0
vt 0.733735 0.305447 0
vt 0.5 0.04602 0
vt 0.5 0.039137 0
vt 0.736405 0.307663 0
vt 0.5 0.04602 0
vt 0.736405 0.307663 0
vt 0.733735 0.305447 0
vt 0.5 0.04602 0
vt 0.736405 0.307663 0
vt 0.5 0.039137 0
vt 0.5 0.033744 0
vt 0.738537 0.310733 0
vt 0.5 0.039137 0
vt 0.738537 0.310733 0
vt 0.736405 0.307663 0
vt 0.5 0.039137 0
vt 0.738537 0.310733 0
vt 0.5 0.033744 0
vt 0.5 0.029928 0
vt 0.740083 0.314226 0
vt 0.5 0.033744 0
vt 0.740083 0.314226 0
vt 0.738537 0.310733 0
vt 0.5 0.033744 0
vt 0.740083 0.314226 0
vt 0.5 0.029928 0
vt 0.5 0.029126 0
vt 0.740583 0.317779 0
vt 0.5 0.029928 0
vt 0.740583 0.317779 0
vt 0.740083 0.314226 0
vt 0.5 0.029928 0
vt 0.740583 0.317779 0
vt 0.5 0.029126 0
vt 0.5 0.031203 0
vt 0.740128 0.320979 0
vt 0.5 0.029126 0
vt 0.740128 0.320979 0
vt 0.740583 0.317779 0
vt 0.5 0.029126 0
vt 0.740128 0.320979 0
vt 0.5 0.031203 0
vt 0.5 0.035739 0
vt 0.738855 0.323216 0
vt 0.5 0.031203 0
vt 0.738855 0.323216 0
vt 0.740128 0.320979 0
vt 0.5 0.031203 0
vt 0.738855 0.323216 0
vt 0.5 0.035739 0
vt 0.5 0.042721 0
vt 0.736768 0.32448 0
vt 0.5 0.035739 0
vt 0.736768 0.32448 0
vt 0.738855 0.323216 0
vt 0.5 0.035739 0
vt 0.736768 0.32448 0
vt 0.5 0.042721 0
vt 0.5 0.050999 0
vt 0.734142 0.324365 0
vt 0.5 0.042721 0
vt 0.734142 0.324365 0
vt 0.736768 0.32448 0
vt 0.5 0.042721 0
vt 0.734142 0.324365 0
vt 0.5 0.050999 0
vt 0.5 0.059091 0
vt 0.731389 0.323057 0
vt 0.5 0.050999 0
vt 0.731389 0.323057 0
vt 0.734142 0.324365 0
vt 0.5 0.050999 0
vt 0.731389 0.323057 0
vt 0.5 0.059091 0
vt 0.5 0.066189 0
vt 0.728738 0.320754 0
vt 0.5 0.059091 0
vt 0.728738 0.320754 0
vt 0.731389 0.323057 0
vt 0.5 0.059091 0
vt 0.728738 0.320754 0

f 5960/5976 5958/5974 5957/5973 
f 5960/5976 5959/5975 5958/5974 
f 5964/5980 5962/5978 5961/5977 
f 5964/5980 5963/5979 5962/5978 
f 5968/5984 5966/5982 5965/5981 
f 5968/5984 5967/5983 5966/5982 
f 5972/5988 5970/5986 5969/5985 
f 5972/5988 5971/5987 5970/5986 
f 5976/5992 5974/5990 5973/5989 
f 5976/5992 5975/5991 5974/5990 
f 5980/5996 5978/5994 5977/5993 
f 5980/5996 5979/5995 5978/5994 
f 5984/6000 5982/5998 5981/5997 
f 5984/6000 5983/5999 5982/5998 
f 5988/6004 5986/6002 5985/6001 
f 5988/6004 5987/6003 5986/6002 
f 5992/6008 5990/6006 5989/6005 
f 5992/6008 5991/6007 5990/6006 
f 5996/6012 5994/6010 5993/6009 
f 5996/6012 5995/6011 5994/6010 
f 6000/6016 5998/6014 5997/6013 
f 6000/6016 5999/6015 5998/6014 
f 6004/6020 6002/6018 6001/6017 
f 6004/6020 6003/6019 6002/6018 
f 6008/6024 6006/6022 6005/6021 
f 6008/6024 6007/6023 6006/6022 
f 6012/6028 6010/6026 6009/6025 
f 6012/6028 6011/6027 6010/6026 
f 6016/6032 6014/6030 6013/6029 
f 6016/6032 6015/6031 6014/6030 
f 6020/6036 6018/6034 6017/6033 
f 6020/6036 6019/6035 6018/6034 
f 6024/6040 6022/6038 6021/6037 
f 6024/6040 6023/6039 6022/6038 
f 6028/6044 6026/6042 6025/6041 
f 6028/6044 6027/6043 6026/6042 
f 6032/6048 6030/6046 6029/6045 
f 6032/6048 6031/6047 6030/6046 
f 6036/6052 6034/6050 6033/6049 
f 6036/6052 6035/6051 6034/6050 
f 6040/6056 6038/6054 6037/6053 
f 6040/6056 6039/6055 6038/6054 
f 6044/6060 6042/6058 6041/6057 
f 6044/6060 6043/6059 6042/6058 
f 6048/6064 6046/6062 6045/6061 
f 6048/6064 6047/6063 6046/6062 
f 6052/6068 6050/6066 6049/6065 
f 6052/6068 6051/6067 6050/6066 
f 6056/6072 6054/6070 6053/6069 
f 6056/6072 6055/6071 6054/6070 
f 6060/6076 6058/6074 6057/6073 
f 6060/6076 6059/6075 6058/6074 
f 6064/6080 6062/6078 6061/6077 
f 6064/6080 6063/6079 6062/6078 
f 6068/6084 6066/6082 6065/6081 
f 6068/6084 6067/6083 6066/6082 
f 6072/6088 6070/6086 6069/6085 
f 6072/6088 6071/6087 6070/6086 
f 6076/6092 6074/6090 6073/6089 
f 6076/6092 6075/6091 6074/6090 
f 6080/6096 6078/6094 6077/6093 
f 6080/6096 6079/6095 6078/6094 
f 6084/6100 6082/6098 6081/6097 
f 6084/6100 6083/6099 6082/6098 
f 6088/6104 6086/6102 6085/6101 
f 6088/6104 6087/6103 6086/6102 
f 6092/6108 6090/6106 6089/6105 
f 6092/6108 6091/6107 6090/6106 
f 6096/6112 6094/6110 6093/6109 
f 6096/6112 6095/6111 6094/6110 
f 6100/6116 6098/6114 6097/6113 
f 6100/6116 6099/6115 6098/6114 
f 6104/6120 6102/6118 6101/6117 
f 6104/6120 6103/6119 6102/6118 
f 6108/6124 6106/6122 6105/6121 
f 6108/6124 6107/6123 6106/6122 
f 6112/6128 6110/6126 6109/6125 
f 6112/6128 6111/6127 6110/6126 
f 6116/6132 6114/6130 6113/6129 
f 6116/6132 6115/6131 6114/6130 
f 6120/6136 6118/6134 6117/6133 
f 6120/6136 6119/6135 6118/6134 
f 6124/6140 6122/6138 6121/6137 
f 6124/6140 6123/6139 6122/6138 
f 6128/6144 6126/6142 6125/6141 
f 6128/6144 6127/6143 6126/6142 
f 6132/6148 6130/6146 6129/6145 
f 6132/6148 6131/6147 6130/6146 
f 6136/6152 6134/6150 6133/6149 
f 6136/6152 6135/6151 6134/6150 
f 6140/6156 6138/6154 6137/6153 
f 6140/6156 6139/6155 6138/6154 
f 6144/6160 6142/6158 6141/6157 
f 6144/6160 6143/6159 6142/6158 
f 6148/6164 6146/6162 6145/6161 
f 6148/6164 6147/6163 6146/6162 
f 6152/6168 6150/6166 6149/6165 
f 6152/6168 6151/6167 6150/6166 
f 6156/6172 6154/6170 6153/6169 
f 6156/6172 6155/6171 6154/6170 
f 6160/6176 6158/6174 6157/6173 
f 6160/6176 6159/6175 6158/6174 
f 6164/6180 6162/6178 6161/6177 
f 6164/6180 6163/6179 6162/6178 
f 6168/6184 6166/6182 6165/6181 
f 6168/6184 6167/6183 6166/6182 
f 6172/6188 6170/6186 6169/6185 
f 6172/6188 6171/6187 6170/6186 
f 6176/6192 6174/6190 6173/6189 
f 6176/6192 6175/6191 6174/6190 
f 6180/6196 6178/6194 6177/6193 
f 6180/6196 6179/6195 6178/6194 
f 6184/6200 6182/6198 6181/6197 
f 6184/6200 6183/6199 6182/6198 
f 6188/6204 6186/6202 6185/6201 
f 6188/6204 6187/6203 6186/6202 
f 6192/6208 6190/6206 6189/6205 
f 6192/6208 6191/6207 6190/6206 
f 6196/6212 6194/6210 6193/6209 
f 6196/6212 6195/6211 6194/6210 
f 6200/6216 6198/6214 6197/6213 
f 6200/6216 6199/6215 6198/6214 
f 6204/6220 6202/6218 6201/6217 
f 6204/6220 6203/6219 6202/6218 
f 6208/6224 6206/6222 6205/6221 
f 6208/6224 6207/6223 6206/6222 
f 6212/6228 6210/6226 6209/6225 
f 6212/6228 6211/6227 6210/6226 
f 6216/6232 6214/6230 6213/6229 
f 6216/6232 6215/6231 6214/6230 
f 6220/6236 6218/6234 6217/6233 
f 6220/6236 6219/6235 6218/6234 
f 6224/6240 6222/6238 6221/6237 
f 6224/6240 6223/6239 6222/6238 
f 6228/6244 6226/6242 6225/6241 
f 6228/6244 6227/6243 6226/6242 
f 6232/6248 6230/6246 6229/6245 
f 6232/6248 6231/6247 6230/6246 
f 6236/6252 6234/6250 6233/6249 
f 6236/6252 6235/6251 6234/6250 
f 6240/6256 6238/6254 6237/6253 
f 6240/6256 6239/6255 6238/6254 
f 6244/6260 6242/6258 6241/6257 
f 6244/6260 6243/6259 6242/6258 
f 6248/6264 6246/6262 6245/6261 
f 6248/6264 6247/6263 6246/6262 
f 6252/6268 6250/6266 6249/6265 
f 6252/6268 6251/6267 6250/6266 
f 6256/6272 6254/6270 6253/6269 
f 6256/6272 6255/6271 6254/6270 
f 6260/6276 6258/6274 6257/6273 
f 6260/6276 6259/6275 6258/6274 
f 6264/6280 6262/6278 6261/6277 
f 6264/6280 6263/6279 6262/6278 
f 6268/6284 6266/6282 6265/6281 
f 6268/6284 6267/6283 6266/6282 
f 6272/6288 6270/6286 6269/6285 
f 6272/6288 6271/6287 6270/6286 
f 6276/6292 6274/6290 6273/6289 
f 6276/6292 6275/6291 6274/6290 
f 6280/6296 6278/6294 6277/6293 
f 6280/6296 6279/6295 6278/6294 
f 6284/6300 6282/6298 6281/6297 
f 6284/6300 6283/6299 6282/6298 
f 6288/6304 6286/6302 6285/6301 
f 6288/6304 6287/6303 6286/6302 
f 6292/6308 6290/6306 6289/6305 
f 6292/6308 6291/6307 6290/6306 
f 6296/6312 6294/6310 6293/6309 
f 6296/6312 6295/6311 6294/6310 
f 6300/6316 6298/6314 6297/6313 
f 6300/6316 6299/6315 6298/6314 
f 6304/6320 6302/6318 6301/6317 
f 6304/6320 6303/6319 6302/6318 
f 6308/6324 6306/6322 6305/6321 
f 6308/6324 6307/6323 6306/6322 
f 6312/6328 6310/6326 6309/6325 
f 6312/6328 6311/6327 6310/6326 
f 6316/6332 6314/6330 6313/6329 
f 6316/6332 6315/6331 6314/6330 
f 6320/6336 6318/6334 6317/6333 
f 6320/6336 6319/6335 6318/6334 
f 6324/6340 6322/6338 6321/6337 
f 6324/6340 6323/6339 6322/6338 
f 6328/6344 6326/6342 6325/6341 
f 6328/6344 6327/6343 6326/6342 
f 6332/6348 6330/6346 6329/6345 
f 6332/6348 6331/6347 6330/6346 
f 6336/6352 6334/6350 6333/6349 
f 6336/6352 6335/6351 6334/6350 
f 6340/6356 6338/6354 6337/6353 
f 6340/6356 6339/6355 6338/6354 
f 6344/6360 6342/6358 6341/6357 
f 6344/6360 6343/6359 6342/6358 
f 6348/6364 6346/6362 6345/6361 
f 6348/6364 6347/6363 6346/6362 
f 6352/6368 6350/6366 6349/6365 
f 6352/6368 6351/6367 6350/6366 
f 6356/6372 6354/6370 6353/6369 
f 6356/6372 6355/6371 6354/6370 
f 6360/6376 6358/6374 6357/6373 
f 6360/6376 6359/6375 6358/6374 
f 6364/6380 6362/6378 6361/6377 
f 6364/6380 6363/6379 6362/6378 
f 6368/6384 6366/6382 6365/6381 
f 6368/6384 6367/6383 6366/6382 
f 6372/6388 6370/6386 6369/6385 
f 6372/6388 6371/6387 6370/6386 
f 6376/6392 6374/6390 6373/6389 
f 6376/6392 6375/6391 6374/6390 
f 6380/6396 6378/6394 6377/6393 
f 6380/6396 6379/6395 6378/6394 
f 6384/6400 6382/6398 6381/6397 
f 6384/6400 6383/6399 6382/6398 
f 6388/6404 6386/6402 6385/6401 
f 6388/6404 6387/6403 6386/6402 
f 6392/6408 6390/6406 6389/6405 
f 6392/6408 6391/6407 6390/6406 
f 6396/6412 6394/6410 6393/6409 
f 6396/6412 6395/6411 6394/6410 
f 6400/6416 6398/6414 6397/6413 
f 6400/6416 6399/6415 6398/6414 
f 6404/6420 6402/6418 6401/6417 
f 6404/6420 6403/6419 6402/6418 
f 6408/6424 6406/6422 6405/6421 
f 6408/6424 6407/6423 6406/6422 
f 6412/6428 6410/6426 6409/6425 
f 6412/6428 6411/6427 6410/6426 
f 6416/6432 6414/6430 6413/6429 
f 6416/6432 6415/6431 6414/6430 
f 6420/6436 6418/6434 6417/6433 
f 6420/6436 6419/6435 6418/6434 
f 6424/6440 6422/6438 6421/6437 
f 6424/6440 6423/6439 6422/6438 
f 6428/6444 6426/6442 6425/6441 
f 6428/6444 6427/6443 6426/6442 
f 6432/6448 6430/6446 6429/6445 
f 6432/6448 6431/6447 6430/6446 
f 6436/6452 6434/6450 6433/6449 
f 6436/6452 6435/6451 6434/6450 
f 6440/6456 6438/6454 6437/6453 
f 6440/6456 6439/6455 6438/6454 
f 6444/6460 6442/6458 6441/6457 
f 6444/6460 6443/6459 6442/6458 
f 6448/6464 6446/6462 6445/6461 
f 6448/6464 6447/6463 6446/6462 
f 6452/6468 6450/6466 6449/6465 
f 6452/6468 6451/6467 6450/6466 
f 6456/6472 6454/6470 6453/6469 
f 6456/6472 6455/6471 6454/6470 
f 6460/6476 6458/6474 6457/6473 
f 6460/6476 6459/6475 6458/6474 
f 6464/6480 6462/6478 6461/6477 
f 6464/6480 6463/6479 6462/6478 
f 6468/6484 6466/6482 6465/6481 
f 6468/6484 6467/6483 6466/6482 
f 6472/6488 6470/6486 6469/6485 
f 6472/6488 6471/6487 6470/6486 
f 6476/6492 6474/6490 6473/6489 
f 6476/6492 6475/6491 6474/6490 
f 6480/6496 6478/6494 6477/6493 
f 6480/6496 6479/6495 6478/6494 
f 6484/6500 6482/6498 6481/6497 
f 6484/6500 6483/6499 6482/6498 
f 6488/6504 6486/6502 6485/6501 
f 6488/6504 6487/6503 6486/6502 
f 6492/6508 6490/6506 6489/6505 
f 6492/6508 6491/6507 6490/6506 
f 6496/6512 6494/6510 6493/6509 
f 6496/6512 6495/6511 6494/6510 
f 6500/6516 6498/6514 6497/6513 
f 6500/6516 6499/6515 6498/6514 
f 6504/6520 6502/6518 6501/6517 
f 6504/6520 6503/6519 6502/6518 
f 6508/6524 6506/6522 6505/6521 
f 6508/6524 6507/6523 6506/6522 
f 6512/6528 6510/6526 6509/6525 
f 6512/6528 6511/6527 6510/6526 
f 6516/6532 6514/6530 6513/6529 
f 6516/6532 6515/6531 6514/6530 
f 6520/6536 6518/6534 6517/6533 
f 6520/6536 6519/6535 6518/6534 
f 6524/6540 6522/6538 6521/6537 
f 6524/6540 6523/6539 6522/6538 
f 6528/6544 6526/6542 6525/6541 
f 6528/6544 6527/6543 6526/6542 
f 6532/6548 6530/6546 6529/6545 
f 6532/6548 6531/6547 6530/6546 
f 6536/6552 6534/6550 6533/6549 
f 6536/6552 6535/6551 6534/6550 
f 6540/6556 6538/6554 6537/6553 
f 6540/6556 6539/6555 6538/6554 
f 6544/6560 6542/6558 6541/6557 
f 6544/6560 6543/6559 6542/6558 
f 6548/6564 6546/6562 6545/6561 
f 6548/6564 6547/6563 6546/6562 
f 6552/6568 6550/6566 6549/6565 
f 6552/6568 6551/6567 6550/6566 
f 6556/6572 6554/6570 6553/6569 
f 6556/6572 6555/6571 6554/6570 
f 6560/6576 6558/6574 6557/6573 
f 6560/6576 6559/6575 6558/6574 
f 6564/6580 6562/6578 6561/6577 
f 6564/6580 6563/6579 6562/6578 
f 6568/6584 6566/6582 6565/6581 
f 6568/6584 6567/6583 6566/6582 
f 6572/6588 6570/6586 6569/6585 
f 6572/6588 6571/6587 6570/6586 
f 6576/6592 6574/6590 6573/6589 
f 6576/6592 6575/6591 6574/6590 
f 6580/6596 6578/6594 6577/6593 
f 6580/6596 6579/6595 6578/6594 
f 6584/6600 6582/6598 6581/6597 
f 6584/6600 6583/6599 6582/6598 
f 6588/6604 6586/6602 6585/6601 
f 6588/6604 6587/6603 6586/6602 
f 6592/6608 6590/6606 6589/6605 
f 6592/6608 6591/6607 6590/6606 
f 6596/6612 6594/6610 6593/6609 
f 6596/6612 6595/6611 6594/6610 
f 6600/6616 6598/6614 6597/6613 
f 6600/6616 6599/6615 6598/6614 
f 6604/6620 6602/6618 6601/6617 
f 6604/6620 6603/6619 6602/6618 
f 6608/6624 6606/6622 6605/6621 
f 6608/6624 6607/6623 6606/6622 
f 6612/6628 6610/6626 6609/6625 
f 6612/6628 6611/6627 6610/6626 
f 6616/6632 6614/6630 6613/6629 
f 6616/6632 6615/6631 6614/6630 
f 6620/6636 6618/6634 6617/6633 
f 6620/6636 6619/6635 6618/6634 
f 6624/6640 6622/6638 6621/6637 
f 6624/6640 6623/6639 6622/6638 
f 6628/6644 6626/6642 6625/6641 
f 6628/6644 6627/6643 6626/6642 
f 6632/6648 6630/6646 6629/6645 
f 6632/6648 6631/6647 6630/6646 
f 6636/6652 6634/6650 6633/6649 
f 6636/6652 6635/6651 6634/6650 
f 6640/6656 6638/6654 6637/6653 
f 6640/6656 6639/6655 6638/6654 
f 6644/6660 6642/6658 6641/6657 
f 6644/6660 6643/6659 6642/6658 
f 6648/6664 6646/6662 6645/6661 
f 6648/6664 6647/6663 6646/6662 
f 6652/6668 6650/6666 6649/6665 
f 6652/6668 6651/6667 6650/6666 
f 6656/6672 6654/6670 6653/6669 
f 6656/6672 6655/6671 6654/6670 
f 6660/6676 6658/6674 6657/6673 
f 6660/6676 6659/6675 6658/6674 
f 6664/6680 6662/6678 6661/6677 
f 6664/6680 6663/6679 6662/6678 
f 6668/6684 6666/6682 6665/6681 
f 6668/6684 6667/6683 6666/6682 
f 6672/6688 6670/6686 6669/6685 
f 6672/6688 6671/6687 6670/6686 
f 6676/6692 6674/6690 6673/6689 
f 6676/6692 6675/6691 6674/6690 
f 6680/6696 6678/6694 6677/6693 
f 6680/6696 6679/6695 6678/6694 
f 6684/6700 6682/6698 6681/6697 
f 6684/6700 6683/6699 6682/6698 
f 6688/6704 6686/6702 6685/6701 
f 6688/6704 6687/6703 6686/6702 
f 6692/6708 6690/6706 6689/6705 
f 6692/6708 6691/6707 6690/6706 
f 6696/6712 6694/6710 6693/6709 
f 6696/6712 6695/6711 6694/6710 
f 6700/6716 6698/6714 6697/6713 
f 6700/6716 6699/6715 6698/6714 
f 6704/6720 6702/6718 6701/6717 
f 6704/6720 6703/6719 6702/6718 
f 6708/6724 6706/6722 6705/6721 
f 6708/6724 6707/6723 6706/6722 
f 6712/6728 6710/6726 6709/6725 
f 6712/6728 6711/6727 6710/6726 
f 6716/6732 6714/6730 6713/6729 
f 6716/6732 6715/6731 6714/6730 
f 6720/6736 6718/6734 6717/6733 
f 6720/6736 6719/6735 6718/6734 
f 6724/6740 6722/6738 6721/6737 
f 6724/6740 6723/6739 6722/6738 
f 6728/6744 6726/6742 6725/6741 
f 6728/6744 6727/6743 6726/6742 
f 6732/6748 6730/6746 6729/6745 
f 6732/6748 6731/6747 6730/6746 
f 6736/6752 6734/6750 6733/6749 
f 6736/6752 6735/6751 6734/6750 
f 6740/6756 6738/6754 6737/6753 
f 6740/6756 6739/6755 6738/6754 
f 6744/6760 6742/6758 6741/6757 
f 6744/6760 6743/6759 6742/6758 
f 6748/6764 6746/6762 6745/6761 
f 6748/6764 6747/6763 6746/6762 
f 6752/6768 6750/6766 6749/6765 
f 6752/6768 6751/6767 6750/6766 
f 6756/6772 6754/6770 6753/6769 
f 6756/6772 6755/6771 6754/6770 
f 6760/6776 6758/6774 6757/6773 
f 6760/6776 6759/6775 6758/6774 
f 6764/6780 6762/6778 6761/6777 
f 6764/6780 6763/6779 6762/6778 
f 6768/6784 6766/6782 6765/6781 
f 6768/6784 6767/6783 6766/6782 
f 6772/6788 6770/6786 6769/6785 
f 6772/6788 6771/6787 6770/6786 
f 6776/6792 6774/6790 6773/6789 
f 6776/6792 6775/6791 6774/6790 
f 6780/6796 6778/6794 6777/6793 
f 6780/6796 6779/6795 6778/6794 
f 6784/6800 6782/6798 6781/6797 
f 6784/6800 6783/6799 6782/6798 
f 6788/6804 6786/6802 6785/6801 
f 6788/6804 6787/6803 6786/6802 
f 6792/6808 6790/6806 6789/6805 
f 6792/6808 6791/6807 6790/6806 
f 6796/6812 6794/6810 6793/6809 
f 6796/6812 6795/6811 6794/6810 
f 6800/6816 6798/6814 6797/6813 
f 6800/6816 6799/6815 6798/6814 
f 6804/6820 6802/6818 6801/6817 
f 6804/6820 6803/6819 6802/6818 
f 6808/6824 6806/6822 6805/6821 
f 6808/6824 6807/6823 6806/6822 
f 6812/6828 6810/6826 6809/6825 
f 6812/6828 6811/6827 6810/6826 
f 6816/6832 6814/6830 6813/6829 
f 6816/6832 6815/6831 6814/6830 
f 6820/6836 6818/6834 6817/6833 
f 6820/6836 6819/6835 6818/6834 
f 6824/6840 6822/6838 6821/6837 
f 6824/6840 6823/6839 6822/6838 
f 6828/6844 6826/6842 6825/6841 
f 6828/6844 6827/6843 6826/6842 
f 6832/6848 6830/6846 6829/6845 
f 6832/6848 6831/6847 6830/6846 
f 6836/6852 6834/6850 6833/6849 
f 6836/6852 6835/6851 6834/6850 
f 6840/6856 6838/6854 6837/6853 
f 6840/6856 6839/6855 6838/6854 
f 6844/6860 6842/6858 6841/6857 
f 6844/6860 6843/6859 6842/6858 
f 6848/6864 6846/6862 6845/6861 
f 6848/6864 6847/6863 6846/6862 
f 6852/6868 6850/6866 6849/6865 
f 6852/6868 6851/6867 6850/6866 
f 6856/6872 6854/6870 6853/6869 
f 6856/6872 6855/6871 6854/6870 
f 6860/6876 6858/6874 6857/6873 
f 6860/6876 6859/6875 6858/6874 
f 6864/6880 6862/6878 6861/6877 
f 6864/6880 6863/6879 6862/6878 
f 6868/6884 6866/6882 6865/6881 
f 6868/6884 6867/6883 6866/6882 
f 6872/6888 6870/6886 6869/6885 
f 6872/6888 6871/6887 6870/6886 
f 6876/6892 6874/6890 6873/6889 
f 6876/6892 6875/6891 6874/6890 
f 6880/6896 6878/6894 6877/6893 
f 6880/6896 6879/6895 6878/6894 
f 6884/6900 6882/6898 6881/6897 
f 6884/6900 6883/6899 6882/6898 
f 6888/6904 6886/6902 6885/6901 
f 6888/6904 6887/6903 6886/6902 
f 6892/6908 6890/6906 6889/6905 
f 6892/6908 6891/6907 6890/6906 
f 6896/6912 6894/6910 6893/6909 
f 6896/6912 6895/6911 6894/6910 
f 6900/6916 6898/6914 6897/6913 
f 6900/6916 6899/6915 6898/6914 
f 6904/6920 6902/6918 6901/6917 
f 6904/6920 6903/6919 6902/6918 
f 6908/6924 6906/6922 6905/6921 
f 6908/6924 6907/6923 6906/6922 
f 6912/6928 6910/6926 6909/6925 
f 6912/6928 6911/6927 6910/6926 
f 6916/6932 6914/6930 6913/6929 
f 6916/6932 6915/6931 6914/6930 
f 6920/6936 6918/6934 6917/6933 
f 6920/6936 6919/6935 6918/6934 
f 6924/6940 6922/6938 6921/6937 
f 6924/6940 6923/6939 6922/6938 
f 6928/6944 6926/6942 6925/6941 
f 6928/6944 6927/6943 6926/6942 
f 6932/6948 6930/6946 6929/6945 
f 6932/6948 6931/6947 6930/6946 
f 6936/6952 6934/6950 6933/6949 
f 6936/6952 6935/6951 6934/6950 
f 6940/6956 6938/6954 6937/6953 
f 6940/6956 6939/6955 6938/6954 
f 6944/6960 6942/6958 6941/6957 
f 6944/6960 6943/6959 6942/6958 
f 6948/6964 6946/6962 6945/6961 
f 6948/6964 6947/6963 6946/6962 
f 6952/6968 6950/6966 6949/6965 
f 6952/6968 6951/6967 6950/6966 
f 6956/6972 6954/6970 6953/6969 
f 6956/6972 6955/6971 6954/6970 
f 6960/6976 6958/6974 6957/6973 
f 6960/6976 6959/6975 6958/6974 
f 6964/6980 6962/6978 6961/6977 
f 6964/6980 6963/6979 6962/6978 
f 6968/6984 6966/6982 6965/6981 
f 6968/6984 6967/6983 6966/6982 
f 6972/6988 6970/6986 6969/6985 
f 6972/6988 6971/6987 6970/6986 
f 6976/6992 6974/6990 6973/6989 
f 6976/6992 6975/6991 6974/6990 
f 6980/6996 6978/6994 6977/6993 
f 6980/6996 6979/6995 6978/6994 
f 6984/7000 6982/6998 6981/6997 
f 6984/7000 6983/6999 6982/6998 
f 6988/7004 6986/7002 6985/7001 
f 6988/7004 6987/7003 6986/7002 
f 6992/7008 6990/7006 6989/7005 
f 6992/7008 6991/7007 6990/7006 
f 6996/7012 6994/7010 6993/7009 
f 6996/7012 6995/7011 6994/7010 
f 7000/7016 6998/7014 6997/7013 
f 7000/7016 6999/7015 6998/7014 
f 7004/7020 7002/7018 7001/7017 
f 7004/7020 7003/7019 7002/7018 
f 7008/7024 7006/7022 7005/7021 
f 7008/7024 7007/7023 7006/7022 
f 7012/7028 7010/7026 7009/7025 
f 7012/7028 7011/7027 7010/7026 
f 7016/7032 7014/7030 7013/7029 
f 7016/7032 7015/7031 7014/7030 
f 7020/7036 7018/7034 7017/7033 
f 7020/7036 7019/7035 7018/7034 
f 7024/7040 7022/7038 7021/7037 
f 7024/7040 7023/7039 7022/7038 
f 7028/7044 7026/7042 7025/7041 
f 7028/7044 7027/7043 7026/7042 
f 7032/7048 7030/7046 7029/7045 
f 7032/7048 7031/7047 7030/7046 
f 7036/7052 7034/7050 7033/7049 
f 7036/7052 7035/7051 7034/7050 
f 7040/7056 7038/7054 7037/7053 
f 7040/7056 7039/7055 7038/7054 
f 7044/7060 7042/7058 7041/7057 
f 7044/7060 7043/7059 7042/7058 
f 7048/7064 7046/7062 7045/7061 
f 7048/7064 7047/7063 7046/7062 
f 7052/7068 7050/7066 7049/7065 
f 7052/7068 7051/7067 7050/7066 
f 7056/7072 7054/7070 7053/7069 
f 7056/7072 7055/7071 7054/7070 
f 7060/7076 7058/7074 7057/7073 
f 7060/7076 7059/7075 7058/7074 
f 7064/7080 7062/7078 7061/7077 
f 7064/7080 7063/7079 7062/7078 
f 7068/7084 7066/7082 7065/7081 
f 7068/7084 7067/7083 7066/7082 
f 7072/7088 7070/7086 7069/7085 
f 7072/7088 7071/7087 7070/7086 
f 7076/7092 7074/7090 7073/7089 
f 7076/7092 7075/7091 7074/7090 
f 7080/7096 7078/7094 7077/7093 
f 7080/7096 7079/7095 7078/7094 
f 7084/7100 7082/7098 7081/7097 
f 7084/7100 7083/7099 7082/7098 
f 7088/7104 7086/7102 7085/7101 
f 7088/7104 7087/7103 7086/7102 
f 7092/7108 7090/7106 7089/7105 
f 7092/7108 7091/7107 7090/7106 
f 7096/7112 7094/7110 7093/7109 
f 7096/7112 7095/7111 7094/7110 
f 7100/7116 7098/7114 7097/7113 
f 7100/7116 7099/7115 7098/7114 
f 7104/7120 7102/7118 7101/7117 
f 7104/7120 7103/7119 7102/7118 
f 7108/7124 7106/7122 7105/7121 
f 7108/7124 7107/7123 7106/7122 
f 7112/7128 7110/7126 7109/7125 
f 7112/7128 7111/7127 7110/7126 
f 7116/7132 7114/7130 7113/7129 
f 7116/7132 7115/7131 7114/7130 
f 7120/7136 7118/7134 7117/7133 
f 7120/7136 7119/7135 7118/7134 
f 7124/7140 7122/7138 7121/7137 
f 7124/7140 7123/7139 7122/7138 
f 7128/7144 7126/7142 7125/7141 
f 7128/7144 7127/7143 7126/7142 
f 7132/7148 7130/7146 7129/7145 
f 7132/7148 7131/7147 7130/7146 
f 7136/7152 7134/7150 7133/7149 
f 7136/7152 7135/7151 7134/7150 
f 7140/7156 7138/7154 7137/7153 
f 7140/7156 7139/7155 7138/7154 
f 7144/7160 7142/7158 7141/7157 
f 7144/7160 7143/7159 7142/7158 
f 7148/7164 7146/7162 7145/7161 
f 7148/7164 7147/7163 7146/7162 
f 7152/7168 7150/7166 7149/7165 
f 7152/7168 7151/7167 7150/7166 
f 7156/7172 7154/7170 7153/7169 
f 7156/7172 7155/7171 7154/7170 
f 7160/7176 7158/7174 7157/7173 
f 7160/7176 7159/7175 7158/7174 
f 7164/7180 7162/7178 7161/7177 
f 7164/7180 7163/7179 7162/7178 
f 7168/7184 7166/7182 7165/7181 
f 7168/7184 7167/7183 7166/7182 
f 7172/7188 7170/7186 7169/7185 
f 7172/7188 7171/7187 7170/7186 
f 7176/7192 7174/7190 7173/7189 
f 7176/7192 7175/7191 7174/7190 
f 7180/7196 7178/7194 7177/7193 
f 7180/7196 7179/7195 7178/7194 
f 7184/7200 7182/7198 7181/7197 
f 7184/7200 7183/7199 7182/7198 
f 7188/7204 7186/7202 7185/7201 
f 7188/7204 7187/7203 7186/7202 
f 7192/7208 7190/7206 7189/7205 
f 7192/7208 7191/7207 7190/7206 
f 7196/7212 7194/7210 7193/7209 
f 7196/7212 7195/7211 7194/7210 
f 7200/7216 7198/7214 7197/7213 
f 7200/7216 7199/7215 7198/7214 
f 7204/7220 7202/7218 7201/7217 
f 7204/7220 7203/7219 7202/7218 
f 7208/7224 7206/7222 7205/7221 
f 7208/7224 7207/7223 7206/7222 
f 7212/7228 7210/7226 7209/7225 
f 7212/7228 7211/7227 7210/7226 
f 7216/7232 7214/7230 7213/7229 
f 7216/7232 7215/7231 7214/7230 
f 7220/7236 7218/7234 7217/7233 
f 7220/7236 7219/7235 7218/7234 
f 7224/7240 7222/7238 7221/7237 
f 7224/7240 7223/7239 7222/7238 
f 7228/7244 7226/7242 7225/7241 
f 7228/7244 7227/7243 7226/7242 
f 7232/7248 7230/7246 7229/7245 
f 7232/7248 7231/7247 7230/7246 
f 7236/7252 7234/7250 7233/7249 
f 7236/7252 7235/7251 7234/7250 
f 7240/7256 7238/7254 7237/7253 
f 7240/7256 7239/7255 7238/7254 
f 7244/7260 7242/7258 7241/7257 
f 7244/7260 7243/7259 7242/7258 
f 7248/7264 7246/7262 7245/7261 
f 7248/7264 7247/7263 7246/7262 
f 7252/7268 7250/7266 7249/7265 
f 7252/7268 7251/7267 7250/7266 
f 7256/7272 7254/7270 7253/7269 
f 7256/7272 7255/7271 7254/7270 
f 7260/7276 7258/7274 7257/7273 
f 7260/7276 7259/7275 7258/7274 
f 7264/7280 7262/7278 7261/7277 
f 7264/7280 7263/7279 7262/7278 
f 7268/7284 7266/7282 7265/7281 
f 7268/7284 7267/7283 7266/7282 
f 7272/7288 7270/7286 7269/7285 
f 7272/7288 7271/7287 7270/7286 
f 7276/7292 7274/7290 7273/7289 
f 7276/7292 7275/7291 7274/7290 
f 7280/7296 7278/7294 7277/7293 
f 7280/7296 7279/7295 7278/7294 
f 7284/7300 7282/7298 7281/7297 
f 7284/7300 7283/7299 7282/7298 
f 7288/7304 7286/7302 7285/7301 
f 7288/7304 7287/7303 7286/7302 
f 7292/7308 7290/7306 7289/7305 
f 7292/7308 7291/7307 7290/7306 
f 7296/7312 7294/7310 7293/7309 
f 7296/7312 7295/7311 7294/7310 
f 7300/7316 7298/7314 7297/7313 
f 7300/7316 7299/7315 7298/7314 
f 7304/7320 7302/7318 7301/7317 
f 7304/7320 7303/7319 7302/7318 
f 7308/7324 7306/7322 7305/7321 
f 7308/7324 7307/7323 7306/7322 
f 7312/7328 7310/7326 7309/7325 
f 7312/7328 7311/7327 7310/7326 
f 7316/7332 7314/7330 7313/7329 
f 7316/7332 7315/7331 7314/7330 
f 7320/7336 7318/7334 7317/7333 
f 7320/7336 7319/7335 7318/7334 
f 7324/7340 7322/7338 7321/7337 
f 7324/7340 7323/7339 7322/7338 
f 7328/7344 7326/7342 7325/7341 
f 7328/7344 7327/7343 7326/7342 
f 7332/7348 7330/7346 7329/7345 
f 7332/7348 7331/7347 7330/7346 
f 7336/7352 7334/7350 7333/7349 
f 7336/7352 7335/7351 7334/7350 
f 7340/7356 7338/7354 7337/7353 
f 7340/7356 7339/7355 7338/7354 
f 7344/7360 7342/7358 7341/7357 
f 7344/7360 7343/7359 7342/7358 
f 7348/7364 7346/7362 7345/7361 
f 7348/7364 7347/7363 7346/7362 
f 7352/7368 7350/7366 7349/7365 
f 7352/7368 7351/7367 7350/7366 
f 7356/7372 7354/7370 7353/7369 
f 7356/7372 7355/7371 7354/7370 
f 7360/7376 7358/7374 7357/7373 
f 7360/7376 7359/7375 7358/7374 
f 7364/7380 7362/7378 7361/7377 
f 7364/7380 7363/7379 7362/7378 
f 7368/7384 7366/7382 7365/7381 
f 7368/7384 7367/7383 7366/7382 
f 7372/7388 7370/7386 7369/7385 
f 7372/7388 7371/7387 7370/7386 
f 7376/7392 7374/7390 7373/7389 
f 7376/7392 7375/7391 7374/7390 
f 7380/7396 7378/7394 7377/7393 
f 7380/7396 7379/7395 7378/7394 
f 7384/7400 7382/7398 7381/7397 
f 7384/7400 7383/7399 7382/7398 
f 7388/7404 7386/7402 7385/7401 
f 7388/7404 7387/7403 7386/7402 
f 7392/7408 7390/7406 7389/7405 
f 7392/7408 7391/7407 7390/7406 
f 7396/7412 7394/7410 7393/7409 
f 7396/7412 7395/7411 7394/7410 
f 7400/7416 7398/7414 7397/7413 
f 7400/7416 7399/7415 7398/7414 
f 7404/7420 7402/7418 7401/7417 
f 7404/7420 7403/7419 7402/7418 
f 7408/7424 7406/7422 7405/7421 
f 7408/7424 7407/7423 7406/7422 
f 7412/7428 7410/7426 7409/7425 
f 7412/7428 7411/7427 7410/7426 
f 7416/7432 7414/7430 7413/7429 
f 7416/7432 7415/7431 7414/7430 
f 7420/7436 7418/7434 7417/7433 
f 7420/7436 7419/7435 7418/7434 
f 7424/7440 7422/7438 7421/7437 
f 7424/7440 7423/7439 7422/7438 
f 7428/7444 7426/7442 7425/7441 
f 7428/7444 7427/7443 7426/7442 
f 7432/7448 7430/7446 7429/7445 
f 7432/7448 7431/7447 7430/7446 
f 7436/7452 7434/7450 7433/7449 
f 7436/7452 7435/7451 7434/7450 
f 7440/7456 7438/7454 7437/7453 
f 7440/7456 7439/7455 7438/7454 
f 7444/7460 7442/7458 7441/7457 
f 7444/7460 7443/7459 7442/7458 
f 7448/7464 7446/7462 7445/7461 
f 7448/7464 7447/7463 7446/7462 
f 7452/7468 7450/7466 7449/7465 
f 7452/7468 7451/7467 7450/7466 
f 7456/7472 7454/7470 7453/7469 
f 7456/7472 7455/7471 7454/7470 
f 7460/7476 7458/7474 7457/7473 
f 7460/7476 7459/7475 7458/7474 
f 7464/7480 7462/7478 7461/7477 
f 7464/7480 7463/7479 7462/7478 
f 7468/7484 7466/7482 7465/7481 
f 7468/7484 7467/7483 7466/7482 
f 7472/7488 7470/7486 7469/7485 
f 7472/7488 7471/7487 7470/7486 
f 7476/7492 7474/7490 7473/7489 
f 7476/7492 7475/7491 7474/7490 
f 7480/7496 7478/7494 7477/7493 
f 7480/7496 7479/7495 7478/7494 
f 7484/7500 7482/7498 7481/7497 
f 7484/7500 7483/7499 7482/7498 
f 7488/7504 7486/7502 7485/7501 
f 7488/7504 7487/7503 7486/7502 
f 7492/7508 7490/7506 7489/7505 
f 7492/7508 7491/7507 7490/7506 
f 7496/7512 7494/7510 7493/7509 
f 7496/7512 7495/7511 7494/7510 
f 7500/7516 7498/7514 7497/7513 
f 7500/7516 7499/7515 7498/7514 
f 7504/7520 7502/7518 7501/7517 
f 7504/7520 7503/7519 7502/7518 
f 7508/7524 7506/7522 7505/7521 
f 7508/7524 7507/7523 7506/7522 
f 7512/7528 7510/7526 7509/7525 
f 7512/7528 7511/7527 7510/7526 
f 7516/7532 7514/7530 7513/7529 
f 7516/7532 7515/7531 7514/7530 
f 7520/7536 7518/7534 7517/7533 
f 7520/7536 7519/7535 7518/7534 
f 7524/7540 7522/7538 7521/7537 
f 7524/7540 7523/7539 7522/7538 
f 7528/7544 7526/7542 7525/7541 
f 7528/7544 7527/7543 7526/7542 
f 7532/7548 7530/7546 7529/7545 
f 7532/7548 7531/7547 7530/7546 
f 7536/7552 7534/7550 7533/7549 
f 7536/7552 7535/7551 7534/7550 
f 7540/7556 7538/7554 7537/7553 
f 7540/7556 7539/7555 7538/7554 
f 7544/7560 7542/7558 7541/7557 
f 7544/7560 7543/7559 7542/7558 
f 7548/7564 7546/7562 7545/7561 
f 7548/7564 7547/7563 7546/7562 
f 7552/7568 7550/7566 7549/7565 
f 7552/7568 7551/7567 7550/7566 
f 7556/7572 7554/7570 7553/7569 
f 7556/7572 7555/7571 7554/7570 
f 7560/7576 7558/7574 7557/7573 
f 7560/7576 7559/7575 7558/7574 
f 7564/7580 7562/7578 7561/7577 
f 7564/7580 7563/7579 7562/7578 
f 7568/7584 7566/7582 7565/7581 
f 7568/7584 7567/7583 7566/7582 
f 7572/7588 7570/7586 7569/7585 
f 7572/7588 7571/7587 7570/7586 
f 7576/7592 7574/7590 7573/7589 
f 7576/7592 7575/7591 7574/7590 
f 7580/7596 7578/7594 7577/7593 
f 7580/7596 7579/7595 7578/7594 
f 7584/7600 7582/7598 7581/7597 
f 7584/7600 7583/7599 7582/7598 
f 7588/7604 7586/7602 7585/7601 
f 7588/7604 7587/7603 7586/7602 
f 7592/7608 7590/7606 7589/7605 
f 7592/7608 7591/7607 7590/7606 
f 7596/7612 7594/7610 7593/7609 
f 7596/7612 7595/7611 7594/7610 
f 7600/7616 7598/7614 7597/7613 
f 7600/7616 7599/7615 7598/7614 
f 7604/7620 7602/7618 7601/7617 
f 7604/7620 7603/7619 7602/7618 
f 7608/7624 7606/7622 7605/7621 
f 7608/7624 7607/7623 7606/7622 
f 7612/7628 7610/7626 7609/7625 
f 7612/7628 7611/7627 7610/7626 
f 7616/7632 7614/7630 7613/7629 
f 7616/7632 7615/7631 7614/7630 
f 7620/7636 7618/7634 7617/7633 
f 7620/7636 7619/7635 7618/7634 
f 7624/7640 7622/7638 7621/7637 
f 7624/7640 7623/7639 7622/7638 
f 7628/7644 7626/7642 7625/7641 
f 7628/7644 7627/7643 7626/7642 
f 7632/7648 7630/7646 7629/7645 
f 7632/7648 7631/7647 7630/7646 
f 7636/7652 7634/7650 7633/7649 
f 7636/7652 7635/7651 7634/7650 
f 7640/7656 7638/7654 7637/7653 
f 7640/7656 7639/7655 7638/7654 
f 7644/7660 7642/7658 7641/7657 
f 7644/7660 7643/7659 7642/7658 
f 7648/7664 7646/7662 7645/7661 
f 7648/7664 7647/7663 7646/7662 
f 7652/7668 7650/7666 7649/7665 
f 7652/7668 7651/7667 7650/7666 
f 7656/7672 7654/7670 7653/7669 
f 7656/7672 7655/7671 7654/7670 
f 7660/7676 7658/7674 7657/7673 
f 7660/7676 7659/7675 7658/7674 
f 7664/7680 7662/7678 7661/7677 
f 7664/7680 7663/7679 7662/7678 
f 7668/7684 7666/7682 7665/7681 
f 7668/7684 7667/7683 7666/7682 
f 7672/7688 7670/7686 7669/7685 
f 7672/7688 7671/7687 7670/7686 
f 7676/7692 7674/7690 7673/7689 
f 7676/7692 7675/7691 7674/7690 
f 7680/7696 7678/7694 7677/7693 
f 7680/7696 7679/7695 7678/7694 
f 7684/7700 7682/7698 7681/7697 
f 7684/7700 7683/7699 7682/7698 
f 7688/7704 7686/7702 7685/7701 
f 7688/7704 7687/7703 7686/7702 
f 7692/7708 7690/7706 7689/7705 
f 7692/7708 7691/7707 7690/7706 
f 7696/7712 7694/7710 7693/7709 
f 7696/7712 7695/7711 7694/7710 
f 7700/7716 7698/7714 7697/7713 
f 7700/7716 7699/7715 7698/7714 
f 7704/7720 7702/7718 7701/7717 
f 7704/7720 7703/7719 7702/7718 
f 7708/7724 7706/7722 7705/7721 
f 7708/7724 7707/7723 7706/7722 
f 7712/7728 7710/7726 7709/7725 
f 7712/7728 7711/7727 7710/7726 
f 7716/7732 7714/7730 7713/7729 
f 7716/7732 7715/7731 7714/7730 
f 7720/7736 7718/7734 7717/7733 
f 7720/7736 7719/7735 7718/7734 
f 7724/7740 7722/7738 7721/7737 
f 7724/7740 7723/7739 7722/7738 
f 7728/7744 7726/7742 7725/7741 
f 7728/7744 7727/7743 7726/7742 
f 7732/7748 7730/7746 7729/7745 
f 7732/7748 7731/7747 7730/7746 
f 7736/7752 7734/7750 7733/7749 
f 7736/7752 7735/7751 7734/7750 
f 7740/7756 7738/7754 7737/7753 
f 7740/7756 7739/7755 7738/7754 
f 7744/7760 7742/7758 7741/7757 
f 7744/7760 7743/7759 7742/7758 
f 7748/7764 7746/7762 7745/7761 
f 7748/7764 7747/7763 7746/7762 
f 7752/7768 7750/7766 7749/7765 
f 7752/7768 7751/7767 7750/7766 
f 7756/7772 7754/7770 7753/7769 
f 7756/7772 7755/7771 7754/7770 
f 7760/7776 7758/7774 7757/7773 
f 7760/7776 7759/7775 7758/7774 
f 7764/7780 7762/7778 7761/7777 
f 7764/7780 7763/7779 7762/7778 
f 7768/7784 7766/7782 7765/7781 
f 7768/7784 7767/7783 7766/7782 
f 7772/7788 7770/7786 7769/7785 
f 7772/7788 7771/7787 7770/7786 
f 7776/7792 7774/7790 7773/7789 
f 7776/7792 7775/7791 7774/7790 
f 7780/7796 7778/7794 7777/7793 
f 7780/7796 7779/7795 7778/7794 
f 7784/7800 7782/7798 7781/7797 
f 7784/7800 7783/7799 7782/7798 
f 7788/7804 7786/7802 7785/7801 
f 7788/7804 7787/7803 7786/7802 
f 7792/7808 7790/7806 7789/7805 
f 7792/7808 7791/7807 7790/7806 
f 7796/7812 7794/7810 7793/7809 
f 7796/7812 7795/7811 7794/7810 
f 7800/7816 7798/7814 7797/7813 
f 7800/7816 7799/7815 7798/7814 
f 7804/7820 7802/7818 7801/7817 
f 7804/7820 7803/7819 7802/7818 
f 7808/7824 7806/7822 7805/7821 
f 7808/7824 7807/7823 7806/7822 
f 7812/7828 7810/7826 7809/7825 
f 7812/7828 7811/7827 7810/7826 
f 7816/7832 7814/7830 7813/7829 
f 7816/7832 7815/7831 7814/7830 
f 7820/7836 7818/7834 7817/7833 
f 7820/7836 7819/7835 7818/7834 
f 7824/7840 7822/7838 7821/7837 
f 7824/7840 7823/7839 7822/7838 
f 7828/7844 7826/7842 7825/7841 
f 7828/7844 7827/7843 7826/7842 
f 7832/7848 7830/7846 7829/7845 
f 7832/7848 7831/7847 7830/7846 
f 7836/7852 7834/7850 7833/7849 
f 7836/7852 7835/7851 7834/7850 
f 7840/7856 7838/7854 7837/7853 
f 7840/7856 7839/7855 7838/7854 
f 7844/7860 7842/7858 7841/7857 
f 7844/7860 7843/7859 7842/7858 
f 7848/7864 7846/7862 7845/7861 
f 7848/7864 7847/7863 7846/7862 
f 7852/7868 7850/7866 7849/7865 
f 7852/7868 7851/7867 7850/7866 
f 7856/7872 7854/7870 7853/7869 
f 7856/7872 7855/7871 7854/7870 
f 7860/7876 7858/7874 7857/7873 
f 7860/7876 7859/7875 7858/7874 
f 7864/7880 7862/7878 7861/7877 
f 7864/7880 7863/7879 7862/7878 
f 7868/7884 7866/7882 7865/7881 
f 7868/7884 7867/7883 7866/7882 
f 7872/7888 7870/7886 7869/7885 
f 7872/7888 7871/7887 7870/7886 
f 7876/7892 7874/7890 7873/7889 
f 7876/7892 7875/7891 7874/7890 
f 7880/7896 7878/7894 7877/7893 
f 7880/7896 7879/7895 7878/7894 
f 7884/7900 7882/7898 7881/7897 
f 7884/7900 7883/7899 7882/7898 
f 7888/7904 7886/7902 7885/7901 
f 7888/7904 7887/7903 7886/7902 
f 7892/7908 7890/7906 7889/7905 
f 7892/7908 7891/7907 7890/7906 
f 7896/7912 7894/7910 7893/7909 
f 7896/7912 7895/7911 7894/7910 
f 7900/7916 7898/7914 7897/7913 
f 7900/7916 7899/7915 7898/7914 
f 7904/7920 7902/7918 7901/7917 
f 7904/7920 7903/7919 7902/7918 
f 7908/7924 7906/7922 7905/7921 
f 7908/7924 7907/7923 7906/7922 
f 7912/7928 7910/7926 7909/7925 
f 7912/7928 7911/7927 7910/7926 
f 7916/7932 7914/7930 7913/7929 
f 7916/7932 7915/7931 7914/7930 
f 7920/7936 7918/7934 7917/7933 
f 7920/7936 7919/7935 7918/7934 
f 7924/7940 7922/7938 7921/7937 
f 7924/7940 7923/7939 7922/7938 
f 7928/7944 7926/7942 7925/7941 
f 7928/7944 7927/7943 7926/7942 
f 7932/7948 7930/7946 7929/7945 
f 7932/7948 7931/7947 7930/7946 
f 7936/7952 7934/7950 7933/7949 
f 7936/7952 7935/7951 7934/7950 
f 7940/7956 7938/7954 7937/7953 
f 7940/7956 7939/7955 7938/7954 
f 7944/7960 7942/7958 7941/7957 
f 7944/7960 7943/7959 7942/7958 
f 7948/7964 7946/7962 7945/7961 
f 7948/7964 7947/7963 7946/7962 
f 7952/7968 7950/7966 7949/7965 
f 7952/7968 7951/7967 7950/7966 
f 7956/7972 7954/7970 7953/7969 
f 7956/7972 7955/7971 7954/7970 
f 7960/7976 7958/7974 7957/7973 
f 7960/7976 7959/7975 7958/7974 
f 7964/7980 7962/7978 7961/7977 
f 7964/7980 7963/7979 7962/7978 
f 7968/7984 7966/7982 7965/7981 
f 7968/7984 7967/7983 7966/7982 
f 7972/7988 7970/7986 7969/7985 
f 7972/7988 7971/7987 7970/7986 
f 7976/7992 7974/7990 7973/7989 
f 7976/7992 7975/7991 7974/7990 
f 7980/7996 7978/7994 7977/7993 
f 7980/7996 7979/7995 7978/7994 
f 7984/8000 7982/7998 7981/7997 
f 7984/8000 7983/7999 7982/7998 
f 7988/8004 7986/8002 7985/8001 
f 7988/8004 7987/8003 7986/8002 
f 7992/8008 7990/8006 7989/8005 
f 7992/8008 7991/8007 7990/8006 
f 7996/8012 7994/8010 7993/8009 
f 7996/8012 7995/8011 7994/8010 
f 8000/8016 7998/8014 7997/8013 
f 8000/8016 7999/8015 7998/8014 
f 8004/8020 8002/8018 8001/8017 
f 8004/8020 8003/8019 8002/8018 
f 8008/8024 8006/8022 8005/8021 
f 8008/8024 8007/8023 8006/8022 
f 8012/8028 8010/8026 8009/8025 
f 8012/8028 8011/8027 8010/8026 
f 8016/8032 8014/8030 8013/8029 
f 8016/8032 8015/8031 8014/8030 
f 8020/8036 8018/8034 8017/8033 
f 8020/8036 8019/8035 8018/8034 
f 8024/8040 8022/8038 8021/8037 
f 8024/8040 8023/8039 8022/8038 
f 8028/8044 8026/8042 8025/8041 
f 8028/8044 8027/8043 8026/8042 
f 8032/8048 8030/8046 8029/8045 
f 8032/8048 8031/8047 8030/8046 
f 8036/8052 8034/8050 8033/8049 
f 8036/8052 8035/8051 8034/8050 
f 8040/8056 8038/8054 8037/8053 
f 8040/8056 8039/8055 8038/8054 
f 8044/8060 8042/8058 8041/8057 
f 8044/8060 8043/8059 8042/8058 
f 8048/8064 8046/8062 8045/8061 
f 8048/8064 8047/8063 8046/8062 
f 8052/8068 8050/8066 8049/8065 
f 8052/8068 8051/8067 8050/8066 
f 8056/8072 8054/8070 8053/8069 
f 8056/8072 8055/8071 8054/8070 
f 8060/8076 8058/8074 8057/8073 
f 8060/8076 8059/8075 8058/8074 
f 8064/8080 8062/8078 8061/8077 
f 8064/8080 8063/8079 8062/8078 
f 8068/8084 8066/8082 8065/8081 
f 8068/8084 8067/8083 8066/8082 
f 8072/8088 8070/8086 8069/8085 
f 8072/8088 8071/8087 8070/8086 
f 8076/8092 8074/8090 8073/8089 
f 8076/8092 8075/8091 8074/8090 
f 8080/8096 8078/8094 8077/8093 
f 8080/8096 8079/8095 8078/8094 
f 8084/8100 8082/8098 8081/8097 
f 8084/8100 8083/8099 8082/8098 
f 8088/8104 8086/8102 8085/8101 
f 8088/8104 8087/8103 8086/8102 
f 8092/8108 8090/8106 8089/8105 
f 8092/8108 8091/8107 8090/8106 
f 8096/8112 8094/8110 8093/8109 
f 8096/8112 8095/8111 8094/8110 
f 8100/8116 8098/8114 8097/8113 
f 8100/8116 8099/8115 8098/8114 
f 8104/8120 8102/8118 8101/8117 
f 8104/8120 8103/8119 8102/8118 
f 8108/8124 8106/8122 8105/8121 
f 8108/8124 8107/8123 8106/8122 
f 8112/8128 8110/8126 8109/8125 
f 8112/8128 8111/8127 8110/8126 
f 8116/8132 8114/8130 8113/8129 
f 8116/8132 8115/8131 8114/8130 
f 8120/8136 8118/8134 8117/8133 
f 8120/8136 8119/8135 8118/8134 
f 8124/8140 8122/8138 8121/8137 
f 8124/8140 8123/8139 8122/8138 
f 8128/8144 8126/8142 8125/8141 
f 8128/8144 8127/8143 8126/8142 
f 8132/8148 8130/8146 8129/8145 
f 8132/8148 8131/8147 8130/8146 

g objects_dwg Face_1
usemtl szk_o_ok
v 21.460714 186.708337 12.196436
v -5.825 186.708337 12.208337
v -5.825 3.315476 12.208337
v 21.460714 186.708337 12.196436
v -5.825 3.315476 12.208337
v 21.460714 3.315476 12.196436
v 21.460714 186.708337 12.196436
v -5.825 3.315476 12.208337
v -5.825 186.708337 12.208337
v -11.634525 186.708337 12.208337
v -11.634525 3.315476 12.208337
v -5.825 186.708337 12.208337
v -11.634525 3.315476 12.208337
v -5.825 3.315476 12.208337
v -5.825 186.708337 12.208337
v -11.634525 3.315476 12.208337
v -11.634525 186.708337 12.208337
v -17.414288 186.708337 11.589288
v -17.414288 3.315476 11.589288
v -11.634525 186.708337 12.208337
v -17.414288 3.315476 11.589288
v -11.634525 3.315476 12.208337
v -11.634525 186.708337 12.208337
v -17.414288 3.315476 11.589288
v -17.414288 186.708337 11.589288
v -23.098813 186.708337 10.357147
v -23.098813 3.315476 10.357147
v -17.414288 186.708337 11.589288
v -23.098813 3.315476 10.357147
v -17.414288 3.315476 11.589288
v -17.414288 186.708337 11.589288
v -23.098813 3.315476 10.357147
v -61.777386 186.708337 -29.363092
v -62.848816 186.708337 -35.071426
v -62.848816 3.315476 -35.071426
v -61.777386 186.708337 -29.363092
v -62.848816 3.315476 -35.071426
v -61.777386 3.315476 -29.363092
v -61.777386 186.708337 -29.363092
v -62.848816 3.315476 -35.071426
v -62.848816 186.708337 -35.071426
v -63.319049 186.708337 -40.863095
v -63.319049 3.315476 -40.863095
v -62.848816 186.708337 -35.071426
v -63.319049 3.315476 -40.863095
v -62.848816 3.315476 -35.071426
v -62.848816 186.708337 -35.071426
v -63.319049 3.315476 -40.863095
v -63.319049 186.708337 -40.863095
v -63.384528 186.708337 -71.285714
v -63.384528 3.315476 -71.285714
v -63.319049 186.708337 -40.863095
v -63.384528 3.315476 -71.285714
v -63.319049 3.315476 -40.863095
v -63.319049 186.708337 -40.863095
v -63.384528 3.315476 -71.285714
v -63.384528 186.708337 -71.285714
v -62.616669 186.708337 -71.315476
v -62.616669 3.315476 -71.315476
v -63.384528 186.708337 -71.285714
v -62.616669 3.315476 -71.315476
v -63.384528 3.315476 -71.285714
v -63.384528 186.708337 -71.285714
v -62.616669 3.315476 -71.315476
v -62.616669 186.708337 -71.315476
v -62.545239 186.708337 -40.880951
v -62.545239 3.315476 -40.880951
v -62.616669 186.708337 -71.315476
v -62.545239 3.315476 -40.880951
v -62.616669 3.315476 -71.315476
v -62.616669 186.708337 -71.315476
v -62.545239 3.315476 -40.880951
v -62.545239 186.708337 -40.880951
v -62.086908 186.708337 -35.172617
v -62.086908 3.315476 -35.172617
v -62.545239 186.708337 -40.880951
v -62.086908 3.315476 -35.172617
v -62.545239 3.315476 -40.880951
v -62.545239 186.708337 -40.880951
v -62.086908 3.315476 -35.172617
v -62.086908 186.708337 -35.172617
v -61.027386 186.708337 -29.541666
v -61.027386 3.315476 -29.541666
v -62.086908 186.708337 -35.172617
v -61.027386 3.315476 -29.541666
v -62.086908 3.315476 -35.172617
v -62.086908 186.708337 -35.172617
v -61.027386 3.315476 -29.541666
v -22.896429 186.708337 9.619049
v -17.295239 186.708337 10.827386
v -17.295239 3.315476 10.827386
v -22.896429 186.708337 9.619049
v -17.295239 3.315476 10.827386
v -22.896429 3.315476 9.619049
v -22.896429 186.708337 9.619049
v -17.295239 3.315476 10.827386
v -17.295239 186.708337 10.827386
v -11.59881 186.708337 11.434528
v -11.59881 3.315476 11.434528
v -17.295239 186.708337 10.827386
v -11.59881 3.315476 11.434528
v -17.295239 3.315476 10.827386
v -17.295239 186.708337 10.827386
v -11.59881 3.315476 11.434528
v -11.59881 186.708337 11.434528
v -5.866669 186.708337 11.434528
v -5.866669 3.315476 11.434528
v -11.59881 186.708337 11.434528
v -5.866669 3.315476 11.434528
v -11.59881 3.315476 11.434528
v -11.59881 186.708337 11.434528
v -5.866669 3.315476 11.434528
v -5.866669 186.708337 11.434528
v 21.425 186.708337 11.428577
v 21.425 3.315476 11.428577
v -5.866669 186.708337 11.434528
v 21.425 3.315476 11.428577
v -5.866669 3.315476 11.434528
v -5.866669 186.708337 11.434528
v 21.425 3.315476 11.428577
v -63.384528 186.708337 -71.285714
v -63.319049 186.708337 -40.863095
v -62.545239 186.708337 -40.880951
v -63.384528 186.708337 -71.285714
v -62.545239 186.708337 -40.880951
v -62.616669 186.708337 -71.315476
v -63.384528 186.708337 -71.285714
v -62.545239 186.708337 -40.880951
v -63.319049 186.708337 -40.863095
v -62.848816 186.708337 -35.071426
v -62.086908 186.708337 -35.172617
v -63.319049 186.708337 -40.863095
v -62.086908 186.708337 -35.172617
v -62.545239 186.708337 -40.880951
v -63.319049 186.708337 -40.863095
v -62.086908 186.708337 -35.172617
v -62.848816 186.708337 -35.071426
v -61.777386 186.708337 -29.363092
v -61.027386 186.708337 -29.541666
v -62.848816 186.708337 -35.071426
v -61.027386 186.708337 -29.541666
v -62.086908 186.708337 -35.172617
v -62.848816 186.708337 -35.071426
v -61.027386 186.708337 -29.541666
v -61.777386 186.708337 -29.363092
v -60.098816 186.708337 -23.791663
v -59.366669 186.708337 -24.065472
v -61.777386 186.708337 -29.363092
v -59.366669 186.708337 -24.065472
v -61.027386 186.708337 -29.541666
v -61.777386 186.708337 -29.363092
v -59.366669 186.708337 -24.065472
v -60.854767 185.565479 -28.374997
v -60.854767 4.446429 -28.374997
v -60.694049 4.446429 -28.464282
v -60.854767 185.565479 -28.374997
v -60.694049 4.446429 -28.464282
v -60.694049 185.565479 -28.464282
v -60.854767 185.565479 -28.374997
v -60.694049 4.446429 -28.464282
v -59.366669 185.565479 -24.065472
v -60.694049 185.565479 -28.464282
v -61.027386 186.708337 -29.541666
v -59.366669 185.565479 -24.065472
v -61.027386 186.708337 -29.541666
v -59.366669 186.708337 -24.065472
v -59.366669 185.565479 -24.065472
v -61.027386 186.708337 -29.541666
v -60.694049 185.565479 -28.464282
v -60.694049 4.446429 -28.464282
v -61.027386 3.315476 -29.541666
v -60.694049 185.565479 -28.464282
v -61.027386 3.315476 -29.541666
v -61.027386 186.708337 -29.541666
v -60.694049 185.565479 -28.464282
v -61.027386 3.315476 -29.541666
v -24.069049 4.446429 9.404767
v -24.069049 185.565479 9.404767
v -23.979764 185.565479 9.255957
v -24.069049 4.446429 9.404767
v -23.979764 185.565479 9.255957
v -23.979764 4.446429 9.255957
v -24.069049 4.446429 9.404767
v -23.979764 185.565479 9.255957
v -23.979764 4.446429 9.255957
v -23.979764 185.565479 9.255957
v -22.896429 186.708337 9.619049
v -23.979764 4.446429 9.255957
v -22.896429 186.708337 9.619049
v -22.896429 3.315476 9.619049
v -23.979764 4.446429 9.255957
v -22.896429 186.708337 9.619049
v -60.944049 4.446429 -28.553571
v -60.944049 185.565479 -28.553571
v -61.444049 185.565479 -28.273807
v -60.944049 4.446429 -28.553571
v -61.444049 185.565479 -28.273807
v -61.444049 4.446429 -28.273807
v -60.944049 4.446429 -28.553571
v -61.444049 185.565479 -28.273807
v -61.444049 4.446429 -28.273807
v -61.444049 185.565479 -28.273807
v -61.777386 186.708337 -29.363092
v -61.444049 4.446429 -28.273807
v -61.777386 186.708337 -29.363092
v -61.777386 3.315476 -29.363092
v -61.444049 4.446429 -28.273807
v -61.777386 186.708337 -29.363092
v -60.098816 186.708337 -23.791663
v -61.777386 186.708337 -29.363092
v -61.444049 185.565479 -28.273807
v -60.098816 186.708337 -23.791663
v -23.884525 185.565479 9.505957
v -23.884525 4.446429 9.505957
v -24.176193 4.446429 9.994049
v -23.884525 185.565479 9.505957
v -24.176193 4.446429 9.994049
v -24.176193 185.565479 9.994049
v -23.884525 185.565479 9.505957
v -24.176193 4.446429 9.994049
v -24.176193 185.565479 9.994049
v -24.176193 4.446429 9.994049
v -23.098813 3.315476 10.357147
v -24.176193 185.565479 9.994049
v -23.098813 3.315476 10.357147
v -23.098813 186.708337 10.357147
v -24.176193 185.565479 9.994049
v -23.098813 3.315476 10.357147
v -23.884525 185.565479 9.505957
v -28.325 185.565479 8.047626
v -28.325 4.446429 8.047626
v -23.884525 185.565479 9.505957
v -28.325 4.446429 8.047626
v -23.884525 4.446429 9.505957
v -23.884525 185.565479 9.505957
v -28.325 4.446429 8.047626
v -28.325 185.565479 8.047626
v -33.616669 185.565479 5.636908
v -33.616669 4.446429 5.636908
v -28.325 185.565479 8.047626
v -33.616669 4.446429 5.636908
v -28.325 4.446429 8.047626
v -28.325 185.565479 8.047626
v -33.616669 4.446429 5.636908
v -33.616669 185.565479 5.636908
v -38.628577 185.565479 2.684528
v -38.628577 4.446429 2.684528
v -33.616669 185.565479 5.636908
v -38.628577 4.446429 2.684528
v -33.616669 4.446429 5.636908
v -33.616669 185.565479 5.636908
v -38.628577 4.446429 2.684528
v -38.628577 185.565479 2.684528
v -43.295239 185.565479 -0.773804
v -43.295239 4.446429 -0.773804
v -38.628577 185.565479 2.684528
v -43.295239 4.446429 -0.773804
v -38.628577 4.446429 2.684528
v -38.628577 185.565479 2.684528
v -43.295239 4.446429 -0.773804
v -43.295239 185.565479 -0.773804
v -46.729767 185.565479 -3.95238
v -46.729767 4.446429 -3.95238
v -43.295239 185.565479 -0.773804
v -46.729767 4.446429 -3.95238
v -43.295239 4.446429 -0.773804
v -43.295239 185.565479 -0.773804
v -46.729767 4.446429 -3.95238
v -48.104767 185.565479 -5.35119
v -51.188098 185.565479 -8.874994
v -51.188098 4.446429 -8.874994
v -48.104767 185.565479 -5.35119
v -51.188098 4.446429 -8.874994
v -48.104767 4.446429 -5.35119
v -48.104767 185.565479 -5.35119
v -51.188098 4.446429 -8.874994
v -51.188098 185.565479 -8.874994
v -54.527386 185.565479 -13.630951
v -54.527386 4.446429 -13.630951
v -51.188098 185.565479 -8.874994
v -54.527386 4.446429 -13.630951
v -51.188098 4.446429 -8.874994
v -51.188098 185.565479 -8.874994
v -54.527386 4.446429 -13.630951
v -54.527386 185.565479 -13.630951
v -57.336908 185.565479 -18.714282
v -57.336908 4.446429 -18.714282
v -54.527386 185.565479 -13.630951
v -57.336908 4.446429 -18.714282
v -54.527386 4.446429 -13.630951
v -54.527386 185.565479 -13.630951
v -57.336908 4.446429 -18.714282
v -57.336908 185.565479 -18.714282
v -59.598816 185.565479 -24.071423
v -59.598816 4.446429 -24.071423
v -57.336908 185.565479 -18.714282
v -59.598816 4.446429 -24.071423
v -57.336908 4.446429 -18.714282
v -57.336908 185.565479 -18.714282
v -59.598816 4.446429 -24.071423
v -59.598816 185.565479 -24.071423
v -60.944049 185.565479 -28.553571
v -60.944049 4.446429 -28.553571
v -59.598816 185.565479 -24.071423
v -60.944049 4.446429 -28.553571
v -59.598816 4.446429 -24.071423
v -59.598816 185.565479 -24.071423
v -60.944049 4.446429 -28.553571
v -60.854767 185.565479 -28.374997
v -59.527386 185.565479 -23.970233
v -59.527386 4.446429 -23.970233
v -60.854767 185.565479 -28.374997
v -59.527386 4.446429 -23.970233
v -60.854767 4.446429 -28.374997
v -60.854767 185.565479 -28.374997
v -59.527386 4.446429 -23.970233
v -59.527386 185.565479 -23.970233
v -57.295239 185.565479 -18.690472
v -57.295239 4.446429 -18.690472
v -59.527386 185.565479 -23.970233
v -57.295239 4.446429 -18.690472
v -59.527386 4.446429 -23.970233
v -59.527386 185.565479 -23.970233
v -57.295239 4.446429 -18.690472
v -57.295239 185.565479 -18.690472
v -54.527386 185.565479 -13.684521
v -54.527386 4.446429 -13.684521
v -57.295239 185.565479 -18.690472
v -54.527386 4.446429 -13.684521
v -57.295239 4.446429 -18.690472
v -57.295239 185.565479 -18.690472
v -54.527386 4.446429 -13.684521
v -54.527386 185.565479 -13.684521
v -51.229767 185.565479 -8.994043
v -51.229767 4.446429 -8.994043
v -54.527386 185.565479 -13.684521
v -51.229767 4.446429 -8.994043
v -54.527386 4.446429 -13.684521
v -54.527386 185.565479 -13.684521
v -51.229767 4.446429 -8.994043
v -51.229767 185.565479 -8.994043
v -48.205957 185.565479 -5.535712
v -48.205957 4.446429 -5.535712
v -51.229767 185.565479 -8.994043
v -48.205957 4.446429 -5.535712
v -51.229767 4.446429 -8.994043
v -51.229767 185.565479 -8.994043
v -48.205957 4.446429 -5.535712
v -46.557147 185.565479 -3.845233
v -43.176196 185.565479 -0.720233
v -43.176196 4.446429 -0.720233
v -46.557147 185.565479 -3.845233
v -43.176196 4.446429 -0.720233
v -46.557147 4.446429 -3.845233
v -46.557147 185.565479 -3.845233
v -43.176196 4.446429 -0.720233
v -43.176196 185.565479 -0.720233
v -38.575 185.565479 2.684528
v -38.575 4.446429 2.684528
v -43.176196 185.565479 -0.720233
v -38.575 4.446429 2.684528
v -43.176196 4.446429 -0.720233
v -43.176196 185.565479 -0.720233
v -38.575 4.446429 2.684528
v -38.575 185.565479 2.684528
v -33.646429 185.565479 5.595239
v -33.646429 4.446429 5.595239
v -38.575 185.565479 2.684528
v -33.646429 4.446429 5.595239
v -38.575 4.446429 2.684528
v -38.575 185.565479 2.684528
v -33.646429 4.446429 5.595239
v -33.646429 185.565479 5.595239
v -28.42619 185.565479 7.964288
v -28.42619 4.446429 7.964288
v -33.646429 185.565479 5.595239
v -28.42619 4.446429 7.964288
v -33.646429 4.446429 5.595239
v -33.646429 185.565479 5.595239
v -28.42619 4.446429 7.964288
v -28.42619 185.565479 7.964288
v -24.069049 185.565479 9.404767
v -24.069049 4.446429 9.404767
v -28.42619 185.565479 7.964288
v -24.069049 4.446429 9.404767
v -28.42619 4.446429 7.964288
v -28.42619 185.565479 7.964288
v -24.069049 4.446429 9.404767

vt 0.74999 0.547014 0
vt 0.75001 0.452986 0
vt 1.24999 0.452986 0
vt 0.74999 0.547014 0
vt 0.24999 0.452986 0
vt 0.25001 0.547014 0
vt 0.74999 0.547014 0
vt 0.24999 0.452986 0
vt 0.75001 0.452986 0
vt 0.75001 0.433461 0
vt 1.24999 0.433461 0
vt 0.75001 0.452986 0
vt 0.24999 0.433461 0
vt 1.24999 0.452986 0
vt 0.24999 0.452986 0
vt 0.75001 0.452986 0
vt 1.24999 0.433461 0
vt 0.24999 0.433461 0
vt 0.75001 0.433461 0
vt 0.748936 0.414528 0
vt 0.251064 0.414528 0
vt 0.75001 0.433461 0
vt 0.251064 0.414528 0
vt 1.24999 0.433461 0
vt 0.24999 0.433461 0
vt 0.75001 0.433461 0
vt 1.251064 0.414528 0
vt 0.251064 0.414528 0
vt 0.748936 0.414528 0
vt 0.746798 0.396507 0
vt 0.253202 0.396507 0
vt 0.748936 0.414528 0
vt 0.253202 0.396507 0
vt 0.251064 0.414528 0
vt 0.748936 0.414528 0
vt 0.253202 0.396507 0
vt 0.682265 0.307472 0
vt 0.674241 0.30883 0
vt 0.325759 0.30883 0
vt 0.682265 0.307472 0
vt 0.325759 0.30883 0
vt 0.317735 0.307472 0
vt 0.682265 0.307472 0
vt 0.325759 0.30883 0
vt 0.674241 0.30883 0
vt 0.666505 0.31178 0
vt 0.333495 0.31178 0
vt 0.674241 0.30883 0
vt 0.333495 0.31178 0
vt 0.325759 0.30883 0
vt 0.674241 0.30883 0
vt 0.333495 0.31178 0
vt 0.666505 0.31178 0
vt 0.632452 0.334095 0
vt 0.367548 0.334095 0
vt 0.666505 0.31178 0
vt 0.367548 0.334095 0
vt 0.333495 0.31178 0
vt 0.666505 0.31178 0
vt 0.367548 0.334095 0
vt 0.632452 0.334095 0
vt 0.632424 0.335603 0
vt 0.367576 0.335603 0
vt 0.632452 0.334095 0
vt 0.367576 0.335603 0
vt 0.367548 0.334095 0
vt 0.632452 0.334095 0
vt 0.367576 0.335603 0
vt 0.632424 0.335603 0
vt 0.666481 0.3134 0
vt 0.333519 0.3134 0
vt 0.632424 0.335603 0
vt 0.333519 0.3134 0
vt 0.367576 0.335603 0
vt 0.632424 0.335603 0
vt 0.333519 0.3134 0
vt 0.666481 0.3134 0
vt 0.674102 0.310502 0
vt 0.325898 0.310502 0
vt 0.666481 0.3134 0
vt 0.325898 0.310502 0
vt 0.333519 0.3134 0
vt 0.666481 0.3134 0
vt 0.325898 0.310502 0
vt 0.674102 0.310502 0
vt 0.682008 0.309191 0
vt 0.317992 0.309191 0
vt 0.674102 0.310502 0
vt 0.317992 0.309191 0
vt 0.325898 0.310502 0
vt 0.674102 0.310502 0
vt 0.317992 0.309191 0
vt 0.745517 0.397157 0
vt 0.747614 0.414919 0
vt 0.252386 0.414919 0
vt 0.745517 0.397157 0
vt 0.252386 0.414919 0
vt 0.254483 0.397157 0
vt 0.745517 0.397157 0
vt 0.252386 0.414919 0
vt 0.747614 0.414919 0
vt 0.748667 0.433581 0
vt 0.251333 0.433581 0
vt 0.747614 0.414919 0
vt 0.251333 0.433581 0
vt 0.252386 0.414919 0
vt 0.747614 0.414919 0
vt 0.251333 0.433581 0
vt 0.748667 0.433581 0
vt 0.748667 0.452846 0
vt 0.251333 0.452846 0
vt 0.748667 0.433581 0
vt 0.251333 0.452846 0
vt 0.251333 0.433581 0
vt 0.748667 0.433581 0
vt 0.251333 0.452846 0
vt 0.748667 0.452846 0
vt 0.748657 0.546891 0
vt 0.251343 0.546891 0
vt 0.748667 0.452846 0
vt 0.251343 0.546891 0
vt 0.251333 0.452846 0
vt 0.748667 0.452846 0
vt 0.251343 0.546891 0
vt 0.632452 0.334095 0
vt 0.666505 0.31178 0
vt 0.666481 0.3134 0
vt 0.632452 0.334095 0
vt 0.666481 0.3134 0
vt 0.632424 0.335603 0
vt 0.632452 0.334095 0
vt 0.666481 0.3134 0
vt 0.666505 0.31178 0
vt 0.674241 0.30883 0
vt 0.674102 0.310502 0
vt 0.666505 0.31178 0
vt 0.674102 0.310502 0
vt 0.666481 0.3134 0
vt 0.666505 0.31178 0
vt 0.674102 0.310502 0
vt 0.674241 0.30883 0
vt 0.682265 0.307472 0
vt 0.682008 0.309191 0
vt 0.674241 0.30883 0
vt 0.682008 0.309191 0
vt 0.674102 0.310502 0
vt 0.674241 0.30883 0
vt 0.682008 0.309191 0
vt 0.682265 0.307472 0
vt 0.690467 0.307864 0
vt 0.690056 0.309624 0
vt 0.682265 0.307472 0
vt 0.690056 0.309624 0
vt 0.682008 0.309191 0
vt 0.682265 0.307472 0
vt 0.690056 0.309624 0
vt 0.682952 0.307303 0
vt 0.31704 0.307319 0
vt 0.317171 0.307723 0
vt 0.682952 0.307303 0
vt 0.317171 0.307723 0
vt 0.682821 0.307706 0
vt 0.682952 0.307303 0
vt 0.317171 0.307723 0
vt 0.68937 0.308017 0
vt 0.682821 0.307706 0
vt 0.682008 0.309191 0
vt 0.68937 0.308017 0
vt 0.682008 0.309191 0
vt 0.690056 0.309624 0
vt 0.68937 0.308017 0
vt 0.682008 0.309191 0
vt 0.682821 0.307706 0
vt 0.317171 0.307723 0
vt 0.317992 0.309191 0
vt 0.682821 0.307706 0
vt 0.317992 0.309191 0
vt 0.682008 0.309191 0
vt 0.682821 0.307706 0
vt 0.317992 0.309191 0
vt 0.254915 0.392289 0
vt 0.745085 0.392276 0
vt 0.744823 0.392561 0
vt 0.254915 0.392289 0
vt 0.744823 0.392561 0
vt 0.255176 0.392574 0
vt 0.254915 0.392289 0
vt 0.744823 0.392561 0
vt 0.255176 0.392574 0
vt 0.744823 0.392561 0
vt 0.745517 0.397157 0
vt 0.255176 0.392574 0
vt 0.745517 0.397157 0
vt 0.254483 0.397157 0
vt 0.255176 0.392574 0
vt 0.745517 0.397157 0
vt 0.317301 0.307235 0
vt 0.682691 0.307219 0
vt 0.6831 0.305966 0
vt 0.317301 0.307235 0
vt 0.6831 0.305966 0
vt 0.316892 0.305982 0
vt 0.317301 0.307235 0
vt 0.6831 0.305966 0
vt 0.316892 0.305982 0
vt 0.6831 0.305966 0
vt 0.682265 0.307472 0
vt 0.316892 0.305982 0
vt 0.682265 0.307472 0
vt 0.317735 0.307472 0
vt 0.316892 0.305982 0
vt 0.682265 0.307472 0
vt 0.690467 0.307864 0
vt 0.682265 0.307472 0
vt 0.6831 0.305966 0
vt 0.690467 0.307864 0
vt 0.745262 0.39285 0
vt 0.254737 0.392863 0
vt 0.25388 0.391937 0
vt 0.745262 0.39285 0
vt 0.25388 0.391937 0
vt 0.746119 0.391923 0
vt 0.745262 0.39285 0
vt 0.25388 0.391937 0
vt 0.746119 0.391923 0
vt 0.25388 0.391937 0
vt 0.253202 0.396507 0
vt 0.746119 0.391923 0
vt 0.253202 0.396507 0
vt 0.746798 0.396507 0
vt 0.746119 0.391923 0
vt 0.253202 0.396507 0
vt 0.745262 0.39285 0
vt 0.742703 0.379234 0
vt 0.257296 0.379249 0
vt 0.745262 0.39285 0
vt 0.257296 0.379249 0
vt 0.254737 0.392863 0
vt 0.745262 0.39285 0
vt 0.257296 0.379249 0
vt 0.742703 0.379234 0
vt 0.738481 0.363719 0
vt 0.261518 0.363735 0
vt 0.742703 0.379234 0
vt 0.261518 0.363735 0
vt 0.257296 0.379249 0
vt 0.742703 0.379234 0
vt 0.261518 0.363735 0
vt 0.738481 0.363719 0
vt 0.733333 0.349853 0
vt 0.266665 0.34987 0
vt 0.738481 0.363719 0
vt 0.266665 0.34987 0
vt 0.261518 0.363735 0
vt 0.738481 0.363719 0
vt 0.266665 0.34987 0
vt 0.733333 0.349853 0
vt 0.727348 0.337811 0
vt 0.27265 0.337829 0
vt 0.733333 0.349853 0
vt 0.27265 0.337829 0
vt 0.266665 0.34987 0
vt 0.733333 0.349853 0
vt 0.27265 0.337829 0
vt 0.727348 0.337811 0
vt 0.721902 0.329619 0
vt 0.278094 0.329636 0
vt 0.727348 0.337811 0
vt 0.278094 0.329636 0
vt 0.27265 0.337829 0
vt 0.727348 0.337811 0
vt 0.278094 0.329636 0
vt 0.719526 0.326514 0
vt 0.713603 0.319993 0
vt 0.286392 0.320011 0
vt 0.719526 0.326514 0
vt 0.286392 0.320011 0
vt 0.28047 0.326532 0
vt 0.719526 0.326514 0
vt 0.286392 0.320011 0
vt 0.713603 0.319993 0
vt 0.705771 0.313847 0
vt 0.294224 0.313865 0
vt 0.713603 0.319993 0
vt 0.294224 0.313865 0
vt 0.286392 0.320011 0
vt 0.713603 0.319993 0
vt 0.294224 0.313865 0
vt 0.705771 0.313847 0
vt 0.697636 0.309712 0
vt 0.302357 0.309729 0
vt 0.705771 0.313847 0
vt 0.302357 0.309729 0
vt 0.294224 0.313865 0
vt 0.705771 0.313847 0
vt 0.302357 0.309729 0
vt 0.697636 0.309712 0
vt 0.689361 0.307507 0
vt 0.310632 0.307524 0
vt 0.697636 0.309712 0
vt 0.310632 0.307524 0
vt 0.302357 0.309729 0
vt 0.697636 0.309712 0
vt 0.310632 0.307524 0
vt 0.689361 0.307507 0
vt 0.682691 0.307219 0
vt 0.317301 0.307235 0
vt 0.689361 0.307507 0
vt 0.317301 0.307235 0
vt 0.310632 0.307524 0
vt 0.689361 0.307507 0
vt 0.317301 0.307235 0
vt 0.682952 0.307303 0
vt 0.689515 0.307608 0
vt 0.310478 0.307625 0
vt 0.682952 0.307303 0
vt 0.310478 0.307625 0
vt 0.31704 0.307319 0
vt 0.682952 0.307303 0
vt 0.310478 0.307625 0
vt 0.689515 0.307608 0
vt 0.697674 0.309795 0
vt 0.30232 0.309812 0
vt 0.689515 0.307608 0
vt 0.30232 0.309812 0
vt 0.310478 0.307625 0
vt 0.689515 0.307608 0
vt 0.30232 0.309812 0
vt 0.697674 0.309795 0
vt 0.705684 0.31387 0
vt 0.294311 0.313888 0
vt 0.697674 0.309795 0
vt 0.294311 0.313888 0
vt 0.30232 0.309812 0
vt 0.697674 0.309795 0
vt 0.294311 0.313888 0
vt 0.705684 0.31387 0
vt 0.713405 0.319934 0
vt 0.286591 0.319952 0
vt 0.705684 0.31387 0
vt 0.286591 0.319952 0
vt 0.294311 0.313888 0
vt 0.705684 0.31387 0
vt 0.286591 0.319952 0
vt 0.713405 0.319934 0
vt 0.719214 0.326313 0
vt 0.280782 0.326331 0
vt 0.713405 0.319934 0
vt 0.280782 0.326331 0
vt 0.286591 0.319952 0
vt 0.713405 0.319934 0
vt 0.280782 0.326331 0
vt 0.722085 0.330032 0
vt 0.72744 0.338116 0
vt 0.272557 0.338133 0
vt 0.722085 0.330032 0
vt 0.272557 0.338133 0
vt 0.277912 0.33005 0
vt 0.722085 0.330032 0
vt 0.272557 0.338133 0
vt 0.72744 0.338116 0
vt 0.733333 0.350002 0
vt 0.266665 0.350019 0
vt 0.72744 0.338116 0
vt 0.266665 0.350019 0
vt 0.272557 0.338133 0
vt 0.72744 0.338116 0
vt 0.266665 0.350019 0
vt 0.733333 0.350002 0
vt 0.738408 0.363637 0
vt 0.261591 0.363652 0
vt 0.733333 0.350002 0
vt 0.261591 0.363652 0
vt 0.266665 0.350019 0
vt 0.733333 0.350002 0
vt 0.261591 0.363652 0
vt 0.738408 0.363637 0
vt 0.742557 0.378933 0
vt 0.257442 0.378947 0
vt 0.738408 0.363637 0
vt 0.257442 0.378947 0
vt 0.261591 0.363652 0
vt 0.738408 0.363637 0
vt 0.257442 0.378947 0
vt 0.742557 0.378933 0
vt 0.745085 0.392276 0
vt 0.254915 0.392289 0
vt 0.742557 0.378933 0
vt 0.254915 0.392289 0
vt 0.257442 0.378947 0
vt 0.742557 0.378933 0
vt 0.254915 0.392289 0

f 8136/8152 8134/8150 8133/8149 
f 8136/8152 8135/8151 8134/8150 
f 8140/8156 8138/8154 8137/8153 
f 8140/8156 8139/8155 8138/8154 
f 8144/8160 8142/8158 8141/8157 
f 8144/8160 8143/8159 8142/8158 
f 8148/8166 8146/8163 8145/8161 
f 8148/8165 8147/8164 8146/8162 
f 8152/8170 8150/8168 8149/8167 
f 8152/8170 8151/8169 8150/8168 
f 8156/8176 8154/8173 8153/8171 
f 8156/8175 8155/8174 8154/8172 
f 8160/8180 8158/8178 8157/8177 
f 8160/8180 8159/8179 8158/8178 
f 8164/8184 8162/8182 8161/8181 
f 8164/8184 8163/8183 8162/8182 
f 8168/8188 8166/8186 8165/8185 
f 8168/8188 8167/8187 8166/8186 
f 8172/8192 8170/8190 8169/8189 
f 8172/8192 8171/8191 8170/8190 
f 8176/8196 8174/8194 8173/8193 
f 8176/8196 8175/8195 8174/8194 
f 8180/8200 8178/8198 8177/8197 
f 8180/8200 8179/8199 8178/8198 
f 8184/8204 8182/8202 8181/8201 
f 8184/8204 8183/8203 8182/8202 
f 8188/8208 8186/8206 8185/8205 
f 8188/8208 8187/8207 8186/8206 
f 8192/8212 8190/8210 8189/8209 
f 8192/8212 8191/8211 8190/8210 
f 8196/8216 8194/8214 8193/8213 
f 8196/8216 8195/8215 8194/8214 
f 8200/8220 8198/8218 8197/8217 
f 8200/8220 8199/8219 8198/8218 
f 8204/8224 8202/8222 8201/8221 
f 8204/8224 8203/8223 8202/8222 
f 8208/8228 8206/8226 8205/8225 
f 8208/8228 8207/8227 8206/8226 
f 8212/8232 8210/8230 8209/8229 
f 8212/8232 8211/8231 8210/8230 
f 8216/8236 8214/8234 8213/8233 
f 8216/8236 8215/8235 8214/8234 
f 8220/8240 8218/8238 8217/8237 
f 8220/8240 8219/8239 8218/8238 
f 8224/8244 8222/8242 8221/8241 
f 8224/8244 8223/8243 8222/8242 
f 8228/8248 8226/8246 8225/8245 
f 8228/8248 8227/8247 8226/8246 
f 8232/8252 8230/8250 8229/8249 
f 8232/8252 8231/8251 8230/8250 
f 8236/8256 8234/8254 8233/8253 
f 8236/8256 8235/8255 8234/8254 
f 8240/8260 8238/8258 8237/8257 
f 8240/8260 8239/8259 8238/8258 
f 8244/8264 8242/8262 8241/8261 
f 8244/8264 8243/8263 8242/8262 
f 8248/8268 8246/8266 8245/8265 
f 8248/8268 8247/8267 8246/8266 
f 8252/8272 8250/8270 8249/8269 
f 8252/8272 8251/8271 8250/8270 
f 8256/8276 8254/8274 8253/8273 
f 8256/8276 8255/8275 8254/8274 
f 8260/8280 8258/8278 8257/8277 
f 8260/8280 8259/8279 8258/8278 
f 8264/8284 8262/8282 8261/8281 
f 8264/8284 8263/8283 8262/8282 
f 8268/8288 8266/8286 8265/8285 
f 8268/8288 8267/8287 8266/8286 
f 8272/8292 8270/8290 8269/8289 
f 8272/8292 8271/8291 8270/8290 
f 8276/8296 8274/8294 8273/8293 
f 8276/8296 8275/8295 8274/8294 
f 8280/8300 8278/8298 8277/8297 
f 8280/8300 8279/8299 8278/8298 
f 8284/8304 8282/8302 8281/8301 
f 8284/8304 8283/8303 8282/8302 
f 8288/8308 8286/8306 8285/8305 
f 8288/8308 8287/8307 8286/8306 
f 8292/8312 8290/8310 8289/8309 
f 8292/8312 8291/8311 8290/8310 
f 8296/8316 8294/8314 8293/8313 
f 8296/8316 8295/8315 8294/8314 
f 8300/8320 8298/8318 8297/8317 
f 8300/8320 8299/8319 8298/8318 
f 8304/8324 8302/8322 8301/8321 
f 8304/8324 8303/8323 8302/8322 
f 8308/8328 8306/8326 8305/8325 
f 8308/8328 8307/8327 8306/8326 
f 8312/8332 8310/8330 8309/8329 
f 8312/8332 8311/8331 8310/8330 
f 8316/8336 8314/8334 8313/8333 
f 8316/8336 8315/8335 8314/8334 
f 8320/8340 8318/8338 8317/8337 
f 8320/8340 8319/8339 8318/8338 
f 8324/8344 8322/8342 8321/8341 
f 8324/8344 8323/8343 8322/8342 
f 8328/8348 8326/8346 8325/8345 
f 8328/8348 8327/8347 8326/8346 
f 8332/8352 8330/8350 8329/8349 
f 8332/8352 8331/8351 8330/8350 
f 8336/8356 8334/8354 8333/8353 
f 8336/8356 8335/8355 8334/8354 
f 8340/8360 8338/8358 8337/8357 
f 8340/8360 8339/8359 8338/8358 
f 8344/8364 8342/8362 8341/8361 
f 8344/8364 8343/8363 8342/8362 
f 8348/8368 8346/8366 8345/8365 
f 8348/8368 8347/8367 8346/8366 
f 8352/8372 8350/8370 8349/8369 
f 8352/8372 8351/8371 8350/8370 
f 8356/8376 8354/8374 8353/8373 
f 8356/8376 8355/8375 8354/8374 
f 8360/8380 8358/8378 8357/8377 
f 8360/8380 8359/8379 8358/8378 
f 8364/8384 8362/8382 8361/8381 
f 8364/8384 8363/8383 8362/8382 
f 8368/8388 8366/8386 8365/8385 
f 8368/8388 8367/8387 8366/8386 
f 8372/8392 8370/8390 8369/8389 
f 8372/8392 8371/8391 8370/8390 
f 8376/8396 8374/8394 8373/8393 
f 8376/8396 8375/8395 8374/8394 
f 8380/8400 8378/8398 8377/8397 
f 8380/8400 8379/8399 8378/8398 
f 8384/8404 8382/8402 8381/8401 
f 8384/8404 8383/8403 8382/8402 
f 8388/8408 8386/8406 8385/8405 
f 8388/8408 8387/8407 8386/8406 
f 8392/8412 8390/8410 8389/8409 
f 8392/8412 8391/8411 8390/8410 
f 8396/8416 8394/8414 8393/8413 
f 8396/8416 8395/8415 8394/8414 
f 8400/8420 8398/8418 8397/8417 
f 8400/8420 8399/8419 8398/8418 
f 8404/8424 8402/8422 8401/8421 
f 8404/8424 8403/8423 8402/8422 
f 8408/8428 8406/8426 8405/8425 
f 8408/8428 8407/8427 8406/8426 
f 8412/8432 8410/8430 8409/8429 
f 8412/8432 8411/8431 8410/8430 
f 8416/8436 8414/8434 8413/8433 
f 8416/8436 8415/8435 8414/8434 
f 8420/8440 8418/8438 8417/8437 
f 8420/8440 8419/8439 8418/8438 
f 8424/8444 8422/8442 8421/8441 
f 8424/8444 8423/8443 8422/8442 
f 8428/8448 8426/8446 8425/8445 
f 8428/8448 8427/8447 8426/8446 
f 8432/8452 8430/8450 8429/8449 
f 8432/8452 8431/8451 8430/8450 
f 8436/8456 8434/8454 8433/8453 
f 8436/8456 8435/8455 8434/8454 
f 8440/8460 8438/8458 8437/8457 
f 8440/8460 8439/8459 8438/8458 
f 8444/8464 8442/8462 8441/8461 
f 8444/8464 8443/8463 8442/8462 
f 8448/8468 8446/8466 8445/8465 
f 8448/8468 8447/8467 8446/8466 
f 8452/8472 8450/8470 8449/8469 
f 8452/8472 8451/8471 8450/8470 
f 8456/8476 8454/8474 8453/8473 
f 8456/8476 8455/8475 8454/8474 
f 8460/8480 8458/8478 8457/8477 
f 8460/8480 8459/8479 8458/8478 
f 8464/8484 8462/8482 8461/8481 
f 8464/8484 8463/8483 8462/8482 
f 8468/8488 8466/8486 8465/8485 
f 8468/8488 8467/8487 8466/8486 
f 8472/8492 8470/8490 8469/8489 
f 8472/8492 8471/8491 8470/8490 
f 8476/8496 8474/8494 8473/8493 
f 8476/8496 8475/8495 8474/8494 
f 8480/8500 8478/8498 8477/8497 
f 8480/8500 8479/8499 8478/8498 
f 8484/8504 8482/8502 8481/8501 
f 8484/8504 8483/8503 8482/8502 
f 8488/8508 8486/8506 8485/8505 
f 8488/8508 8487/8507 8486/8506 
f 8492/8512 8490/8510 8489/8509 
f 8492/8512 8491/8511 8490/8510 
f 8496/8516 8494/8514 8493/8513 
f 8496/8516 8495/8515 8494/8514 
f 8500/8520 8498/8518 8497/8517 
f 8500/8520 8499/8519 8498/8518 
f 8504/8524 8502/8522 8501/8521 
f 8504/8524 8503/8523 8502/8522 
f 8508/8528 8506/8526 8505/8525 
f 8508/8528 8507/8527 8506/8526 
f 8512/8532 8510/8530 8509/8529 
f 8512/8532 8511/8531 8510/8530 
f 8516/8536 8514/8534 8513/8533 
f 8516/8536 8515/8535 8514/8534 
f 8520/8540 8518/8538 8517/8537 
f 8520/8540 8519/8539 8518/8538 

